"","plot_id","year","Tmin","Tmax","Prcp"
"1","ADO01",1950,3.4833698630137,15.6234520547945,336.59
"2","ADO01",1951,2.39947945205479,13.3076164383562,646.14
"3","ADO01",1952,2.20614754098361,14.7448087431694,502.06
"4","ADO01",1953,3.10567123287671,15.1317260273973,335.74
"5","ADO01",1954,2.7458904109589,14.6279178082192,380.61
"6","ADO01",1955,4.48361643835616,15.3264383561644,629.26
"7","ADO01",1956,2.03806010928962,13.4033333333333,484.91
"8","ADO01",1957,2.79082191780822,14.675397260274,505.33
"9","ADO01",1958,3.75117808219178,14.769397260274,439.74
"10","ADO01",1959,3.97808219178082,14.1194246575342,724.32
"11","ADO01",1960,3.60459016393443,14.1937978142077,729.47
"12","ADO01",1961,2.00668493150685,16.3674794520548,522.75
"13","ADO01",1962,1.45479452054795,15.2040273972603,568
"14","ADO01",1963,1.23769863013699,13.9901369863014,707.51
"15","ADO01",1964,1.32565573770492,15.7807103825137,517.65
"16","ADO01",1965,1.33443835616438,14.8004109589041,572.34
"17","ADO01",1966,1.95819178082192,14.9881643835616,605.98
"18","ADO01",1967,0.883315068493151,15.4229863013699,450.61
"19","ADO01",1968,1.6107650273224,15.1140163934426,522.61
"20","ADO01",1969,1.1887397260274,13.2327123287671,861.37
"21","ADO01",1970,0.634246575342466,14.902904109589,521.35
"22","ADO01",1971,0.64627397260274,13.3191780821918,808.04
"23","ADO01",1972,1.12560109289617,12.9763114754098,662.21
"24","ADO01",1973,0.795616438356164,14.8025205479452,453.27
"25","ADO01",1974,1.19057534246575,14.2690684931507,573.84
"26","ADO01",1975,1.14019178082192,14.3971780821918,650.86
"27","ADO01",1976,0.980491803278689,14.307650273224,643.81
"28","ADO01",1977,1.65295890410959,14.1574520547945,693.28
"29","ADO01",1978,0.956821917808219,14.6735616438356,499.98
"30","ADO01",1979,1.97383561643836,14.6584657534247,688.17
"31","ADO01",1980,0.75516393442623,15.0484699453552,465.81
"32","ADO01",1981,1.15854794520548,16.0739726027397,439.29
"33","ADO01",1982,2.2353698630137,15.356904109589,580.24
"34","ADO01",1983,1.61772602739726,16.2875616438356,353.56
"35","ADO01",1984,1.15409836065574,14.1541803278689,594.92
"36","ADO01",1985,2.18457534246575,15.5038356164384,437.11
"37","ADO01",1986,2.06602739726027,14.949095890411,586.93
"38","ADO01",1987,2.76575342465753,15.6506575342466,537.19
"39","ADO01",1988,1.85573770491803,15.4920218579235,596.61
"40","ADO01",1989,2.91819178082192,16.2028493150685,595.66
"41","ADO01",1990,2.51709589041096,16.1704109589041,419.58
"42","ADO01",1991,1.81084931506849,14.9935890410959,521.18
"43","ADO01",1992,1.28674863387978,15.4192076502732,401.84
"44","ADO01",1993,0.977260273972603,15.0181369863014,477.07
"45","ADO01",1994,2.38802739726027,16.938904109589,363.99
"46","ADO01",1995,2.12465753424658,16.4887945205479,467.36
"47","ADO01",1996,1.88371584699454,15.1621038251366,665.89
"48","ADO01",1997,2.80904109589041,16.3555616438356,617.8
"49","ADO01",1998,1.98145205479452,15.9230410958904,463.55
"50","ADO01",1999,1.9553698630137,15.447397260274,545.93
"51","ADO01",2000,1.62368852459016,16.1739617486339,475.49
"52","ADO01",2001,2.04257534246575,15.9038904109589,343.33
"53","ADO01",2002,2.78671232876712,15.8374246575342,634.53
"54","ADO01",2003,2.88934246575342,16.1331506849315,603.65
"55","ADO01",2004,1.97926229508197,15.7573770491803,518.06
"56","ADO01",2005,1.50616438356164,16.3608767123288,359.12
"57","ADO01",2006,3.12065753424658,16.9076712328767,513.32
"58","ADO01",2007,1.87452054794521,15.9144931506849,459.91
"59","ADO01",2008,2.16232240437158,15.4047267759563,655.45
"60","ADO01",2009,2.94391780821918,17.0662739726027,439.58
"61","ADO01",2010,2.46969863013699,15.0686575342466,666.02
"62","ADO01",2011,2.96917808219178,17.234602739726,453.15
"63","ADO01",2012,2.15833333333333,16.4506284153005,425.63
"64","ADO01",2013,2.17994520547945,15.1492876712329,585.46
"65","ADO01",2014,3.32887671232877,16.5344657534247,535.52
"66","ADO01",2015,3.10241095890411,17.4947945205479,415.88
"67","ADO01",2016,3.01478142076503,16.7255464480874,491.03
"68","ADO01",2017,2.62794520547945,18.0362739726027,341.99
"69","ADO01",2018,3.22983561643836,15.9495890410959,735.61
"70","ADO01",2019,2.67975342465753,17.1461095890411,429.45
"71","ADO01",2020,3.41497267759563,17.0287158469945,570.04
"72","ADO01",2021,2.80167123287671,16.3382465753425,578.87
"73","ADO01",2022,3.84035616438356,18.0614246575342,430.69
"74","ADO02",1950,3.67279452054795,15.8628493150685,332.42
"75","ADO02",1951,2.58786301369863,13.5442465753425,636.1
"76","ADO02",1952,2.38614754098361,14.9798907103825,495.11
"77","ADO02",1953,3.28945205479452,15.3605205479452,330.17
"78","ADO02",1954,2.92586301369863,14.8554520547945,375
"79","ADO02",1955,4.66413698630137,15.556904109589,618.87
"80","ADO02",1956,2.2251912568306,13.6356010928962,478.3
"81","ADO02",1957,2.97498630136986,14.9081917808219,498.72
"82","ADO02",1958,3.94375342465753,15.0081917808219,430.92
"83","ADO02",1959,4.1707397260274,14.3597808219178,715.01
"84","ADO02",1960,3.79773224043716,14.430218579235,716.26
"85","ADO02",1961,2.184,16.6062191780822,512.84
"86","ADO02",1962,1.63523287671233,15.4379178082192,557.18
"87","ADO02",1963,1.41731506849315,14.2248219178082,695.29
"88","ADO02",1964,1.49628415300546,16.0103278688525,507.68
"89","ADO02",1965,1.51334246575342,15.0358904109589,559.63
"90","ADO02",1966,2.1378904109589,15.222,594.75
"91","ADO02",1967,1.05441095890411,15.6523287671233,441.02
"92","ADO02",1968,1.78871584699454,15.3518306010929,511.09
"93","ADO02",1969,1.36671232876712,13.469095890411,846.77
"94","ADO02",1970,0.802630136986301,15.135397260274,511.14
"95","ADO02",1971,0.823315068493151,13.5557808219178,795.71
"96","ADO02",1972,1.3051912568306,13.2171038251366,650.4
"97","ADO02",1973,0.965013698630137,15.0340547945205,446.61
"98","ADO02",1974,1.36567123287671,14.5032328767123,564.23
"99","ADO02",1975,1.31394520547945,14.6326849315068,643.39
"100","ADO02",1976,1.15256830601093,14.5474863387978,633.74
"101","ADO02",1977,1.83164383561644,14.3937534246575,680.62
"102","ADO02",1978,1.13087671232877,14.9098904109589,489.15
"103","ADO02",1979,2.15145205479452,14.8957808219178,676.33
"104","ADO02",1980,0.921065573770492,15.2789617486339,456.52
"105","ADO02",1981,1.32778082191781,16.3097808219178,433.85
"106","ADO02",1982,2.40978082191781,15.5950410958904,569.9
"107","ADO02",1983,1.77904109589041,16.5213150684932,349.24
"108","ADO02",1984,1.32147540983607,14.3927595628415,580.48
"109","ADO02",1985,2.34298630136986,15.7386849315068,428.14
"110","ADO02",1986,2.23701369863014,15.1818904109589,579.42
"111","ADO02",1987,2.93701369863014,15.8820547945205,529.16
"112","ADO02",1988,2.02314207650273,15.7280327868852,586.39
"113","ADO02",1989,3.08279452054795,16.4450684931507,586.7
"114","ADO02",1990,2.69021917808219,16.4117260273973,412.67
"115","ADO02",1991,1.97967123287671,15.2307945205479,515.72
"116","ADO02",1992,1.45213114754098,15.6551366120219,395.88
"117","ADO02",1993,1.14561643835616,15.2532602739726,468.64
"118","ADO02",1994,2.55304109589041,17.174,357.26
"119","ADO02",1995,2.28920547945205,16.7243561643836,460.37
"120","ADO02",1996,2.05071038251366,15.3995628415301,656.57
"121","ADO02",1997,2.97386301369863,16.5921095890411,607.07
"122","ADO02",1998,2.14747945205479,16.1562191780822,456.57
"123","ADO02",1999,2.12208219178082,15.679095890411,538.77
"124","ADO02",2000,1.78803278688525,16.4094535519126,468.71
"125","ADO02",2001,2.2093698630137,16.1362465753425,337.01
"126","ADO02",2002,2.95832876712329,16.0764931506849,624.75
"127","ADO02",2003,3.0581095890411,16.3700547945205,593.36
"128","ADO02",2004,2.15010928961749,15.9887704918033,511.72
"129","ADO02",2005,1.66493150684932,16.5967671232877,354.26
"130","ADO02",2006,3.27912328767123,17.1424383561644,505.22
"131","ADO02",2007,2.03109589041096,16.1483561643836,451.66
"132","ADO02",2008,2.31846994535519,15.645737704918,644.05
"133","ADO02",2009,3.09843835616438,17.3044383561644,431.24
"134","ADO02",2010,2.63284931506849,15.3098356164384,653.67
"135","ADO02",2011,3.12167123287671,17.4738904109589,443.2
"136","ADO02",2012,2.3127868852459,16.6863387978142,418.43
"137","ADO02",2013,2.34076712328767,15.3880273972603,573.3
"138","ADO02",2014,3.48991780821918,16.7736712328767,523.2
"139","ADO02",2015,3.25419178082192,17.7300821917808,408.21
"140","ADO02",2016,3.17234972677596,16.964043715847,478.94
"141","ADO02",2017,2.77742465753425,18.272602739726,337.07
"142","ADO02",2018,3.39178082191781,16.1897808219178,723.75
"143","ADO02",2019,2.83632876712329,17.3838630136986,422.17
"144","ADO02",2020,3.57109289617486,17.2667759562842,559.86
"145","ADO02",2021,2.9533698630137,16.5734520547945,569.92
"146","ADO02",2022,3.98775342465753,18.2951780821918,421.72
"147","ADO03",1950,3.67279452054795,15.8628493150685,332.42
"148","ADO03",1951,2.58786301369863,13.5442465753425,636.1
"149","ADO03",1952,2.38614754098361,14.9798907103825,495.11
"150","ADO03",1953,3.28945205479452,15.3605205479452,330.17
"151","ADO03",1954,2.92586301369863,14.8554520547945,375
"152","ADO03",1955,4.66413698630137,15.556904109589,618.87
"153","ADO03",1956,2.2251912568306,13.6356010928962,478.3
"154","ADO03",1957,2.97498630136986,14.9081917808219,498.72
"155","ADO03",1958,3.94375342465753,15.0081917808219,430.92
"156","ADO03",1959,4.1707397260274,14.3597808219178,715.01
"157","ADO03",1960,3.79773224043716,14.430218579235,716.26
"158","ADO03",1961,2.184,16.6062191780822,512.84
"159","ADO03",1962,1.63523287671233,15.4379178082192,557.18
"160","ADO03",1963,1.41731506849315,14.2248219178082,695.29
"161","ADO03",1964,1.49628415300546,16.0103278688525,507.68
"162","ADO03",1965,1.51334246575342,15.0358904109589,559.63
"163","ADO03",1966,2.1378904109589,15.222,594.75
"164","ADO03",1967,1.05441095890411,15.6523287671233,441.02
"165","ADO03",1968,1.78871584699454,15.3518306010929,511.09
"166","ADO03",1969,1.36671232876712,13.469095890411,846.77
"167","ADO03",1970,0.802630136986301,15.135397260274,511.14
"168","ADO03",1971,0.823315068493151,13.5557808219178,795.71
"169","ADO03",1972,1.3051912568306,13.2171038251366,650.4
"170","ADO03",1973,0.965013698630137,15.0340547945205,446.61
"171","ADO03",1974,1.36567123287671,14.5032328767123,564.23
"172","ADO03",1975,1.31394520547945,14.6326849315068,643.39
"173","ADO03",1976,1.15256830601093,14.5474863387978,633.74
"174","ADO03",1977,1.83164383561644,14.3937534246575,680.62
"175","ADO03",1978,1.13087671232877,14.9098904109589,489.15
"176","ADO03",1979,2.15145205479452,14.8957808219178,676.33
"177","ADO03",1980,0.921065573770492,15.2789617486339,456.52
"178","ADO03",1981,1.32778082191781,16.3097808219178,433.85
"179","ADO03",1982,2.40978082191781,15.5950410958904,569.9
"180","ADO03",1983,1.77904109589041,16.5213150684932,349.24
"181","ADO03",1984,1.32147540983607,14.3927595628415,580.48
"182","ADO03",1985,2.34298630136986,15.7386849315068,428.14
"183","ADO03",1986,2.23701369863014,15.1818904109589,579.42
"184","ADO03",1987,2.93701369863014,15.8820547945205,529.16
"185","ADO03",1988,2.02314207650273,15.7280327868852,586.39
"186","ADO03",1989,3.08279452054795,16.4450684931507,586.7
"187","ADO03",1990,2.69021917808219,16.4117260273973,412.67
"188","ADO03",1991,1.97967123287671,15.2307945205479,515.72
"189","ADO03",1992,1.45213114754098,15.6551366120219,395.88
"190","ADO03",1993,1.14561643835616,15.2532602739726,468.64
"191","ADO03",1994,2.55304109589041,17.174,357.26
"192","ADO03",1995,2.28920547945205,16.7243561643836,460.37
"193","ADO03",1996,2.05071038251366,15.3995628415301,656.57
"194","ADO03",1997,2.97386301369863,16.5921095890411,607.07
"195","ADO03",1998,2.14747945205479,16.1562191780822,456.57
"196","ADO03",1999,2.12208219178082,15.679095890411,538.77
"197","ADO03",2000,1.78803278688525,16.4094535519126,468.71
"198","ADO03",2001,2.2093698630137,16.1362465753425,337.01
"199","ADO03",2002,2.95832876712329,16.0764931506849,624.75
"200","ADO03",2003,3.0581095890411,16.3700547945205,593.36
"201","ADO03",2004,2.15010928961749,15.9887704918033,511.72
"202","ADO03",2005,1.66493150684932,16.5967671232877,354.26
"203","ADO03",2006,3.27912328767123,17.1424383561644,505.22
"204","ADO03",2007,2.03109589041096,16.1483561643836,451.66
"205","ADO03",2008,2.31846994535519,15.645737704918,644.05
"206","ADO03",2009,3.09843835616438,17.3044383561644,431.24
"207","ADO03",2010,2.63284931506849,15.3098356164384,653.67
"208","ADO03",2011,3.12167123287671,17.4738904109589,443.2
"209","ADO03",2012,2.3127868852459,16.6863387978142,418.43
"210","ADO03",2013,2.34076712328767,15.3880273972603,573.3
"211","ADO03",2014,3.48991780821918,16.7736712328767,523.2
"212","ADO03",2015,3.25419178082192,17.7300821917808,408.21
"213","ADO03",2016,3.17234972677596,16.964043715847,478.94
"214","ADO03",2017,2.77742465753425,18.272602739726,337.07
"215","ADO03",2018,3.39178082191781,16.1897808219178,723.75
"216","ADO03",2019,2.83632876712329,17.3838630136986,422.17
"217","ADO03",2020,3.57109289617486,17.2667759562842,559.86
"218","ADO03",2021,2.9533698630137,16.5734520547945,569.92
"219","ADO03",2022,3.98775342465753,18.2951780821918,421.72
"220","ALU01",1950,2.67276712328767,14.5979178082192,348.93
"221","ALU01",1951,1.60528767123288,12.2973150684932,700.26
"222","ALU01",1952,1.49327868852459,13.7577049180328,539.86
"223","ALU01",1953,2.348,14.1862191780822,366.67
"224","ALU01",1954,2.01016438356164,13.7048219178082,409.79
"225","ALU01",1955,3.73284931506849,14.3754794520548,683.68
"226","ALU01",1956,1.25188524590164,12.4405191256831,513.6
"227","ALU01",1957,2.03164383561644,13.7018356164384,532.6
"228","ALU01",1958,2.9266301369863,13.7522191780822,482.33
"229","ALU01",1959,3.14632876712329,13.0951506849315,769.32
"230","ALU01",1960,2.77142076502732,13.1908196721311,778.36
"231","ALU01",1961,1.33257534246575,15.3402191780822,575.22
"232","ALU01",1962,0.760904109589041,14.2135342465753,616.46
"233","ALU01",1963,0.545397260273973,13.001397260274,777.58
"234","ALU01",1964,0.708224043715847,14.818606557377,568.07
"235","ALU01",1965,0.65413698630137,13.7932328767123,635.94
"236","ALU01",1966,1.27243835616438,14.0028219178082,682.73
"237","ALU01",1967,0.263698630136986,14.463397260274,492.46
"238","ALU01",1968,0.930054644808743,14.0972404371585,574.17
"239","ALU01",1969,0.523260273972603,12.2276438356164,927.9
"240","ALU01",1970,0.0415890410958904,13.9230410958904,567.63
"241","ALU01",1971,-0.00882191780821919,12.3024383561644,868.86
"242","ALU01",1972,0.428196721311475,11.9292896174863,735.63
"243","ALU01",1973,0.183452054794521,13.8280273972603,481.94
"244","ALU01",1974,0.535041095890411,13.2686575342466,623.51
"245","ALU01",1975,0.487205479452055,13.3950410958904,690.58
"246","ALU01",1976,0.362841530054645,13.2782240437158,700.95
"247","ALU01",1977,0.981342465753425,13.1429589041096,754.02
"248","ALU01",1978,0.31172602739726,13.6677534246575,556.95
"249","ALU01",1979,1.30684931506849,13.6406575342466,757.2
"250","ALU01",1980,0.17292349726776,14.0851912568306,512.57
"251","ALU01",1981,0.563013698630137,15.0769589041096,465.48
"252","ALU01",1982,1.56693150684932,14.340301369863,627.95
"253","ALU01",1983,1.06038356164384,15.2992602739726,377.47
"254","ALU01",1984,0.549562841530055,13.1363661202186,655.64
"255","ALU01",1985,1.62523287671233,14.5271232876712,471.47
"256","ALU01",1986,1.41756164383562,13.9711780821918,628.45
"257","ALU01",1987,2.12342465753425,14.685698630137,583.83
"258","ALU01",1988,1.25248633879781,14.4843715846995,633.2
"259","ALU01",1989,2.32460273972603,15.1538356164384,648.19
"260","ALU01",1990,1.87649315068493,15.1355890410959,446.07
"261","ALU01",1991,1.19435616438356,13.9841643835616,542.11
"262","ALU01",1992,0.709535519125683,14.4132240437158,443.11
"263","ALU01",1993,0.37558904109589,14.0187945205479,509.61
"264","ALU01",1994,1.8206301369863,15.9489863013699,401.94
"265","ALU01",1995,1.56619178082192,15.4808493150685,499.81
"266","ALU01",1996,1.28945355191257,14.1372131147541,726.5
"267","ALU01",1997,2.22586301369863,15.3561917808219,670.36
"268","ALU01",1998,1.4086301369863,14.9522739726027,495.73
"269","ALU01",1999,1.36671232876712,14.4935616438356,576.32
"270","ALU01",2000,1.0716393442623,15.1827322404372,509.85
"271","ALU01",2001,1.47780821917808,14.9391506849315,380.23
"272","ALU01",2002,2.1626301369863,14.8042739726027,693.52
"273","ALU01",2003,2.29378082191781,15.1412876712329,640.54
"274","ALU01",2004,1.36073770491803,14.796912568306,546.49
"275","ALU01",2005,0.978767123287671,15.3571232876712,380.92
"276","ALU01",2006,2.60043835616438,15.9226849315068,549.03
"277","ALU01",2007,1.36147945205479,14.9372328767123,507.85
"278","ALU01",2008,1.65907103825137,14.3737704918033,706.29
"279","ALU01",2009,2.45120547945205,16.0503561643836,491.7
"280","ALU01",2010,1.91369863013699,14.0434794520548,732.19
"281","ALU01",2011,2.49213698630137,16.2032602739726,499.09
"282","ALU01",2012,1.66972677595628,15.4301912568306,459.95
"283","ALU01",2013,1.65328767123288,14.1052602739726,638.56
"284","ALU01",2014,2.78854794520548,15.4829863013699,597.51
"285","ALU01",2015,2.63101369863014,16.4786301369863,467.61
"286","ALU01",2016,2.49644808743169,15.6769398907104,553.66
"287","ALU01",2017,2.17290410958904,17.0057534246575,374.98
"288","ALU01",2018,2.67309589041096,14.8958630136986,790.34
"289","ALU01",2019,2.16693150684931,16.1036164383562,474.37
"290","ALU01",2020,2.90426229508197,15.9948907103825,624.42
"291","ALU01",2021,2.30915068493151,15.3195616438356,623.07
"292","ALU01",2022,3.39441095890411,17.0454794520548,473.45
"293","ALU02",1950,2.67276712328767,14.5979178082192,348.93
"294","ALU02",1951,1.60528767123288,12.2973150684932,700.26
"295","ALU02",1952,1.49327868852459,13.7577049180328,539.86
"296","ALU02",1953,2.348,14.1862191780822,366.67
"297","ALU02",1954,2.01016438356164,13.7048219178082,409.79
"298","ALU02",1955,3.73284931506849,14.3754794520548,683.68
"299","ALU02",1956,1.25188524590164,12.4405191256831,513.6
"300","ALU02",1957,2.03164383561644,13.7018356164384,532.6
"301","ALU02",1958,2.9266301369863,13.7522191780822,482.33
"302","ALU02",1959,3.14632876712329,13.0951506849315,769.32
"303","ALU02",1960,2.77142076502732,13.1908196721311,778.36
"304","ALU02",1961,1.33257534246575,15.3402191780822,575.22
"305","ALU02",1962,0.760904109589041,14.2135342465753,616.46
"306","ALU02",1963,0.545397260273973,13.001397260274,777.58
"307","ALU02",1964,0.708224043715847,14.818606557377,568.07
"308","ALU02",1965,0.65413698630137,13.7932328767123,635.94
"309","ALU02",1966,1.27243835616438,14.0028219178082,682.73
"310","ALU02",1967,0.263698630136986,14.463397260274,492.46
"311","ALU02",1968,0.930054644808743,14.0972404371585,574.17
"312","ALU02",1969,0.523260273972603,12.2276438356164,927.9
"313","ALU02",1970,0.0415890410958904,13.9230410958904,567.63
"314","ALU02",1971,-0.00882191780821919,12.3024383561644,868.86
"315","ALU02",1972,0.428196721311475,11.9292896174863,735.63
"316","ALU02",1973,0.183452054794521,13.8280273972603,481.94
"317","ALU02",1974,0.535041095890411,13.2686575342466,623.51
"318","ALU02",1975,0.487205479452055,13.3950410958904,690.58
"319","ALU02",1976,0.362841530054645,13.2782240437158,700.95
"320","ALU02",1977,0.981342465753425,13.1429589041096,754.02
"321","ALU02",1978,0.31172602739726,13.6677534246575,556.95
"322","ALU02",1979,1.30684931506849,13.6406575342466,757.2
"323","ALU02",1980,0.17292349726776,14.0851912568306,512.57
"324","ALU02",1981,0.563013698630137,15.0769589041096,465.48
"325","ALU02",1982,1.56693150684932,14.340301369863,627.95
"326","ALU02",1983,1.06038356164384,15.2992602739726,377.47
"327","ALU02",1984,0.549562841530055,13.1363661202186,655.64
"328","ALU02",1985,1.62523287671233,14.5271232876712,471.47
"329","ALU02",1986,1.41756164383562,13.9711780821918,628.45
"330","ALU02",1987,2.12342465753425,14.685698630137,583.83
"331","ALU02",1988,1.25248633879781,14.4843715846995,633.2
"332","ALU02",1989,2.32460273972603,15.1538356164384,648.19
"333","ALU02",1990,1.87649315068493,15.1355890410959,446.07
"334","ALU02",1991,1.19435616438356,13.9841643835616,542.11
"335","ALU02",1992,0.709535519125683,14.4132240437158,443.11
"336","ALU02",1993,0.37558904109589,14.0187945205479,509.61
"337","ALU02",1994,1.8206301369863,15.9489863013699,401.94
"338","ALU02",1995,1.56619178082192,15.4808493150685,499.81
"339","ALU02",1996,1.28945355191257,14.1372131147541,726.5
"340","ALU02",1997,2.22586301369863,15.3561917808219,670.36
"341","ALU02",1998,1.4086301369863,14.9522739726027,495.73
"342","ALU02",1999,1.36671232876712,14.4935616438356,576.32
"343","ALU02",2000,1.0716393442623,15.1827322404372,509.85
"344","ALU02",2001,1.47780821917808,14.9391506849315,380.23
"345","ALU02",2002,2.1626301369863,14.8042739726027,693.52
"346","ALU02",2003,2.29378082191781,15.1412876712329,640.54
"347","ALU02",2004,1.36073770491803,14.796912568306,546.49
"348","ALU02",2005,0.978767123287671,15.3571232876712,380.92
"349","ALU02",2006,2.60043835616438,15.9226849315068,549.03
"350","ALU02",2007,1.36147945205479,14.9372328767123,507.85
"351","ALU02",2008,1.65907103825137,14.3737704918033,706.29
"352","ALU02",2009,2.45120547945205,16.0503561643836,491.7
"353","ALU02",2010,1.91369863013699,14.0434794520548,732.19
"354","ALU02",2011,2.49213698630137,16.2032602739726,499.09
"355","ALU02",2012,1.66972677595628,15.4301912568306,459.95
"356","ALU02",2013,1.65328767123288,14.1052602739726,638.56
"357","ALU02",2014,2.78854794520548,15.4829863013699,597.51
"358","ALU02",2015,2.63101369863014,16.4786301369863,467.61
"359","ALU02",2016,2.49644808743169,15.6769398907104,553.66
"360","ALU02",2017,2.17290410958904,17.0057534246575,374.98
"361","ALU02",2018,2.67309589041096,14.8958630136986,790.34
"362","ALU02",2019,2.16693150684931,16.1036164383562,474.37
"363","ALU02",2020,2.90426229508197,15.9948907103825,624.42
"364","ALU02",2021,2.30915068493151,15.3195616438356,623.07
"365","ALU02",2022,3.39441095890411,17.0454794520548,473.45
"366","ALU03",1950,2.67276712328767,14.5979178082192,348.93
"367","ALU03",1951,1.60528767123288,12.2973150684932,700.26
"368","ALU03",1952,1.49327868852459,13.7577049180328,539.86
"369","ALU03",1953,2.348,14.1862191780822,366.67
"370","ALU03",1954,2.01016438356164,13.7048219178082,409.79
"371","ALU03",1955,3.73284931506849,14.3754794520548,683.68
"372","ALU03",1956,1.25188524590164,12.4405191256831,513.6
"373","ALU03",1957,2.03164383561644,13.7018356164384,532.6
"374","ALU03",1958,2.9266301369863,13.7522191780822,482.33
"375","ALU03",1959,3.14632876712329,13.0951506849315,769.32
"376","ALU03",1960,2.77142076502732,13.1908196721311,778.36
"377","ALU03",1961,1.33257534246575,15.3402191780822,575.22
"378","ALU03",1962,0.760904109589041,14.2135342465753,616.46
"379","ALU03",1963,0.545397260273973,13.001397260274,777.58
"380","ALU03",1964,0.708224043715847,14.818606557377,568.07
"381","ALU03",1965,0.65413698630137,13.7932328767123,635.94
"382","ALU03",1966,1.27243835616438,14.0028219178082,682.73
"383","ALU03",1967,0.263698630136986,14.463397260274,492.46
"384","ALU03",1968,0.930054644808743,14.0972404371585,574.17
"385","ALU03",1969,0.523260273972603,12.2276438356164,927.9
"386","ALU03",1970,0.0415890410958904,13.9230410958904,567.63
"387","ALU03",1971,-0.00882191780821919,12.3024383561644,868.86
"388","ALU03",1972,0.428196721311475,11.9292896174863,735.63
"389","ALU03",1973,0.183452054794521,13.8280273972603,481.94
"390","ALU03",1974,0.535041095890411,13.2686575342466,623.51
"391","ALU03",1975,0.487205479452055,13.3950410958904,690.58
"392","ALU03",1976,0.362841530054645,13.2782240437158,700.95
"393","ALU03",1977,0.981342465753425,13.1429589041096,754.02
"394","ALU03",1978,0.31172602739726,13.6677534246575,556.95
"395","ALU03",1979,1.30684931506849,13.6406575342466,757.2
"396","ALU03",1980,0.17292349726776,14.0851912568306,512.57
"397","ALU03",1981,0.563013698630137,15.0769589041096,465.48
"398","ALU03",1982,1.56693150684932,14.340301369863,627.95
"399","ALU03",1983,1.06038356164384,15.2992602739726,377.47
"400","ALU03",1984,0.549562841530055,13.1363661202186,655.64
"401","ALU03",1985,1.62523287671233,14.5271232876712,471.47
"402","ALU03",1986,1.41756164383562,13.9711780821918,628.45
"403","ALU03",1987,2.12342465753425,14.685698630137,583.83
"404","ALU03",1988,1.25248633879781,14.4843715846995,633.2
"405","ALU03",1989,2.32460273972603,15.1538356164384,648.19
"406","ALU03",1990,1.87649315068493,15.1355890410959,446.07
"407","ALU03",1991,1.19435616438356,13.9841643835616,542.11
"408","ALU03",1992,0.709535519125683,14.4132240437158,443.11
"409","ALU03",1993,0.37558904109589,14.0187945205479,509.61
"410","ALU03",1994,1.8206301369863,15.9489863013699,401.94
"411","ALU03",1995,1.56619178082192,15.4808493150685,499.81
"412","ALU03",1996,1.28945355191257,14.1372131147541,726.5
"413","ALU03",1997,2.22586301369863,15.3561917808219,670.36
"414","ALU03",1998,1.4086301369863,14.9522739726027,495.73
"415","ALU03",1999,1.36671232876712,14.4935616438356,576.32
"416","ALU03",2000,1.0716393442623,15.1827322404372,509.85
"417","ALU03",2001,1.47780821917808,14.9391506849315,380.23
"418","ALU03",2002,2.1626301369863,14.8042739726027,693.52
"419","ALU03",2003,2.29378082191781,15.1412876712329,640.54
"420","ALU03",2004,1.36073770491803,14.796912568306,546.49
"421","ALU03",2005,0.978767123287671,15.3571232876712,380.92
"422","ALU03",2006,2.60043835616438,15.9226849315068,549.03
"423","ALU03",2007,1.36147945205479,14.9372328767123,507.85
"424","ALU03",2008,1.65907103825137,14.3737704918033,706.29
"425","ALU03",2009,2.45120547945205,16.0503561643836,491.7
"426","ALU03",2010,1.91369863013699,14.0434794520548,732.19
"427","ALU03",2011,2.49213698630137,16.2032602739726,499.09
"428","ALU03",2012,1.66972677595628,15.4301912568306,459.95
"429","ALU03",2013,1.65328767123288,14.1052602739726,638.56
"430","ALU03",2014,2.78854794520548,15.4829863013699,597.51
"431","ALU03",2015,2.63101369863014,16.4786301369863,467.61
"432","ALU03",2016,2.49644808743169,15.6769398907104,553.66
"433","ALU03",2017,2.17290410958904,17.0057534246575,374.98
"434","ALU03",2018,2.67309589041096,14.8958630136986,790.34
"435","ALU03",2019,2.16693150684931,16.1036164383562,474.37
"436","ALU03",2020,2.90426229508197,15.9948907103825,624.42
"437","ALU03",2021,2.30915068493151,15.3195616438356,623.07
"438","ALU03",2022,3.39441095890411,17.0454794520548,473.45
"439","ALU04",1950,2.67276712328767,14.5979178082192,348.93
"440","ALU04",1951,1.60528767123288,12.2973150684932,700.26
"441","ALU04",1952,1.49327868852459,13.7577049180328,539.86
"442","ALU04",1953,2.348,14.1862191780822,366.67
"443","ALU04",1954,2.01016438356164,13.7048219178082,409.79
"444","ALU04",1955,3.73284931506849,14.3754794520548,683.68
"445","ALU04",1956,1.25188524590164,12.4405191256831,513.6
"446","ALU04",1957,2.03164383561644,13.7018356164384,532.6
"447","ALU04",1958,2.9266301369863,13.7522191780822,482.33
"448","ALU04",1959,3.14632876712329,13.0951506849315,769.32
"449","ALU04",1960,2.77142076502732,13.1908196721311,778.36
"450","ALU04",1961,1.33257534246575,15.3402191780822,575.22
"451","ALU04",1962,0.760904109589041,14.2135342465753,616.46
"452","ALU04",1963,0.545397260273973,13.001397260274,777.58
"453","ALU04",1964,0.708224043715847,14.818606557377,568.07
"454","ALU04",1965,0.65413698630137,13.7932328767123,635.94
"455","ALU04",1966,1.27243835616438,14.0028219178082,682.73
"456","ALU04",1967,0.263698630136986,14.463397260274,492.46
"457","ALU04",1968,0.930054644808743,14.0972404371585,574.17
"458","ALU04",1969,0.523260273972603,12.2276438356164,927.9
"459","ALU04",1970,0.0415890410958904,13.9230410958904,567.63
"460","ALU04",1971,-0.00882191780821919,12.3024383561644,868.86
"461","ALU04",1972,0.428196721311475,11.9292896174863,735.63
"462","ALU04",1973,0.183452054794521,13.8280273972603,481.94
"463","ALU04",1974,0.535041095890411,13.2686575342466,623.51
"464","ALU04",1975,0.487205479452055,13.3950410958904,690.58
"465","ALU04",1976,0.362841530054645,13.2782240437158,700.95
"466","ALU04",1977,0.981342465753425,13.1429589041096,754.02
"467","ALU04",1978,0.31172602739726,13.6677534246575,556.95
"468","ALU04",1979,1.30684931506849,13.6406575342466,757.2
"469","ALU04",1980,0.17292349726776,14.0851912568306,512.57
"470","ALU04",1981,0.563013698630137,15.0769589041096,465.48
"471","ALU04",1982,1.56693150684932,14.340301369863,627.95
"472","ALU04",1983,1.06038356164384,15.2992602739726,377.47
"473","ALU04",1984,0.549562841530055,13.1363661202186,655.64
"474","ALU04",1985,1.62523287671233,14.5271232876712,471.47
"475","ALU04",1986,1.41756164383562,13.9711780821918,628.45
"476","ALU04",1987,2.12342465753425,14.685698630137,583.83
"477","ALU04",1988,1.25248633879781,14.4843715846995,633.2
"478","ALU04",1989,2.32460273972603,15.1538356164384,648.19
"479","ALU04",1990,1.87649315068493,15.1355890410959,446.07
"480","ALU04",1991,1.19435616438356,13.9841643835616,542.11
"481","ALU04",1992,0.709535519125683,14.4132240437158,443.11
"482","ALU04",1993,0.37558904109589,14.0187945205479,509.61
"483","ALU04",1994,1.8206301369863,15.9489863013699,401.94
"484","ALU04",1995,1.56619178082192,15.4808493150685,499.81
"485","ALU04",1996,1.28945355191257,14.1372131147541,726.5
"486","ALU04",1997,2.22586301369863,15.3561917808219,670.36
"487","ALU04",1998,1.4086301369863,14.9522739726027,495.73
"488","ALU04",1999,1.36671232876712,14.4935616438356,576.32
"489","ALU04",2000,1.0716393442623,15.1827322404372,509.85
"490","ALU04",2001,1.47780821917808,14.9391506849315,380.23
"491","ALU04",2002,2.1626301369863,14.8042739726027,693.52
"492","ALU04",2003,2.29378082191781,15.1412876712329,640.54
"493","ALU04",2004,1.36073770491803,14.796912568306,546.49
"494","ALU04",2005,0.978767123287671,15.3571232876712,380.92
"495","ALU04",2006,2.60043835616438,15.9226849315068,549.03
"496","ALU04",2007,1.36147945205479,14.9372328767123,507.85
"497","ALU04",2008,1.65907103825137,14.3737704918033,706.29
"498","ALU04",2009,2.45120547945205,16.0503561643836,491.7
"499","ALU04",2010,1.91369863013699,14.0434794520548,732.19
"500","ALU04",2011,2.49213698630137,16.2032602739726,499.09
"501","ALU04",2012,1.66972677595628,15.4301912568306,459.95
"502","ALU04",2013,1.65328767123288,14.1052602739726,638.56
"503","ALU04",2014,2.78854794520548,15.4829863013699,597.51
"504","ALU04",2015,2.63101369863014,16.4786301369863,467.61
"505","ALU04",2016,2.49644808743169,15.6769398907104,553.66
"506","ALU04",2017,2.17290410958904,17.0057534246575,374.98
"507","ALU04",2018,2.67309589041096,14.8958630136986,790.34
"508","ALU04",2019,2.16693150684931,16.1036164383562,474.37
"509","ALU04",2020,2.90426229508197,15.9948907103825,624.42
"510","ALU04",2021,2.30915068493151,15.3195616438356,623.07
"511","ALU04",2022,3.39441095890411,17.0454794520548,473.45
"512","ALU05",1950,2.67276712328767,14.5979178082192,348.93
"513","ALU05",1951,1.60528767123288,12.2973150684932,700.26
"514","ALU05",1952,1.49327868852459,13.7577049180328,539.86
"515","ALU05",1953,2.348,14.1862191780822,366.67
"516","ALU05",1954,2.01016438356164,13.7048219178082,409.79
"517","ALU05",1955,3.73284931506849,14.3754794520548,683.68
"518","ALU05",1956,1.25188524590164,12.4405191256831,513.6
"519","ALU05",1957,2.03164383561644,13.7018356164384,532.6
"520","ALU05",1958,2.9266301369863,13.7522191780822,482.33
"521","ALU05",1959,3.14632876712329,13.0951506849315,769.32
"522","ALU05",1960,2.77142076502732,13.1908196721311,778.36
"523","ALU05",1961,1.33257534246575,15.3402191780822,575.22
"524","ALU05",1962,0.760904109589041,14.2135342465753,616.46
"525","ALU05",1963,0.545397260273973,13.001397260274,777.58
"526","ALU05",1964,0.708224043715847,14.818606557377,568.07
"527","ALU05",1965,0.65413698630137,13.7932328767123,635.94
"528","ALU05",1966,1.27243835616438,14.0028219178082,682.73
"529","ALU05",1967,0.263698630136986,14.463397260274,492.46
"530","ALU05",1968,0.930054644808743,14.0972404371585,574.17
"531","ALU05",1969,0.523260273972603,12.2276438356164,927.9
"532","ALU05",1970,0.0415890410958904,13.9230410958904,567.63
"533","ALU05",1971,-0.00882191780821919,12.3024383561644,868.86
"534","ALU05",1972,0.428196721311475,11.9292896174863,735.63
"535","ALU05",1973,0.183452054794521,13.8280273972603,481.94
"536","ALU05",1974,0.535041095890411,13.2686575342466,623.51
"537","ALU05",1975,0.487205479452055,13.3950410958904,690.58
"538","ALU05",1976,0.362841530054645,13.2782240437158,700.95
"539","ALU05",1977,0.981342465753425,13.1429589041096,754.02
"540","ALU05",1978,0.31172602739726,13.6677534246575,556.95
"541","ALU05",1979,1.30684931506849,13.6406575342466,757.2
"542","ALU05",1980,0.17292349726776,14.0851912568306,512.57
"543","ALU05",1981,0.563013698630137,15.0769589041096,465.48
"544","ALU05",1982,1.56693150684932,14.340301369863,627.95
"545","ALU05",1983,1.06038356164384,15.2992602739726,377.47
"546","ALU05",1984,0.549562841530055,13.1363661202186,655.64
"547","ALU05",1985,1.62523287671233,14.5271232876712,471.47
"548","ALU05",1986,1.41756164383562,13.9711780821918,628.45
"549","ALU05",1987,2.12342465753425,14.685698630137,583.83
"550","ALU05",1988,1.25248633879781,14.4843715846995,633.2
"551","ALU05",1989,2.32460273972603,15.1538356164384,648.19
"552","ALU05",1990,1.87649315068493,15.1355890410959,446.07
"553","ALU05",1991,1.19435616438356,13.9841643835616,542.11
"554","ALU05",1992,0.709535519125683,14.4132240437158,443.11
"555","ALU05",1993,0.37558904109589,14.0187945205479,509.61
"556","ALU05",1994,1.8206301369863,15.9489863013699,401.94
"557","ALU05",1995,1.56619178082192,15.4808493150685,499.81
"558","ALU05",1996,1.28945355191257,14.1372131147541,726.5
"559","ALU05",1997,2.22586301369863,15.3561917808219,670.36
"560","ALU05",1998,1.4086301369863,14.9522739726027,495.73
"561","ALU05",1999,1.36671232876712,14.4935616438356,576.32
"562","ALU05",2000,1.0716393442623,15.1827322404372,509.85
"563","ALU05",2001,1.47780821917808,14.9391506849315,380.23
"564","ALU05",2002,2.1626301369863,14.8042739726027,693.52
"565","ALU05",2003,2.29378082191781,15.1412876712329,640.54
"566","ALU05",2004,1.36073770491803,14.796912568306,546.49
"567","ALU05",2005,0.978767123287671,15.3571232876712,380.92
"568","ALU05",2006,2.60043835616438,15.9226849315068,549.03
"569","ALU05",2007,1.36147945205479,14.9372328767123,507.85
"570","ALU05",2008,1.65907103825137,14.3737704918033,706.29
"571","ALU05",2009,2.45120547945205,16.0503561643836,491.7
"572","ALU05",2010,1.91369863013699,14.0434794520548,732.19
"573","ALU05",2011,2.49213698630137,16.2032602739726,499.09
"574","ALU05",2012,1.66972677595628,15.4301912568306,459.95
"575","ALU05",2013,1.65328767123288,14.1052602739726,638.56
"576","ALU05",2014,2.78854794520548,15.4829863013699,597.51
"577","ALU05",2015,2.63101369863014,16.4786301369863,467.61
"578","ALU05",2016,2.49644808743169,15.6769398907104,553.66
"579","ALU05",2017,2.17290410958904,17.0057534246575,374.98
"580","ALU05",2018,2.67309589041096,14.8958630136986,790.34
"581","ALU05",2019,2.16693150684931,16.1036164383562,474.37
"582","ALU05",2020,2.90426229508197,15.9948907103825,624.42
"583","ALU05",2021,2.30915068493151,15.3195616438356,623.07
"584","ALU05",2022,3.39441095890411,17.0454794520548,473.45
"585","ALU06",1950,3.03797260273973,15.0635616438356,335.01
"586","ALU06",1951,1.96769863013699,12.7609589041096,667.95
"587","ALU06",1952,1.84450819672131,14.2186885245902,516.6
"588","ALU06",1953,2.70709589041096,14.642602739726,349.4
"589","ALU06",1954,2.36695890410959,14.1583835616438,390.62
"590","ALU06",1955,4.0912602739726,14.8321917808219,652.33
"591","ALU06",1956,1.61355191256831,12.8987704918033,491.46
"592","ALU06",1957,2.39046575342466,14.1616164383562,510.61
"593","ALU06",1958,3.29345205479452,14.2166575342466,459.17
"594","ALU06",1959,3.51391780821918,13.5607945205479,736.84
"595","ALU06",1960,3.13912568306011,13.6540163934426,745.58
"596","ALU06",1961,1.68178082191781,15.8061095890411,548.49
"597","ALU06",1962,1.11167123287671,14.6751232876712,587.06
"598","ALU06",1963,0.89627397260274,13.4624931506849,739.11
"599","ALU06",1964,1.04959016393443,15.2771857923497,539.84
"600","ALU06",1965,1.00328767123288,14.2562739726027,606.26
"601","ALU06",1966,1.62252054794521,14.4630684931507,647.19
"602","ALU06",1967,0.605835616438356,14.9204657534247,468.45
"603","ALU06",1968,1.28024590163934,14.5618032786885,545.8
"604","ALU06",1969,0.871506849315068,12.6906301369863,884.44
"605","ALU06",1970,0.380082191780822,14.3828493150685,541.86
"606","ALU06",1971,0.338109589041096,12.7667123287671,829.33
"607","ALU06",1972,0.780027322404372,12.397868852459,700.02
"608","ALU06",1973,0.524246575342466,14.2880273972603,461.7
"609","ALU06",1974,0.881397260273973,13.7314520547945,593.81
"610","ALU06",1975,0.833041095890411,13.857397260274,659.55
"611","ALU06",1976,0.704508196721311,13.7445355191257,670.3
"612","ALU06",1977,1.32953424657534,13.6072054794521,718.93
"613","ALU06",1978,0.656520547945206,14.1304383561644,527.72
"614","ALU06",1979,1.65460273972603,14.1048219178082,721.63
"615","ALU06",1980,0.510737704918033,14.5438797814208,487.88
"616","ALU06",1981,0.901890410958904,15.5388219178082,445.12
"617","ALU06",1982,1.91517808219178,14.8044109589041,600.31
"618","ALU06",1983,1.39378082191781,15.760301369863,361.76
"619","ALU06",1984,0.889125683060109,13.6012841530055,624.72
"620","ALU06",1985,1.95904109589041,14.9860547945205,449.5
"621","ALU06",1986,1.76221917808219,14.4307397260274,599.86
"622","ALU06",1987,2.46772602739726,15.1438904109589,558.24
"623","ALU06",1988,1.59131147540984,14.9479234972678,605.05
"624","ALU06",1989,2.66284931506849,15.6222465753425,617.28
"625","ALU06",1990,2.22087671232877,15.6021369863014,428.54
"626","ALU06",1991,1.53572602739726,14.4478904109589,519.53
"627","ALU06",1992,1.04617486338798,14.8767486338798,423.33
"628","ALU06",1993,0.715780821917808,14.4816438356164,489.18
"629","ALU06",1994,2.15572602739726,16.4105205479452,383.62
"630","ALU06",1995,1.90032876712329,15.9444109589041,478.87
"631","ALU06",1996,1.62857923497268,14.6032240437158,691.7
"632","ALU06",1997,2.56350684931507,15.8189315068493,640.92
"633","ALU06",1998,1.74520547945205,15.4113150684932,474.92
"634","ALU06",1999,1.70435616438356,14.9505479452055,552.41
"635","ALU06",2000,1.40524590163934,15.644262295082,487.35
"636","ALU06",2001,1.81180821917808,15.3968493150685,361.99
"637","ALU06",2002,2.50435616438356,15.2707123287671,662.28
"638","ALU06",2003,2.63194520547945,15.6023287671233,613.71
"639","ALU06",2004,1.70188524590164,15.2545901639344,523.07
"640","ALU06",2005,1.30849315068493,15.8204109589041,364.53
"641","ALU06",2006,2.92898630136986,16.383095890411,525
"642","ALU06",2007,1.6892602739726,15.3971232876712,481.58
"643","ALU06",2008,1.98622950819672,14.8393989071038,675.35
"644","ALU06",2009,2.77767123287671,16.5147123287671,466.36
"645","ALU06",2010,2.24808219178082,14.5087123287671,696.65
"646","ALU06",2011,2.81646575342466,16.6691780821918,474.65
"647","ALU06",2012,1.99516393442623,15.8953278688525,439.54
"648","ALU06",2013,1.98301369863014,14.5730684931507,608.68
"649","ALU06",2014,3.12013698630137,15.9510136986301,567.25
"650","ALU06",2015,2.95435616438356,16.9429863013699,443.35
"651","ALU06",2016,2.82565573770492,16.1450546448087,524.2
"652","ALU06",2017,2.49493150684932,17.4722465753425,356.84
"653","ALU06",2018,3.00739726027397,15.365095890411,754.78
"654","ALU06",2019,2.49624657534247,16.5714794520548,450.73
"655","ALU06",2020,3.23338797814208,16.4613934426229,593.95
"656","ALU06",2021,2.63561643835616,15.7850410958904,594.13
"657","ALU06",2022,3.71479452054795,17.5102191780822,450.41
"658","ALU07",1950,3.03797260273973,15.0635616438356,335.01
"659","ALU07",1951,1.96769863013699,12.7609589041096,667.95
"660","ALU07",1952,1.84450819672131,14.2186885245902,516.6
"661","ALU07",1953,2.70709589041096,14.642602739726,349.4
"662","ALU07",1954,2.36695890410959,14.1583835616438,390.62
"663","ALU07",1955,4.0912602739726,14.8321917808219,652.33
"664","ALU07",1956,1.61355191256831,12.8987704918033,491.46
"665","ALU07",1957,2.39046575342466,14.1616164383562,510.61
"666","ALU07",1958,3.29345205479452,14.2166575342466,459.17
"667","ALU07",1959,3.51391780821918,13.5607945205479,736.84
"668","ALU07",1960,3.13912568306011,13.6540163934426,745.58
"669","ALU07",1961,1.68178082191781,15.8061095890411,548.49
"670","ALU07",1962,1.11167123287671,14.6751232876712,587.06
"671","ALU07",1963,0.89627397260274,13.4624931506849,739.11
"672","ALU07",1964,1.04959016393443,15.2771857923497,539.84
"673","ALU07",1965,1.00328767123288,14.2562739726027,606.26
"674","ALU07",1966,1.62252054794521,14.4630684931507,647.19
"675","ALU07",1967,0.605835616438356,14.9204657534247,468.45
"676","ALU07",1968,1.28024590163934,14.5618032786885,545.8
"677","ALU07",1969,0.871506849315068,12.6906301369863,884.44
"678","ALU07",1970,0.380082191780822,14.3828493150685,541.86
"679","ALU07",1971,0.338109589041096,12.7667123287671,829.33
"680","ALU07",1972,0.780027322404372,12.397868852459,700.02
"681","ALU07",1973,0.524246575342466,14.2880273972603,461.7
"682","ALU07",1974,0.881397260273973,13.7314520547945,593.81
"683","ALU07",1975,0.833041095890411,13.857397260274,659.55
"684","ALU07",1976,0.704508196721311,13.7445355191257,670.3
"685","ALU07",1977,1.32953424657534,13.6072054794521,718.93
"686","ALU07",1978,0.656520547945206,14.1304383561644,527.72
"687","ALU07",1979,1.65460273972603,14.1048219178082,721.63
"688","ALU07",1980,0.510737704918033,14.5438797814208,487.88
"689","ALU07",1981,0.901890410958904,15.5388219178082,445.12
"690","ALU07",1982,1.91517808219178,14.8044109589041,600.31
"691","ALU07",1983,1.39378082191781,15.760301369863,361.76
"692","ALU07",1984,0.889125683060109,13.6012841530055,624.72
"693","ALU07",1985,1.95904109589041,14.9860547945205,449.5
"694","ALU07",1986,1.76221917808219,14.4307397260274,599.86
"695","ALU07",1987,2.46772602739726,15.1438904109589,558.24
"696","ALU07",1988,1.59131147540984,14.9479234972678,605.05
"697","ALU07",1989,2.66284931506849,15.6222465753425,617.28
"698","ALU07",1990,2.22087671232877,15.6021369863014,428.54
"699","ALU07",1991,1.53572602739726,14.4478904109589,519.53
"700","ALU07",1992,1.04617486338798,14.8767486338798,423.33
"701","ALU07",1993,0.715780821917808,14.4816438356164,489.18
"702","ALU07",1994,2.15572602739726,16.4105205479452,383.62
"703","ALU07",1995,1.90032876712329,15.9444109589041,478.87
"704","ALU07",1996,1.62857923497268,14.6032240437158,691.7
"705","ALU07",1997,2.56350684931507,15.8189315068493,640.92
"706","ALU07",1998,1.74520547945205,15.4113150684932,474.92
"707","ALU07",1999,1.70435616438356,14.9505479452055,552.41
"708","ALU07",2000,1.40524590163934,15.644262295082,487.35
"709","ALU07",2001,1.81180821917808,15.3968493150685,361.99
"710","ALU07",2002,2.50435616438356,15.2707123287671,662.28
"711","ALU07",2003,2.63194520547945,15.6023287671233,613.71
"712","ALU07",2004,1.70188524590164,15.2545901639344,523.07
"713","ALU07",2005,1.30849315068493,15.8204109589041,364.53
"714","ALU07",2006,2.92898630136986,16.383095890411,525
"715","ALU07",2007,1.6892602739726,15.3971232876712,481.58
"716","ALU07",2008,1.98622950819672,14.8393989071038,675.35
"717","ALU07",2009,2.77767123287671,16.5147123287671,466.36
"718","ALU07",2010,2.24808219178082,14.5087123287671,696.65
"719","ALU07",2011,2.81646575342466,16.6691780821918,474.65
"720","ALU07",2012,1.99516393442623,15.8953278688525,439.54
"721","ALU07",2013,1.98301369863014,14.5730684931507,608.68
"722","ALU07",2014,3.12013698630137,15.9510136986301,567.25
"723","ALU07",2015,2.95435616438356,16.9429863013699,443.35
"724","ALU07",2016,2.82565573770492,16.1450546448087,524.2
"725","ALU07",2017,2.49493150684932,17.4722465753425,356.84
"726","ALU07",2018,3.00739726027397,15.365095890411,754.78
"727","ALU07",2019,2.49624657534247,16.5714794520548,450.73
"728","ALU07",2020,3.23338797814208,16.4613934426229,593.95
"729","ALU07",2021,2.63561643835616,15.7850410958904,594.13
"730","ALU07",2022,3.71479452054795,17.5102191780822,450.41
"731","ALU08",1950,3.03797260273973,15.0635616438356,335.01
"732","ALU08",1951,1.96769863013699,12.7609589041096,667.95
"733","ALU08",1952,1.84450819672131,14.2186885245902,516.6
"734","ALU08",1953,2.70709589041096,14.642602739726,349.4
"735","ALU08",1954,2.36695890410959,14.1583835616438,390.62
"736","ALU08",1955,4.0912602739726,14.8321917808219,652.33
"737","ALU08",1956,1.61355191256831,12.8987704918033,491.46
"738","ALU08",1957,2.39046575342466,14.1616164383562,510.61
"739","ALU08",1958,3.29345205479452,14.2166575342466,459.17
"740","ALU08",1959,3.51391780821918,13.5607945205479,736.84
"741","ALU08",1960,3.13912568306011,13.6540163934426,745.58
"742","ALU08",1961,1.68178082191781,15.8061095890411,548.49
"743","ALU08",1962,1.11167123287671,14.6751232876712,587.06
"744","ALU08",1963,0.89627397260274,13.4624931506849,739.11
"745","ALU08",1964,1.04959016393443,15.2771857923497,539.84
"746","ALU08",1965,1.00328767123288,14.2562739726027,606.26
"747","ALU08",1966,1.62252054794521,14.4630684931507,647.19
"748","ALU08",1967,0.605835616438356,14.9204657534247,468.45
"749","ALU08",1968,1.28024590163934,14.5618032786885,545.8
"750","ALU08",1969,0.871506849315068,12.6906301369863,884.44
"751","ALU08",1970,0.380082191780822,14.3828493150685,541.86
"752","ALU08",1971,0.338109589041096,12.7667123287671,829.33
"753","ALU08",1972,0.780027322404372,12.397868852459,700.02
"754","ALU08",1973,0.524246575342466,14.2880273972603,461.7
"755","ALU08",1974,0.881397260273973,13.7314520547945,593.81
"756","ALU08",1975,0.833041095890411,13.857397260274,659.55
"757","ALU08",1976,0.704508196721311,13.7445355191257,670.3
"758","ALU08",1977,1.32953424657534,13.6072054794521,718.93
"759","ALU08",1978,0.656520547945206,14.1304383561644,527.72
"760","ALU08",1979,1.65460273972603,14.1048219178082,721.63
"761","ALU08",1980,0.510737704918033,14.5438797814208,487.88
"762","ALU08",1981,0.901890410958904,15.5388219178082,445.12
"763","ALU08",1982,1.91517808219178,14.8044109589041,600.31
"764","ALU08",1983,1.39378082191781,15.760301369863,361.76
"765","ALU08",1984,0.889125683060109,13.6012841530055,624.72
"766","ALU08",1985,1.95904109589041,14.9860547945205,449.5
"767","ALU08",1986,1.76221917808219,14.4307397260274,599.86
"768","ALU08",1987,2.46772602739726,15.1438904109589,558.24
"769","ALU08",1988,1.59131147540984,14.9479234972678,605.05
"770","ALU08",1989,2.66284931506849,15.6222465753425,617.28
"771","ALU08",1990,2.22087671232877,15.6021369863014,428.54
"772","ALU08",1991,1.53572602739726,14.4478904109589,519.53
"773","ALU08",1992,1.04617486338798,14.8767486338798,423.33
"774","ALU08",1993,0.715780821917808,14.4816438356164,489.18
"775","ALU08",1994,2.15572602739726,16.4105205479452,383.62
"776","ALU08",1995,1.90032876712329,15.9444109589041,478.87
"777","ALU08",1996,1.62857923497268,14.6032240437158,691.7
"778","ALU08",1997,2.56350684931507,15.8189315068493,640.92
"779","ALU08",1998,1.74520547945205,15.4113150684932,474.92
"780","ALU08",1999,1.70435616438356,14.9505479452055,552.41
"781","ALU08",2000,1.40524590163934,15.644262295082,487.35
"782","ALU08",2001,1.81180821917808,15.3968493150685,361.99
"783","ALU08",2002,2.50435616438356,15.2707123287671,662.28
"784","ALU08",2003,2.63194520547945,15.6023287671233,613.71
"785","ALU08",2004,1.70188524590164,15.2545901639344,523.07
"786","ALU08",2005,1.30849315068493,15.8204109589041,364.53
"787","ALU08",2006,2.92898630136986,16.383095890411,525
"788","ALU08",2007,1.6892602739726,15.3971232876712,481.58
"789","ALU08",2008,1.98622950819672,14.8393989071038,675.35
"790","ALU08",2009,2.77767123287671,16.5147123287671,466.36
"791","ALU08",2010,2.24808219178082,14.5087123287671,696.65
"792","ALU08",2011,2.81646575342466,16.6691780821918,474.65
"793","ALU08",2012,1.99516393442623,15.8953278688525,439.54
"794","ALU08",2013,1.98301369863014,14.5730684931507,608.68
"795","ALU08",2014,3.12013698630137,15.9510136986301,567.25
"796","ALU08",2015,2.95435616438356,16.9429863013699,443.35
"797","ALU08",2016,2.82565573770492,16.1450546448087,524.2
"798","ALU08",2017,2.49493150684932,17.4722465753425,356.84
"799","ALU08",2018,3.00739726027397,15.365095890411,754.78
"800","ALU08",2019,2.49624657534247,16.5714794520548,450.73
"801","ALU08",2020,3.23338797814208,16.4613934426229,593.95
"802","ALU08",2021,2.63561643835616,15.7850410958904,594.13
"803","ALU08",2022,3.71479452054795,17.5102191780822,450.41
"804","BAS01",1950,6.18695890410959,16.411095890411,832.83
"805","BAS01",1951,5.41213698630137,14.9116438356164,981.87
"806","BAS01",1952,6.23497267759563,15.9152732240437,853.51
"807","BAS01",1953,5.36578082191781,16.4223287671233,580.45
"808","BAS01",1954,4.80493150684932,15.3903561643836,745.56
"809","BAS01",1955,6.18238356164384,16.747397260274,652.12
"810","BAS01",1956,4.3344262295082,14.6550819672131,618.6
"811","BAS01",1957,5.32578082191781,16.007397260274,600.25
"812","BAS01",1958,4.88186301369863,16.3581917808219,746.74
"813","BAS01",1959,4.74438356164384,16.3589589041096,1029.07
"814","BAS01",1960,4.11718579234973,15.9520765027322,1077.71
"815","BAS01",1961,4.3573698630137,17.8999726027397,954.05
"816","BAS01",1962,3.85213698630137,16.9952328767123,747.81
"817","BAS01",1963,2.89145205479452,15.8068493150685,927.57
"818","BAS01",1964,3.77784153005464,17.2240163934426,732.02
"819","BAS01",1965,3.71906849315068,16.1237260273973,918.93
"820","BAS01",1966,4.88778082191781,16.4538082191781,1045.47
"821","BAS01",1967,4.45865753424658,16.8959726027397,752.28
"822","BAS01",1968,5.09505464480874,16.4267486338798,875.28
"823","BAS01",1969,4.99117808219178,15.2904109589041,945.98
"824","BAS01",1970,4.77479452054795,16.5503561643836,685.03
"825","BAS01",1971,4.64243835616438,15.8026301369863,928
"826","BAS01",1972,3.97505464480874,15.0669672131148,1040.95
"827","BAS01",1973,4.58304109589041,16.4541917808219,710.86
"828","BAS01",1974,4.36323287671233,15.7850684931507,864.93
"829","BAS01",1975,4.3352602739726,16.1751506849315,789.98
"830","BAS01",1976,4.08912568306011,16.3765027322404,858.01
"831","BAS01",1977,4.26071232876712,15.993397260274,891.73
"832","BAS01",1978,3.46715068493151,16.2433698630137,868.11
"833","BAS01",1979,4.86805479452055,15.6820547945205,1056.39
"834","BAS01",1980,4.24532786885246,16.3514480874317,809.37
"835","BAS01",1981,5.24602739726027,17.3240273972603,821.3
"836","BAS01",1982,5.80016438356164,16.8824383561644,915.43
"837","BAS01",1983,5.75106849315068,17.429397260274,634.03
"838","BAS01",1984,4.785,15.7705737704918,938.16
"839","BAS01",1985,5.09364383561644,17.0445479452055,661.68
"840","BAS01",1986,5.4406301369863,16.4235616438356,777.22
"841","BAS01",1987,6.00602739726027,16.8102465753425,750.1
"842","BAS01",1988,5.89117486338798,16.7382240437158,854.8
"843","BAS01",1989,6.71252054794521,17.8191506849315,664.31
"844","BAS01",1990,6.20342465753425,17.6661643835616,758.81
"845","BAS01",1991,5.67295890410959,16.3356438356164,680.13
"846","BAS01",1992,5.64327868852459,16.2907103825137,884.14
"847","BAS01",1993,5.12613698630137,16.3937534246575,807.91
"848","BAS01",1994,6.36071232876712,17.6944109589041,773.55
"849","BAS01",1995,6.39575342465753,17.6628219178082,703.74
"850","BAS01",1996,6.16245901639344,15.9667213114754,946.68
"851","BAS01",1997,7.35375342465753,17.4418082191781,882.8
"852","BAS01",1998,6.37183561643836,16.4579726027397,777.66
"853","BAS01",1999,6.44747945205479,15.7896438356164,888.97
"854","BAS01",2000,6.45866120218579,16.7286885245902,976.24
"855","BAS01",2001,6.49602739726027,16.5615342465753,720.92
"856","BAS01",2002,7.05139726027397,16.0998904109589,1195.24
"857","BAS01",2003,7.46578082191781,16.7296164383562,998.4
"858","BAS01",2004,6.08781420765027,16.4556284153005,774.16
"859","BAS01",2005,6.11616438356164,15.7313698630137,892.42
"860","BAS01",2006,7.29901369863014,17.0495890410959,873.47
"861","BAS01",2007,6.06534246575342,16.2234794520548,1057.82
"862","BAS01",2008,6.13377049180328,15.6154098360656,1310.96
"863","BAS01",2009,6.80290410958904,16.5373150684932,1213.01
"864","BAS01",2010,5.91084931506849,15.0088767123288,1097.02
"865","BAS01",2011,7.48547945205479,17.2816712328767,1076.23
"866","BAS01",2012,6.70636612021858,16.7030327868852,1122.32
"867","BAS01",2013,6.43465753424658,15.4502191780822,1539.68
"868","BAS01",2014,7.40882191780822,16.6814794520548,1471.5
"869","BAS01",2015,7.24186301369863,17.1988219178082,1232.86
"870","BAS01",2016,6.86669398907104,16.429781420765,1100.63
"871","BAS01",2017,6.83994520547945,17.2106575342466,1164.32
"872","BAS01",2018,7.18915068493151,16.2858356164384,1439.17
"873","BAS01",2019,6.72956164383562,17.0667671232877,1333.53
"874","BAS01",2020,7.2442349726776,17.4839617486339,1109.68
"875","BAS01",2021,6.69684931506849,16.9926575342466,692.84
"876","BAS01",2022,8.0641095890411,19.264904109589,496.49
"877","BAS02",1950,6.18695890410959,16.411095890411,832.83
"878","BAS02",1951,5.41213698630137,14.9116438356164,981.87
"879","BAS02",1952,6.23497267759563,15.9152732240437,853.51
"880","BAS02",1953,5.36578082191781,16.4223287671233,580.45
"881","BAS02",1954,4.80493150684932,15.3903561643836,745.56
"882","BAS02",1955,6.18238356164384,16.747397260274,652.12
"883","BAS02",1956,4.3344262295082,14.6550819672131,618.6
"884","BAS02",1957,5.32578082191781,16.007397260274,600.25
"885","BAS02",1958,4.88186301369863,16.3581917808219,746.74
"886","BAS02",1959,4.74438356164384,16.3589589041096,1029.07
"887","BAS02",1960,4.11718579234973,15.9520765027322,1077.71
"888","BAS02",1961,4.3573698630137,17.8999726027397,954.05
"889","BAS02",1962,3.85213698630137,16.9952328767123,747.81
"890","BAS02",1963,2.89145205479452,15.8068493150685,927.57
"891","BAS02",1964,3.77784153005464,17.2240163934426,732.02
"892","BAS02",1965,3.71906849315068,16.1237260273973,918.93
"893","BAS02",1966,4.88778082191781,16.4538082191781,1045.47
"894","BAS02",1967,4.45865753424658,16.8959726027397,752.28
"895","BAS02",1968,5.09505464480874,16.4267486338798,875.28
"896","BAS02",1969,4.99117808219178,15.2904109589041,945.98
"897","BAS02",1970,4.77479452054795,16.5503561643836,685.03
"898","BAS02",1971,4.64243835616438,15.8026301369863,928
"899","BAS02",1972,3.97505464480874,15.0669672131148,1040.95
"900","BAS02",1973,4.58304109589041,16.4541917808219,710.86
"901","BAS02",1974,4.36323287671233,15.7850684931507,864.93
"902","BAS02",1975,4.3352602739726,16.1751506849315,789.98
"903","BAS02",1976,4.08912568306011,16.3765027322404,858.01
"904","BAS02",1977,4.26071232876712,15.993397260274,891.73
"905","BAS02",1978,3.46715068493151,16.2433698630137,868.11
"906","BAS02",1979,4.86805479452055,15.6820547945205,1056.39
"907","BAS02",1980,4.24532786885246,16.3514480874317,809.37
"908","BAS02",1981,5.24602739726027,17.3240273972603,821.3
"909","BAS02",1982,5.80016438356164,16.8824383561644,915.43
"910","BAS02",1983,5.75106849315068,17.429397260274,634.03
"911","BAS02",1984,4.785,15.7705737704918,938.16
"912","BAS02",1985,5.09364383561644,17.0445479452055,661.68
"913","BAS02",1986,5.4406301369863,16.4235616438356,777.22
"914","BAS02",1987,6.00602739726027,16.8102465753425,750.1
"915","BAS02",1988,5.89117486338798,16.7382240437158,854.8
"916","BAS02",1989,6.71252054794521,17.8191506849315,664.31
"917","BAS02",1990,6.20342465753425,17.6661643835616,758.81
"918","BAS02",1991,5.67295890410959,16.3356438356164,680.13
"919","BAS02",1992,5.64327868852459,16.2907103825137,884.14
"920","BAS02",1993,5.12613698630137,16.3937534246575,807.91
"921","BAS02",1994,6.36071232876712,17.6944109589041,773.55
"922","BAS02",1995,6.39575342465753,17.6628219178082,703.74
"923","BAS02",1996,6.16245901639344,15.9667213114754,946.68
"924","BAS02",1997,7.35375342465753,17.4418082191781,882.8
"925","BAS02",1998,6.37183561643836,16.4579726027397,777.66
"926","BAS02",1999,6.44747945205479,15.7896438356164,888.97
"927","BAS02",2000,6.45866120218579,16.7286885245902,976.24
"928","BAS02",2001,6.49602739726027,16.5615342465753,720.92
"929","BAS02",2002,7.05139726027397,16.0998904109589,1195.24
"930","BAS02",2003,7.46578082191781,16.7296164383562,998.4
"931","BAS02",2004,6.08781420765027,16.4556284153005,774.16
"932","BAS02",2005,6.11616438356164,15.7313698630137,892.42
"933","BAS02",2006,7.29901369863014,17.0495890410959,873.47
"934","BAS02",2007,6.06534246575342,16.2234794520548,1057.82
"935","BAS02",2008,6.13377049180328,15.6154098360656,1310.96
"936","BAS02",2009,6.80290410958904,16.5373150684932,1213.01
"937","BAS02",2010,5.91084931506849,15.0088767123288,1097.02
"938","BAS02",2011,7.48547945205479,17.2816712328767,1076.23
"939","BAS02",2012,6.70636612021858,16.7030327868852,1122.32
"940","BAS02",2013,6.43465753424658,15.4502191780822,1539.68
"941","BAS02",2014,7.40882191780822,16.6814794520548,1471.5
"942","BAS02",2015,7.24186301369863,17.1988219178082,1232.86
"943","BAS02",2016,6.86669398907104,16.429781420765,1100.63
"944","BAS02",2017,6.83994520547945,17.2106575342466,1164.32
"945","BAS02",2018,7.18915068493151,16.2858356164384,1439.17
"946","BAS02",2019,6.72956164383562,17.0667671232877,1333.53
"947","BAS02",2020,7.2442349726776,17.4839617486339,1109.68
"948","BAS02",2021,6.69684931506849,16.9926575342466,692.84
"949","BAS02",2022,8.0641095890411,19.264904109589,496.49
"950","BAS03",1950,6.18695890410959,16.411095890411,832.83
"951","BAS03",1951,5.41213698630137,14.9116438356164,981.87
"952","BAS03",1952,6.23497267759563,15.9152732240437,853.51
"953","BAS03",1953,5.36578082191781,16.4223287671233,580.45
"954","BAS03",1954,4.80493150684932,15.3903561643836,745.56
"955","BAS03",1955,6.18238356164384,16.747397260274,652.12
"956","BAS03",1956,4.3344262295082,14.6550819672131,618.6
"957","BAS03",1957,5.32578082191781,16.007397260274,600.25
"958","BAS03",1958,4.88186301369863,16.3581917808219,746.74
"959","BAS03",1959,4.74438356164384,16.3589589041096,1029.07
"960","BAS03",1960,4.11718579234973,15.9520765027322,1077.71
"961","BAS03",1961,4.3573698630137,17.8999726027397,954.05
"962","BAS03",1962,3.85213698630137,16.9952328767123,747.81
"963","BAS03",1963,2.89145205479452,15.8068493150685,927.57
"964","BAS03",1964,3.77784153005464,17.2240163934426,732.02
"965","BAS03",1965,3.71906849315068,16.1237260273973,918.93
"966","BAS03",1966,4.88778082191781,16.4538082191781,1045.47
"967","BAS03",1967,4.45865753424658,16.8959726027397,752.28
"968","BAS03",1968,5.09505464480874,16.4267486338798,875.28
"969","BAS03",1969,4.99117808219178,15.2904109589041,945.98
"970","BAS03",1970,4.77479452054795,16.5503561643836,685.03
"971","BAS03",1971,4.64243835616438,15.8026301369863,928
"972","BAS03",1972,3.97505464480874,15.0669672131148,1040.95
"973","BAS03",1973,4.58304109589041,16.4541917808219,710.86
"974","BAS03",1974,4.36323287671233,15.7850684931507,864.93
"975","BAS03",1975,4.3352602739726,16.1751506849315,789.98
"976","BAS03",1976,4.08912568306011,16.3765027322404,858.01
"977","BAS03",1977,4.26071232876712,15.993397260274,891.73
"978","BAS03",1978,3.46715068493151,16.2433698630137,868.11
"979","BAS03",1979,4.86805479452055,15.6820547945205,1056.39
"980","BAS03",1980,4.24532786885246,16.3514480874317,809.37
"981","BAS03",1981,5.24602739726027,17.3240273972603,821.3
"982","BAS03",1982,5.80016438356164,16.8824383561644,915.43
"983","BAS03",1983,5.75106849315068,17.429397260274,634.03
"984","BAS03",1984,4.785,15.7705737704918,938.16
"985","BAS03",1985,5.09364383561644,17.0445479452055,661.68
"986","BAS03",1986,5.4406301369863,16.4235616438356,777.22
"987","BAS03",1987,6.00602739726027,16.8102465753425,750.1
"988","BAS03",1988,5.89117486338798,16.7382240437158,854.8
"989","BAS03",1989,6.71252054794521,17.8191506849315,664.31
"990","BAS03",1990,6.20342465753425,17.6661643835616,758.81
"991","BAS03",1991,5.67295890410959,16.3356438356164,680.13
"992","BAS03",1992,5.64327868852459,16.2907103825137,884.14
"993","BAS03",1993,5.12613698630137,16.3937534246575,807.91
"994","BAS03",1994,6.36071232876712,17.6944109589041,773.55
"995","BAS03",1995,6.39575342465753,17.6628219178082,703.74
"996","BAS03",1996,6.16245901639344,15.9667213114754,946.68
"997","BAS03",1997,7.35375342465753,17.4418082191781,882.8
"998","BAS03",1998,6.37183561643836,16.4579726027397,777.66
"999","BAS03",1999,6.44747945205479,15.7896438356164,888.97
"1000","BAS03",2000,6.45866120218579,16.7286885245902,976.24
"1001","BAS03",2001,6.49602739726027,16.5615342465753,720.92
"1002","BAS03",2002,7.05139726027397,16.0998904109589,1195.24
"1003","BAS03",2003,7.46578082191781,16.7296164383562,998.4
"1004","BAS03",2004,6.08781420765027,16.4556284153005,774.16
"1005","BAS03",2005,6.11616438356164,15.7313698630137,892.42
"1006","BAS03",2006,7.29901369863014,17.0495890410959,873.47
"1007","BAS03",2007,6.06534246575342,16.2234794520548,1057.82
"1008","BAS03",2008,6.13377049180328,15.6154098360656,1310.96
"1009","BAS03",2009,6.80290410958904,16.5373150684932,1213.01
"1010","BAS03",2010,5.91084931506849,15.0088767123288,1097.02
"1011","BAS03",2011,7.48547945205479,17.2816712328767,1076.23
"1012","BAS03",2012,6.70636612021858,16.7030327868852,1122.32
"1013","BAS03",2013,6.43465753424658,15.4502191780822,1539.68
"1014","BAS03",2014,7.40882191780822,16.6814794520548,1471.5
"1015","BAS03",2015,7.24186301369863,17.1988219178082,1232.86
"1016","BAS03",2016,6.86669398907104,16.429781420765,1100.63
"1017","BAS03",2017,6.83994520547945,17.2106575342466,1164.32
"1018","BAS03",2018,7.18915068493151,16.2858356164384,1439.17
"1019","BAS03",2019,6.72956164383562,17.0667671232877,1333.53
"1020","BAS03",2020,7.2442349726776,17.4839617486339,1109.68
"1021","BAS03",2021,6.69684931506849,16.9926575342466,692.84
"1022","BAS03",2022,8.0641095890411,19.264904109589,496.49
"1023","BAS04",1950,6.18695890410959,16.411095890411,832.83
"1024","BAS04",1951,5.41213698630137,14.9116438356164,981.87
"1025","BAS04",1952,6.23497267759563,15.9152732240437,853.51
"1026","BAS04",1953,5.36578082191781,16.4223287671233,580.45
"1027","BAS04",1954,4.80493150684932,15.3903561643836,745.56
"1028","BAS04",1955,6.18238356164384,16.747397260274,652.12
"1029","BAS04",1956,4.3344262295082,14.6550819672131,618.6
"1030","BAS04",1957,5.32578082191781,16.007397260274,600.25
"1031","BAS04",1958,4.88186301369863,16.3581917808219,746.74
"1032","BAS04",1959,4.74438356164384,16.3589589041096,1029.07
"1033","BAS04",1960,4.11718579234973,15.9520765027322,1077.71
"1034","BAS04",1961,4.3573698630137,17.8999726027397,954.05
"1035","BAS04",1962,3.85213698630137,16.9952328767123,747.81
"1036","BAS04",1963,2.89145205479452,15.8068493150685,927.57
"1037","BAS04",1964,3.77784153005464,17.2240163934426,732.02
"1038","BAS04",1965,3.71906849315068,16.1237260273973,918.93
"1039","BAS04",1966,4.88778082191781,16.4538082191781,1045.47
"1040","BAS04",1967,4.45865753424658,16.8959726027397,752.28
"1041","BAS04",1968,5.09505464480874,16.4267486338798,875.28
"1042","BAS04",1969,4.99117808219178,15.2904109589041,945.98
"1043","BAS04",1970,4.77479452054795,16.5503561643836,685.03
"1044","BAS04",1971,4.64243835616438,15.8026301369863,928
"1045","BAS04",1972,3.97505464480874,15.0669672131148,1040.95
"1046","BAS04",1973,4.58304109589041,16.4541917808219,710.86
"1047","BAS04",1974,4.36323287671233,15.7850684931507,864.93
"1048","BAS04",1975,4.3352602739726,16.1751506849315,789.98
"1049","BAS04",1976,4.08912568306011,16.3765027322404,858.01
"1050","BAS04",1977,4.26071232876712,15.993397260274,891.73
"1051","BAS04",1978,3.46715068493151,16.2433698630137,868.11
"1052","BAS04",1979,4.86805479452055,15.6820547945205,1056.39
"1053","BAS04",1980,4.24532786885246,16.3514480874317,809.37
"1054","BAS04",1981,5.24602739726027,17.3240273972603,821.3
"1055","BAS04",1982,5.80016438356164,16.8824383561644,915.43
"1056","BAS04",1983,5.75106849315068,17.429397260274,634.03
"1057","BAS04",1984,4.785,15.7705737704918,938.16
"1058","BAS04",1985,5.09364383561644,17.0445479452055,661.68
"1059","BAS04",1986,5.4406301369863,16.4235616438356,777.22
"1060","BAS04",1987,6.00602739726027,16.8102465753425,750.1
"1061","BAS04",1988,5.89117486338798,16.7382240437158,854.8
"1062","BAS04",1989,6.71252054794521,17.8191506849315,664.31
"1063","BAS04",1990,6.20342465753425,17.6661643835616,758.81
"1064","BAS04",1991,5.67295890410959,16.3356438356164,680.13
"1065","BAS04",1992,5.64327868852459,16.2907103825137,884.14
"1066","BAS04",1993,5.12613698630137,16.3937534246575,807.91
"1067","BAS04",1994,6.36071232876712,17.6944109589041,773.55
"1068","BAS04",1995,6.39575342465753,17.6628219178082,703.74
"1069","BAS04",1996,6.16245901639344,15.9667213114754,946.68
"1070","BAS04",1997,7.35375342465753,17.4418082191781,882.8
"1071","BAS04",1998,6.37183561643836,16.4579726027397,777.66
"1072","BAS04",1999,6.44747945205479,15.7896438356164,888.97
"1073","BAS04",2000,6.45866120218579,16.7286885245902,976.24
"1074","BAS04",2001,6.49602739726027,16.5615342465753,720.92
"1075","BAS04",2002,7.05139726027397,16.0998904109589,1195.24
"1076","BAS04",2003,7.46578082191781,16.7296164383562,998.4
"1077","BAS04",2004,6.08781420765027,16.4556284153005,774.16
"1078","BAS04",2005,6.11616438356164,15.7313698630137,892.42
"1079","BAS04",2006,7.29901369863014,17.0495890410959,873.47
"1080","BAS04",2007,6.06534246575342,16.2234794520548,1057.82
"1081","BAS04",2008,6.13377049180328,15.6154098360656,1310.96
"1082","BAS04",2009,6.80290410958904,16.5373150684932,1213.01
"1083","BAS04",2010,5.91084931506849,15.0088767123288,1097.02
"1084","BAS04",2011,7.48547945205479,17.2816712328767,1076.23
"1085","BAS04",2012,6.70636612021858,16.7030327868852,1122.32
"1086","BAS04",2013,6.43465753424658,15.4502191780822,1539.68
"1087","BAS04",2014,7.40882191780822,16.6814794520548,1471.5
"1088","BAS04",2015,7.24186301369863,17.1988219178082,1232.86
"1089","BAS04",2016,6.86669398907104,16.429781420765,1100.63
"1090","BAS04",2017,6.83994520547945,17.2106575342466,1164.32
"1091","BAS04",2018,7.18915068493151,16.2858356164384,1439.17
"1092","BAS04",2019,6.72956164383562,17.0667671232877,1333.53
"1093","BAS04",2020,7.2442349726776,17.4839617486339,1109.68
"1094","BAS04",2021,6.69684931506849,16.9926575342466,692.84
"1095","BAS04",2022,8.0641095890411,19.264904109589,496.49
"1096","BAS05",1950,6.18695890410959,16.411095890411,832.83
"1097","BAS05",1951,5.41213698630137,14.9116438356164,981.87
"1098","BAS05",1952,6.23497267759563,15.9152732240437,853.51
"1099","BAS05",1953,5.36578082191781,16.4223287671233,580.45
"1100","BAS05",1954,4.80493150684932,15.3903561643836,745.56
"1101","BAS05",1955,6.18238356164384,16.747397260274,652.12
"1102","BAS05",1956,4.3344262295082,14.6550819672131,618.6
"1103","BAS05",1957,5.32578082191781,16.007397260274,600.25
"1104","BAS05",1958,4.88186301369863,16.3581917808219,746.74
"1105","BAS05",1959,4.74438356164384,16.3589589041096,1029.07
"1106","BAS05",1960,4.11718579234973,15.9520765027322,1077.71
"1107","BAS05",1961,4.3573698630137,17.8999726027397,954.05
"1108","BAS05",1962,3.85213698630137,16.9952328767123,747.81
"1109","BAS05",1963,2.89145205479452,15.8068493150685,927.57
"1110","BAS05",1964,3.77784153005464,17.2240163934426,732.02
"1111","BAS05",1965,3.71906849315068,16.1237260273973,918.93
"1112","BAS05",1966,4.88778082191781,16.4538082191781,1045.47
"1113","BAS05",1967,4.45865753424658,16.8959726027397,752.28
"1114","BAS05",1968,5.09505464480874,16.4267486338798,875.28
"1115","BAS05",1969,4.99117808219178,15.2904109589041,945.98
"1116","BAS05",1970,4.77479452054795,16.5503561643836,685.03
"1117","BAS05",1971,4.64243835616438,15.8026301369863,928
"1118","BAS05",1972,3.97505464480874,15.0669672131148,1040.95
"1119","BAS05",1973,4.58304109589041,16.4541917808219,710.86
"1120","BAS05",1974,4.36323287671233,15.7850684931507,864.93
"1121","BAS05",1975,4.3352602739726,16.1751506849315,789.98
"1122","BAS05",1976,4.08912568306011,16.3765027322404,858.01
"1123","BAS05",1977,4.26071232876712,15.993397260274,891.73
"1124","BAS05",1978,3.46715068493151,16.2433698630137,868.11
"1125","BAS05",1979,4.86805479452055,15.6820547945205,1056.39
"1126","BAS05",1980,4.24532786885246,16.3514480874317,809.37
"1127","BAS05",1981,5.24602739726027,17.3240273972603,821.3
"1128","BAS05",1982,5.80016438356164,16.8824383561644,915.43
"1129","BAS05",1983,5.75106849315068,17.429397260274,634.03
"1130","BAS05",1984,4.785,15.7705737704918,938.16
"1131","BAS05",1985,5.09364383561644,17.0445479452055,661.68
"1132","BAS05",1986,5.4406301369863,16.4235616438356,777.22
"1133","BAS05",1987,6.00602739726027,16.8102465753425,750.1
"1134","BAS05",1988,5.89117486338798,16.7382240437158,854.8
"1135","BAS05",1989,6.71252054794521,17.8191506849315,664.31
"1136","BAS05",1990,6.20342465753425,17.6661643835616,758.81
"1137","BAS05",1991,5.67295890410959,16.3356438356164,680.13
"1138","BAS05",1992,5.64327868852459,16.2907103825137,884.14
"1139","BAS05",1993,5.12613698630137,16.3937534246575,807.91
"1140","BAS05",1994,6.36071232876712,17.6944109589041,773.55
"1141","BAS05",1995,6.39575342465753,17.6628219178082,703.74
"1142","BAS05",1996,6.16245901639344,15.9667213114754,946.68
"1143","BAS05",1997,7.35375342465753,17.4418082191781,882.8
"1144","BAS05",1998,6.37183561643836,16.4579726027397,777.66
"1145","BAS05",1999,6.44747945205479,15.7896438356164,888.97
"1146","BAS05",2000,6.45866120218579,16.7286885245902,976.24
"1147","BAS05",2001,6.49602739726027,16.5615342465753,720.92
"1148","BAS05",2002,7.05139726027397,16.0998904109589,1195.24
"1149","BAS05",2003,7.46578082191781,16.7296164383562,998.4
"1150","BAS05",2004,6.08781420765027,16.4556284153005,774.16
"1151","BAS05",2005,6.11616438356164,15.7313698630137,892.42
"1152","BAS05",2006,7.29901369863014,17.0495890410959,873.47
"1153","BAS05",2007,6.06534246575342,16.2234794520548,1057.82
"1154","BAS05",2008,6.13377049180328,15.6154098360656,1310.96
"1155","BAS05",2009,6.80290410958904,16.5373150684932,1213.01
"1156","BAS05",2010,5.91084931506849,15.0088767123288,1097.02
"1157","BAS05",2011,7.48547945205479,17.2816712328767,1076.23
"1158","BAS05",2012,6.70636612021858,16.7030327868852,1122.32
"1159","BAS05",2013,6.43465753424658,15.4502191780822,1539.68
"1160","BAS05",2014,7.40882191780822,16.6814794520548,1471.5
"1161","BAS05",2015,7.24186301369863,17.1988219178082,1232.86
"1162","BAS05",2016,6.86669398907104,16.429781420765,1100.63
"1163","BAS05",2017,6.83994520547945,17.2106575342466,1164.32
"1164","BAS05",2018,7.18915068493151,16.2858356164384,1439.17
"1165","BAS05",2019,6.72956164383562,17.0667671232877,1333.53
"1166","BAS05",2020,7.2442349726776,17.4839617486339,1109.68
"1167","BAS05",2021,6.69684931506849,16.9926575342466,692.84
"1168","BAS05",2022,8.0641095890411,19.264904109589,496.49
"1169","BAS06",1950,6.49147945205479,16.6456712328767,826.89
"1170","BAS06",1951,5.71693150684932,15.1494246575342,972.78
"1171","BAS06",1952,6.53680327868852,16.1491256830601,845.81
"1172","BAS06",1953,5.66487671232877,16.6588767123288,573.58
"1173","BAS06",1954,5.10509589041096,15.6298356164384,736.53
"1174","BAS06",1955,6.48271232876712,16.9887397260274,644.85
"1175","BAS06",1956,4.63344262295082,14.8951092896175,611.88
"1176","BAS06",1957,5.6246301369863,16.2448219178082,590.89
"1177","BAS06",1958,5.19221917808219,16.594602739726,738.07
"1178","BAS06",1959,5.05972602739726,16.5945479452055,1017.03
"1179","BAS06",1960,4.43158469945355,16.1867213114754,1067.61
"1180","BAS06",1961,4.67646575342466,18.1316712328767,946.78
"1181","BAS06",1962,4.16638356164384,17.2295890410959,741.03
"1182","BAS06",1963,3.20531506849315,16.0372876712329,917.03
"1183","BAS06",1964,4.09054644808743,17.4507650273224,725.67
"1184","BAS06",1965,4.0272602739726,16.3509863013699,910.59
"1185","BAS06",1966,5.18928767123288,16.6826849315068,1038.04
"1186","BAS06",1967,4.76252054794521,17.1207397260274,750.52
"1187","BAS06",1968,5.40256830601093,16.6544808743169,866.55
"1188","BAS06",1969,5.3001095890411,15.5173424657534,934.91
"1189","BAS06",1970,5.08520547945206,16.7757808219178,678.13
"1190","BAS06",1971,4.95317808219178,16.0290410958904,917.32
"1191","BAS06",1972,4.28765027322404,15.2916666666667,1030.08
"1192","BAS06",1973,4.89805479452055,16.6776438356164,701.47
"1193","BAS06",1974,4.67808219178082,16.0107123287671,857.36
"1194","BAS06",1975,4.65158904109589,16.4,782.76
"1195","BAS06",1976,4.41147540983607,16.6020765027322,852
"1196","BAS06",1977,4.57695890410959,16.2185479452055,878.34
"1197","BAS06",1978,3.78997260273973,16.4678904109589,856.04
"1198","BAS06",1979,5.17646575342466,15.9107671232877,1048.83
"1199","BAS06",1980,4.55601092896175,16.5742349726776,802.31
"1200","BAS06",1981,5.55243835616438,17.5508493150685,811.47
"1201","BAS06",1982,6.10712328767123,17.1109589041096,907.1
"1202","BAS06",1983,6.05561643835616,17.6565479452055,630.69
"1203","BAS06",1984,5.09120218579235,15.9965573770492,932.22
"1204","BAS06",1985,5.39832876712329,17.2713698630137,654.32
"1205","BAS06",1986,5.74413698630137,16.6518904109589,770.29
"1206","BAS06",1987,6.30920547945205,17.0368493150685,743.76
"1207","BAS06",1988,6.19319672131148,16.9644262295082,842.29
"1208","BAS06",1989,7.01131506849315,18.047095890411,658.4
"1209","BAS06",1990,6.50504109589041,17.8936438356164,749.74
"1210","BAS06",1991,5.97917808219178,16.5657260273973,675.91
"1211","BAS06",1992,5.94841530054645,16.5206010928962,874.4
"1212","BAS06",1993,5.43471232876712,16.6229315068493,801.76
"1213","BAS06",1994,6.66709589041096,17.9238356164384,765.44
"1214","BAS06",1995,6.69660273972603,17.8962465753425,694.62
"1215","BAS06",1996,6.46232240437158,16.2010382513661,935.84
"1216","BAS06",1997,7.6507397260274,17.6789315068493,872.67
"1217","BAS06",1998,6.66972602739726,16.6933698630137,769
"1218","BAS06",1999,6.74813698630137,16.024602739726,878.18
"1219","BAS06",2000,6.7596174863388,16.9675409836066,967.25
"1220","BAS06",2001,6.79734246575342,16.8007123287671,714.01
"1221","BAS06",2002,7.34920547945205,16.3383835616438,1180.95
"1222","BAS06",2003,7.76539726027397,16.9683287671233,990.27
"1223","BAS06",2004,6.38994535519126,16.6918032786885,767.14
"1224","BAS06",2005,6.41690410958904,15.9688219178082,886.73
"1225","BAS06",2006,7.6001095890411,17.2868219178082,861.88
"1226","BAS06",2007,6.36347945205479,16.461095890411,1049.84
"1227","BAS06",2008,6.43098360655738,15.8535245901639,1297.39
"1228","BAS06",2009,7.10180821917808,16.7771506849315,1202.56
"1229","BAS06",2010,6.21019178082192,15.246602739726,1084.51
"1230","BAS06",2011,7.78452054794521,17.5223835616438,1063.89
"1231","BAS06",2012,7.00573770491803,16.9425409836066,1113.15
"1232","BAS06",2013,6.7352602739726,15.6863835616438,1524.24
"1233","BAS06",2014,7.70843835616438,16.9179726027397,1456.97
"1234","BAS06",2015,7.53906849315069,17.4360273972603,1221.12
"1235","BAS06",2016,7.16603825136612,16.6665846994536,1090.32
"1236","BAS06",2017,7.13893150684931,17.4533150684932,1150.79
"1237","BAS06",2018,7.48841095890411,16.523095890411,1423.69
"1238","BAS06",2019,7.02967123287671,17.3061917808219,1320.7
"1239","BAS06",2020,7.54415300546448,17.7219945355191,1098.26
"1240","BAS06",2021,6.99665753424657,17.23,685.51
"1241","BAS06",2022,8.36035616438356,19.5033424657534,491.82
"1242","CED01",1950,3.8681095890411,14.7974794520548,303.87
"1243","CED01",1951,3.09983561643836,12.8346849315068,629.85
"1244","CED01",1952,3.65825136612022,14.2851639344262,414.06
"1245","CED01",1953,3.58216438356164,14.3457534246575,328.98
"1246","CED01",1954,3.18249315068493,13.9984109589041,362.95
"1247","CED01",1955,4.78241095890411,14.7241643835616,543.48
"1248","CED01",1956,2.41691256830601,12.8953278688525,436.78
"1249","CED01",1957,3.22797260273973,13.8735068493151,500.11
"1250","CED01",1958,3.91706849315068,14.1147671232877,390.42
"1251","CED01",1959,3.98778082191781,13.4265753424658,746.26
"1252","CED01",1960,3.68931693989071,13.6514207650273,637.3
"1253","CED01",1961,2.5806301369863,15.5139178082192,457.62
"1254","CED01",1962,2.14120547945205,14.3948767123288,590.97
"1255","CED01",1963,1.81150684931507,13.4510684931507,597.86
"1256","CED01",1964,2.31530054644809,15.0395081967213,453.75
"1257","CED01",1965,1.94723287671233,14.196602739726,589.89
"1258","CED01",1966,2.47106849315068,14.5526849315068,551.73
"1259","CED01",1967,1.75375342465753,14.8983561643836,455.39
"1260","CED01",1968,2.19344262295082,14.5219398907104,551.35
"1261","CED01",1969,1.61150684931507,12.8087671232877,778.26
"1262","CED01",1970,1.41786301369863,14.4135068493151,470.64
"1263","CED01",1971,1.30528767123288,12.9101643835616,764.15
"1264","CED01",1972,1.43275956284153,12.4742896174863,713.44
"1265","CED01",1973,1.68942465753425,14.2233424657534,461.19
"1266","CED01",1974,1.74235616438356,13.639095890411,582.06
"1267","CED01",1975,1.78997260273973,13.7730410958904,631.13
"1268","CED01",1976,1.60650273224044,13.4654644808743,560.76
"1269","CED01",1977,1.95632876712329,13.6115616438356,717.21
"1270","CED01",1978,1.54232876712329,14.1272876712329,406.47
"1271","CED01",1979,2.41509589041096,14.1684109589041,590.17
"1272","CED01",1980,1.51360655737705,14.3539617486339,486.38
"1273","CED01",1981,2.02969863013699,15.2240273972603,398.8
"1274","CED01",1982,2.92052054794521,14.6354246575342,593.78
"1275","CED01",1983,2.86515068493151,15.5770136986301,323.6
"1276","CED01",1984,2.13311475409836,13.5396448087432,571.82
"1277","CED01",1985,3.34586301369863,14.8794794520548,375.66
"1278","CED01",1986,2.80175342465753,14.660602739726,551.89
"1279","CED01",1987,3.2858904109589,15.2260273972603,526.41
"1280","CED01",1988,2.62043715846995,14.9459836065574,596.3
"1281","CED01",1989,3.56123287671233,15.2568493150685,630.28
"1282","CED01",1990,2.92865753424658,15.304602739726,457.35
"1283","CED01",1991,2.16597260273973,14.3053424657534,448.89
"1284","CED01",1992,2.13237704918033,14.6431967213115,401.1
"1285","CED01",1993,1.57301369863014,14.4821095890411,353.17
"1286","CED01",1994,3.03583561643836,16.4785205479452,399.39
"1287","CED01",1995,2.7801095890411,15.8809315068493,338.15
"1288","CED01",1996,2.48508196721311,14.6255191256831,581.17
"1289","CED01",1997,3.57591780821918,15.7403561643836,543.13
"1290","CED01",1998,2.50504109589041,15.4841369863014,471.99
"1291","CED01",1999,2.5741095890411,15.0768219178082,456.71
"1292","CED01",2000,2.45275956284153,15.7552459016393,464
"1293","CED01",2001,2.7267397260274,15.6412054794521,348.44
"1294","CED01",2002,3.33290410958904,15.2705205479452,657.91
"1295","CED01",2003,3.54808219178082,15.5306575342466,611.46
"1296","CED01",2004,2.5542349726776,15.2325683060109,444.06
"1297","CED01",2005,2.42846575342466,15.5411506849315,371.75
"1298","CED01",2006,3.93120547945205,16.3044931506849,435.09
"1299","CED01",2007,2.84712328767123,15.3309315068493,517.77
"1300","CED01",2008,3.02887978142076,14.4740983606557,704.95
"1301","CED01",2009,3.58008219178082,16.0334520547945,462.42
"1302","CED01",2010,2.83613698630137,14.0945205479452,645.31
"1303","CED01",2011,3.79879452054795,16.1292054794521,545.85
"1304","CED01",2012,3.12390710382514,15.7142349726776,499.52
"1305","CED01",2013,2.86202739726027,14.405397260274,599.43
"1306","CED01",2014,4.0906301369863,15.8488219178082,468.26
"1307","CED01",2015,4.07706849315069,16.3408493150685,538.09
"1308","CED01",2016,3.75784153005464,15.7819398907104,478.76
"1309","CED01",2017,3.60947945205479,16.7943835616438,398.75
"1310","CED01",2018,3.76002739726027,15.0230684931507,840.52
"1311","CED01",2019,3.33679452054795,16.309698630137,424.25
"1312","CED01",2020,4.07095628415301,16.2445081967213,736.12
"1313","CED01",2021,3.71567123287671,15.3285479452055,605.54
"1314","CED01",2022,4.96994520547945,17.2081643835616,572.18
"1315","CED02",1950,3.8681095890411,14.7974794520548,303.87
"1316","CED02",1951,3.09983561643836,12.8346849315068,629.85
"1317","CED02",1952,3.65825136612022,14.2851639344262,414.06
"1318","CED02",1953,3.58216438356164,14.3457534246575,328.98
"1319","CED02",1954,3.18249315068493,13.9984109589041,362.95
"1320","CED02",1955,4.78241095890411,14.7241643835616,543.48
"1321","CED02",1956,2.41691256830601,12.8953278688525,436.78
"1322","CED02",1957,3.22797260273973,13.8735068493151,500.11
"1323","CED02",1958,3.91706849315068,14.1147671232877,390.42
"1324","CED02",1959,3.98778082191781,13.4265753424658,746.26
"1325","CED02",1960,3.68931693989071,13.6514207650273,637.3
"1326","CED02",1961,2.5806301369863,15.5139178082192,457.62
"1327","CED02",1962,2.14120547945205,14.3948767123288,590.97
"1328","CED02",1963,1.81150684931507,13.4510684931507,597.86
"1329","CED02",1964,2.31530054644809,15.0395081967213,453.75
"1330","CED02",1965,1.94723287671233,14.196602739726,589.89
"1331","CED02",1966,2.47106849315068,14.5526849315068,551.73
"1332","CED02",1967,1.75375342465753,14.8983561643836,455.39
"1333","CED02",1968,2.19344262295082,14.5219398907104,551.35
"1334","CED02",1969,1.61150684931507,12.8087671232877,778.26
"1335","CED02",1970,1.41786301369863,14.4135068493151,470.64
"1336","CED02",1971,1.30528767123288,12.9101643835616,764.15
"1337","CED02",1972,1.43275956284153,12.4742896174863,713.44
"1338","CED02",1973,1.68942465753425,14.2233424657534,461.19
"1339","CED02",1974,1.74235616438356,13.639095890411,582.06
"1340","CED02",1975,1.78997260273973,13.7730410958904,631.13
"1341","CED02",1976,1.60650273224044,13.4654644808743,560.76
"1342","CED02",1977,1.95632876712329,13.6115616438356,717.21
"1343","CED02",1978,1.54232876712329,14.1272876712329,406.47
"1344","CED02",1979,2.41509589041096,14.1684109589041,590.17
"1345","CED02",1980,1.51360655737705,14.3539617486339,486.38
"1346","CED02",1981,2.02969863013699,15.2240273972603,398.8
"1347","CED02",1982,2.92052054794521,14.6354246575342,593.78
"1348","CED02",1983,2.86515068493151,15.5770136986301,323.6
"1349","CED02",1984,2.13311475409836,13.5396448087432,571.82
"1350","CED02",1985,3.34586301369863,14.8794794520548,375.66
"1351","CED02",1986,2.80175342465753,14.660602739726,551.89
"1352","CED02",1987,3.2858904109589,15.2260273972603,526.41
"1353","CED02",1988,2.62043715846995,14.9459836065574,596.3
"1354","CED02",1989,3.56123287671233,15.2568493150685,630.28
"1355","CED02",1990,2.92865753424658,15.304602739726,457.35
"1356","CED02",1991,2.16597260273973,14.3053424657534,448.89
"1357","CED02",1992,2.13237704918033,14.6431967213115,401.1
"1358","CED02",1993,1.57301369863014,14.4821095890411,353.17
"1359","CED02",1994,3.03583561643836,16.4785205479452,399.39
"1360","CED02",1995,2.7801095890411,15.8809315068493,338.15
"1361","CED02",1996,2.48508196721311,14.6255191256831,581.17
"1362","CED02",1997,3.57591780821918,15.7403561643836,543.13
"1363","CED02",1998,2.50504109589041,15.4841369863014,471.99
"1364","CED02",1999,2.5741095890411,15.0768219178082,456.71
"1365","CED02",2000,2.45275956284153,15.7552459016393,464
"1366","CED02",2001,2.7267397260274,15.6412054794521,348.44
"1367","CED02",2002,3.33290410958904,15.2705205479452,657.91
"1368","CED02",2003,3.54808219178082,15.5306575342466,611.46
"1369","CED02",2004,2.5542349726776,15.2325683060109,444.06
"1370","CED02",2005,2.42846575342466,15.5411506849315,371.75
"1371","CED02",2006,3.93120547945205,16.3044931506849,435.09
"1372","CED02",2007,2.84712328767123,15.3309315068493,517.77
"1373","CED02",2008,3.02887978142076,14.4740983606557,704.95
"1374","CED02",2009,3.58008219178082,16.0334520547945,462.42
"1375","CED02",2010,2.83613698630137,14.0945205479452,645.31
"1376","CED02",2011,3.79879452054795,16.1292054794521,545.85
"1377","CED02",2012,3.12390710382514,15.7142349726776,499.52
"1378","CED02",2013,2.86202739726027,14.405397260274,599.43
"1379","CED02",2014,4.0906301369863,15.8488219178082,468.26
"1380","CED02",2015,4.07706849315069,16.3408493150685,538.09
"1381","CED02",2016,3.75784153005464,15.7819398907104,478.76
"1382","CED02",2017,3.60947945205479,16.7943835616438,398.75
"1383","CED02",2018,3.76002739726027,15.0230684931507,840.52
"1384","CED02",2019,3.33679452054795,16.309698630137,424.25
"1385","CED02",2020,4.07095628415301,16.2445081967213,736.12
"1386","CED02",2021,3.71567123287671,15.3285479452055,605.54
"1387","CED02",2022,4.96994520547945,17.2081643835616,572.18
"1388","CED03",1950,3.8681095890411,14.7974794520548,303.87
"1389","CED03",1951,3.09983561643836,12.8346849315068,629.85
"1390","CED03",1952,3.65825136612022,14.2851639344262,414.06
"1391","CED03",1953,3.58216438356164,14.3457534246575,328.98
"1392","CED03",1954,3.18249315068493,13.9984109589041,362.95
"1393","CED03",1955,4.78241095890411,14.7241643835616,543.48
"1394","CED03",1956,2.41691256830601,12.8953278688525,436.78
"1395","CED03",1957,3.22797260273973,13.8735068493151,500.11
"1396","CED03",1958,3.91706849315068,14.1147671232877,390.42
"1397","CED03",1959,3.98778082191781,13.4265753424658,746.26
"1398","CED03",1960,3.68931693989071,13.6514207650273,637.3
"1399","CED03",1961,2.5806301369863,15.5139178082192,457.62
"1400","CED03",1962,2.14120547945205,14.3948767123288,590.97
"1401","CED03",1963,1.81150684931507,13.4510684931507,597.86
"1402","CED03",1964,2.31530054644809,15.0395081967213,453.75
"1403","CED03",1965,1.94723287671233,14.196602739726,589.89
"1404","CED03",1966,2.47106849315068,14.5526849315068,551.73
"1405","CED03",1967,1.75375342465753,14.8983561643836,455.39
"1406","CED03",1968,2.19344262295082,14.5219398907104,551.35
"1407","CED03",1969,1.61150684931507,12.8087671232877,778.26
"1408","CED03",1970,1.41786301369863,14.4135068493151,470.64
"1409","CED03",1971,1.30528767123288,12.9101643835616,764.15
"1410","CED03",1972,1.43275956284153,12.4742896174863,713.44
"1411","CED03",1973,1.68942465753425,14.2233424657534,461.19
"1412","CED03",1974,1.74235616438356,13.639095890411,582.06
"1413","CED03",1975,1.78997260273973,13.7730410958904,631.13
"1414","CED03",1976,1.60650273224044,13.4654644808743,560.76
"1415","CED03",1977,1.95632876712329,13.6115616438356,717.21
"1416","CED03",1978,1.54232876712329,14.1272876712329,406.47
"1417","CED03",1979,2.41509589041096,14.1684109589041,590.17
"1418","CED03",1980,1.51360655737705,14.3539617486339,486.38
"1419","CED03",1981,2.02969863013699,15.2240273972603,398.8
"1420","CED03",1982,2.92052054794521,14.6354246575342,593.78
"1421","CED03",1983,2.86515068493151,15.5770136986301,323.6
"1422","CED03",1984,2.13311475409836,13.5396448087432,571.82
"1423","CED03",1985,3.34586301369863,14.8794794520548,375.66
"1424","CED03",1986,2.80175342465753,14.660602739726,551.89
"1425","CED03",1987,3.2858904109589,15.2260273972603,526.41
"1426","CED03",1988,2.62043715846995,14.9459836065574,596.3
"1427","CED03",1989,3.56123287671233,15.2568493150685,630.28
"1428","CED03",1990,2.92865753424658,15.304602739726,457.35
"1429","CED03",1991,2.16597260273973,14.3053424657534,448.89
"1430","CED03",1992,2.13237704918033,14.6431967213115,401.1
"1431","CED03",1993,1.57301369863014,14.4821095890411,353.17
"1432","CED03",1994,3.03583561643836,16.4785205479452,399.39
"1433","CED03",1995,2.7801095890411,15.8809315068493,338.15
"1434","CED03",1996,2.48508196721311,14.6255191256831,581.17
"1435","CED03",1997,3.57591780821918,15.7403561643836,543.13
"1436","CED03",1998,2.50504109589041,15.4841369863014,471.99
"1437","CED03",1999,2.5741095890411,15.0768219178082,456.71
"1438","CED03",2000,2.45275956284153,15.7552459016393,464
"1439","CED03",2001,2.7267397260274,15.6412054794521,348.44
"1440","CED03",2002,3.33290410958904,15.2705205479452,657.91
"1441","CED03",2003,3.54808219178082,15.5306575342466,611.46
"1442","CED03",2004,2.5542349726776,15.2325683060109,444.06
"1443","CED03",2005,2.42846575342466,15.5411506849315,371.75
"1444","CED03",2006,3.93120547945205,16.3044931506849,435.09
"1445","CED03",2007,2.84712328767123,15.3309315068493,517.77
"1446","CED03",2008,3.02887978142076,14.4740983606557,704.95
"1447","CED03",2009,3.58008219178082,16.0334520547945,462.42
"1448","CED03",2010,2.83613698630137,14.0945205479452,645.31
"1449","CED03",2011,3.79879452054795,16.1292054794521,545.85
"1450","CED03",2012,3.12390710382514,15.7142349726776,499.52
"1451","CED03",2013,2.86202739726027,14.405397260274,599.43
"1452","CED03",2014,4.0906301369863,15.8488219178082,468.26
"1453","CED03",2015,4.07706849315069,16.3408493150685,538.09
"1454","CED03",2016,3.75784153005464,15.7819398907104,478.76
"1455","CED03",2017,3.60947945205479,16.7943835616438,398.75
"1456","CED03",2018,3.76002739726027,15.0230684931507,840.52
"1457","CED03",2019,3.33679452054795,16.309698630137,424.25
"1458","CED03",2020,4.07095628415301,16.2445081967213,736.12
"1459","CED03",2021,3.71567123287671,15.3285479452055,605.54
"1460","CED03",2022,4.96994520547945,17.2081643835616,572.18
"1461","CED04",1950,3.8681095890411,14.7974794520548,303.87
"1462","CED04",1951,3.09983561643836,12.8346849315068,629.85
"1463","CED04",1952,3.65825136612022,14.2851639344262,414.06
"1464","CED04",1953,3.58216438356164,14.3457534246575,328.98
"1465","CED04",1954,3.18249315068493,13.9984109589041,362.95
"1466","CED04",1955,4.78241095890411,14.7241643835616,543.48
"1467","CED04",1956,2.41691256830601,12.8953278688525,436.78
"1468","CED04",1957,3.22797260273973,13.8735068493151,500.11
"1469","CED04",1958,3.91706849315068,14.1147671232877,390.42
"1470","CED04",1959,3.98778082191781,13.4265753424658,746.26
"1471","CED04",1960,3.68931693989071,13.6514207650273,637.3
"1472","CED04",1961,2.5806301369863,15.5139178082192,457.62
"1473","CED04",1962,2.14120547945205,14.3948767123288,590.97
"1474","CED04",1963,1.81150684931507,13.4510684931507,597.86
"1475","CED04",1964,2.31530054644809,15.0395081967213,453.75
"1476","CED04",1965,1.94723287671233,14.196602739726,589.89
"1477","CED04",1966,2.47106849315068,14.5526849315068,551.73
"1478","CED04",1967,1.75375342465753,14.8983561643836,455.39
"1479","CED04",1968,2.19344262295082,14.5219398907104,551.35
"1480","CED04",1969,1.61150684931507,12.8087671232877,778.26
"1481","CED04",1970,1.41786301369863,14.4135068493151,470.64
"1482","CED04",1971,1.30528767123288,12.9101643835616,764.15
"1483","CED04",1972,1.43275956284153,12.4742896174863,713.44
"1484","CED04",1973,1.68942465753425,14.2233424657534,461.19
"1485","CED04",1974,1.74235616438356,13.639095890411,582.06
"1486","CED04",1975,1.78997260273973,13.7730410958904,631.13
"1487","CED04",1976,1.60650273224044,13.4654644808743,560.76
"1488","CED04",1977,1.95632876712329,13.6115616438356,717.21
"1489","CED04",1978,1.54232876712329,14.1272876712329,406.47
"1490","CED04",1979,2.41509589041096,14.1684109589041,590.17
"1491","CED04",1980,1.51360655737705,14.3539617486339,486.38
"1492","CED04",1981,2.02969863013699,15.2240273972603,398.8
"1493","CED04",1982,2.92052054794521,14.6354246575342,593.78
"1494","CED04",1983,2.86515068493151,15.5770136986301,323.6
"1495","CED04",1984,2.13311475409836,13.5396448087432,571.82
"1496","CED04",1985,3.34586301369863,14.8794794520548,375.66
"1497","CED04",1986,2.80175342465753,14.660602739726,551.89
"1498","CED04",1987,3.2858904109589,15.2260273972603,526.41
"1499","CED04",1988,2.62043715846995,14.9459836065574,596.3
"1500","CED04",1989,3.56123287671233,15.2568493150685,630.28
"1501","CED04",1990,2.92865753424658,15.304602739726,457.35
"1502","CED04",1991,2.16597260273973,14.3053424657534,448.89
"1503","CED04",1992,2.13237704918033,14.6431967213115,401.1
"1504","CED04",1993,1.57301369863014,14.4821095890411,353.17
"1505","CED04",1994,3.03583561643836,16.4785205479452,399.39
"1506","CED04",1995,2.7801095890411,15.8809315068493,338.15
"1507","CED04",1996,2.48508196721311,14.6255191256831,581.17
"1508","CED04",1997,3.57591780821918,15.7403561643836,543.13
"1509","CED04",1998,2.50504109589041,15.4841369863014,471.99
"1510","CED04",1999,2.5741095890411,15.0768219178082,456.71
"1511","CED04",2000,2.45275956284153,15.7552459016393,464
"1512","CED04",2001,2.7267397260274,15.6412054794521,348.44
"1513","CED04",2002,3.33290410958904,15.2705205479452,657.91
"1514","CED04",2003,3.54808219178082,15.5306575342466,611.46
"1515","CED04",2004,2.5542349726776,15.2325683060109,444.06
"1516","CED04",2005,2.42846575342466,15.5411506849315,371.75
"1517","CED04",2006,3.93120547945205,16.3044931506849,435.09
"1518","CED04",2007,2.84712328767123,15.3309315068493,517.77
"1519","CED04",2008,3.02887978142076,14.4740983606557,704.95
"1520","CED04",2009,3.58008219178082,16.0334520547945,462.42
"1521","CED04",2010,2.83613698630137,14.0945205479452,645.31
"1522","CED04",2011,3.79879452054795,16.1292054794521,545.85
"1523","CED04",2012,3.12390710382514,15.7142349726776,499.52
"1524","CED04",2013,2.86202739726027,14.405397260274,599.43
"1525","CED04",2014,4.0906301369863,15.8488219178082,468.26
"1526","CED04",2015,4.07706849315069,16.3408493150685,538.09
"1527","CED04",2016,3.75784153005464,15.7819398907104,478.76
"1528","CED04",2017,3.60947945205479,16.7943835616438,398.75
"1529","CED04",2018,3.76002739726027,15.0230684931507,840.52
"1530","CED04",2019,3.33679452054795,16.309698630137,424.25
"1531","CED04",2020,4.07095628415301,16.2445081967213,736.12
"1532","CED04",2021,3.71567123287671,15.3285479452055,605.54
"1533","CED04",2022,4.96994520547945,17.2081643835616,572.18
"1534","CED05",1950,3.65605479452055,14.6116712328767,309.8
"1535","CED05",1951,2.8867397260274,12.6491506849315,643.9
"1536","CED05",1952,3.4548087431694,14.1037431693989,423.67
"1537","CED05",1953,3.37832876712329,14.1667123287671,334.15
"1538","CED05",1954,2.97506849315069,13.8182465753425,368.56
"1539","CED05",1955,4.5741095890411,14.5422739726027,556.26
"1540","CED05",1956,2.20609289617486,12.7127049180328,444.29
"1541","CED05",1957,3.02052054794521,13.692602739726,508.69
"1542","CED05",1958,3.69920547945205,13.929698630137,400.05
"1543","CED05",1959,3.76808219178082,13.2424931506849,759.83
"1544","CED05",1960,3.4674043715847,13.466912568306,651.21
"1545","CED05",1961,2.37347945205479,15.3303835616438,468.32
"1546","CED05",1962,1.93167123287671,14.2116164383562,603.96
"1547","CED05",1963,1.59808219178082,13.2669315068493,614.05
"1548","CED05",1964,2.10838797814208,14.8560655737705,464.48
"1549","CED05",1965,1.73920547945205,14.012,603.11
"1550","CED05",1966,2.26698630136986,14.3667671232877,565.53
"1551","CED05",1967,1.55268493150685,14.7150410958904,466.19
"1552","CED05",1968,1.98800546448087,14.3348633879781,562.53
"1553","CED05",1969,1.41,12.6214246575342,794.72
"1554","CED05",1970,1.21835616438356,14.228904109589,483.72
"1555","CED05",1971,1.10230136986301,12.7242191780822,781.72
"1556","CED05",1972,1.22284153005464,12.2832786885246,731.51
"1557","CED05",1973,1.48652054794521,14.0384931506849,469.91
"1558","CED05",1974,1.53287671232877,13.4509315068493,593.23
"1559","CED05",1975,1.58145205479452,13.5864109589041,643.03
"1560","CED05",1976,1.39956284153005,13.278087431694,572.94
"1561","CED05",1977,1.74731506849315,13.4254520547945,736.36
"1562","CED05",1978,1.33312328767123,13.9392328767123,416.38
"1563","CED05",1979,2.20898630136986,13.9784383561644,603.27
"1564","CED05",1980,1.31169398907104,14.1712021857923,496.52
"1565","CED05",1981,1.82841095890411,15.0382465753425,407.11
"1566","CED05",1982,2.71323287671233,14.4489863013699,607.02
"1567","CED05",1983,2.66246575342466,15.3914794520548,328.27
"1568","CED05",1984,1.92530054644809,13.3529781420765,581.94
"1569","CED05",1985,3.13997260273973,14.6962739726027,385.73
"1570","CED05",1986,2.60230136986301,14.4725753424658,563.65
"1571","CED05",1987,3.08597260273973,15.0432602739726,540.09
"1572","CED05",1988,2.42377049180328,14.759781420765,607.37
"1573","CED05",1989,3.36794520547945,15.0678904109589,644.69
"1574","CED05",1990,2.73764383561644,15.1178630136986,467.55
"1575","CED05",1991,1.97364383561644,14.1185753424658,459.89
"1576","CED05",1992,1.93726775956284,14.4557650273224,410.98
"1577","CED05",1993,1.37906849315068,14.2947123287671,361.58
"1578","CED05",1994,2.84221917808219,16.290904109589,408.54
"1579","CED05",1995,2.58265753424658,15.6869863013699,344.82
"1580","CED05",1996,2.28549180327869,14.4322950819672,597.62
"1581","CED05",1997,3.37679452054795,15.551397260274,555.72
"1582","CED05",1998,2.31139726027397,15.2951780821918,483.37
"1583","CED05",1999,2.37961643835616,14.8879726027397,466.29
"1584","CED05",2000,2.26207650273224,15.5670218579235,474.74
"1585","CED05",2001,2.53249315068493,15.452904109589,358.3
"1586","CED05",2002,3.1387397260274,15.08,670.93
"1587","CED05",2003,3.35509589041096,15.3417534246575,622.67
"1588","CED05",2004,2.35453551912568,15.0434972677596,454.82
"1589","CED05",2005,2.23367123287671,15.3475890410959,380.34
"1590","CED05",2006,3.7432602739726,16.1207671232877,445.78
"1591","CED05",2007,2.65608219178082,15.1458356164384,526.41
"1592","CED05",2008,2.83562841530055,14.275737704918,720.17
"1593","CED05",2009,3.39219178082192,15.8353424657534,476.41
"1594","CED05",2010,2.64178082191781,13.8984931506849,658.08
"1595","CED05",2011,3.60652054794521,15.9252602739726,557.89
"1596","CED05",2012,2.93505464480874,15.5091803278689,511.8
"1597","CED05",2013,2.6672602739726,14.1985479452055,616.9
"1598","CED05",2014,3.89030136986301,15.6372328767123,481.92
"1599","CED05",2015,3.88698630136986,16.1371506849315,549.61
"1600","CED05",2016,3.56106557377049,15.5760928961749,490.14
"1601","CED05",2017,3.41786301369863,16.5855890410959,411.16
"1602","CED05",2018,3.56482191780822,14.8160547945205,860.46
"1603","CED05",2019,3.14380821917808,16.1046849315068,434.51
"1604","CED05",2020,3.88169398907104,16.0337158469945,757.42
"1605","CED05",2021,3.52279452054795,15.1204109589041,619.34
"1606","CED05",2022,4.78575342465753,16.9973698630137,587.02
"1607","CED06",1950,3.8681095890411,14.7974794520548,303.87
"1608","CED06",1951,3.09983561643836,12.8346849315068,629.85
"1609","CED06",1952,3.65825136612022,14.2851639344262,414.06
"1610","CED06",1953,3.58216438356164,14.3457534246575,328.98
"1611","CED06",1954,3.18249315068493,13.9984109589041,362.95
"1612","CED06",1955,4.78241095890411,14.7241643835616,543.48
"1613","CED06",1956,2.41691256830601,12.8953278688525,436.78
"1614","CED06",1957,3.22797260273973,13.8735068493151,500.11
"1615","CED06",1958,3.91706849315068,14.1147671232877,390.42
"1616","CED06",1959,3.98778082191781,13.4265753424658,746.26
"1617","CED06",1960,3.68931693989071,13.6514207650273,637.3
"1618","CED06",1961,2.5806301369863,15.5139178082192,457.62
"1619","CED06",1962,2.14120547945205,14.3948767123288,590.97
"1620","CED06",1963,1.81150684931507,13.4510684931507,597.86
"1621","CED06",1964,2.31530054644809,15.0395081967213,453.75
"1622","CED06",1965,1.94723287671233,14.196602739726,589.89
"1623","CED06",1966,2.47106849315068,14.5526849315068,551.73
"1624","CED06",1967,1.75375342465753,14.8983561643836,455.39
"1625","CED06",1968,2.19344262295082,14.5219398907104,551.35
"1626","CED06",1969,1.61150684931507,12.8087671232877,778.26
"1627","CED06",1970,1.41786301369863,14.4135068493151,470.64
"1628","CED06",1971,1.30528767123288,12.9101643835616,764.15
"1629","CED06",1972,1.43275956284153,12.4742896174863,713.44
"1630","CED06",1973,1.68942465753425,14.2233424657534,461.19
"1631","CED06",1974,1.74235616438356,13.639095890411,582.06
"1632","CED06",1975,1.78997260273973,13.7730410958904,631.13
"1633","CED06",1976,1.60650273224044,13.4654644808743,560.76
"1634","CED06",1977,1.95632876712329,13.6115616438356,717.21
"1635","CED06",1978,1.54232876712329,14.1272876712329,406.47
"1636","CED06",1979,2.41509589041096,14.1684109589041,590.17
"1637","CED06",1980,1.51360655737705,14.3539617486339,486.38
"1638","CED06",1981,2.02969863013699,15.2240273972603,398.8
"1639","CED06",1982,2.92052054794521,14.6354246575342,593.78
"1640","CED06",1983,2.86515068493151,15.5770136986301,323.6
"1641","CED06",1984,2.13311475409836,13.5396448087432,571.82
"1642","CED06",1985,3.34586301369863,14.8794794520548,375.66
"1643","CED06",1986,2.80175342465753,14.660602739726,551.89
"1644","CED06",1987,3.2858904109589,15.2260273972603,526.41
"1645","CED06",1988,2.62043715846995,14.9459836065574,596.3
"1646","CED06",1989,3.56123287671233,15.2568493150685,630.28
"1647","CED06",1990,2.92865753424658,15.304602739726,457.35
"1648","CED06",1991,2.16597260273973,14.3053424657534,448.89
"1649","CED06",1992,2.13237704918033,14.6431967213115,401.1
"1650","CED06",1993,1.57301369863014,14.4821095890411,353.17
"1651","CED06",1994,3.03583561643836,16.4785205479452,399.39
"1652","CED06",1995,2.7801095890411,15.8809315068493,338.15
"1653","CED06",1996,2.48508196721311,14.6255191256831,581.17
"1654","CED06",1997,3.57591780821918,15.7403561643836,543.13
"1655","CED06",1998,2.50504109589041,15.4841369863014,471.99
"1656","CED06",1999,2.5741095890411,15.0768219178082,456.71
"1657","CED06",2000,2.45275956284153,15.7552459016393,464
"1658","CED06",2001,2.7267397260274,15.6412054794521,348.44
"1659","CED06",2002,3.33290410958904,15.2705205479452,657.91
"1660","CED06",2003,3.54808219178082,15.5306575342466,611.46
"1661","CED06",2004,2.5542349726776,15.2325683060109,444.06
"1662","CED06",2005,2.42846575342466,15.5411506849315,371.75
"1663","CED06",2006,3.93120547945205,16.3044931506849,435.09
"1664","CED06",2007,2.84712328767123,15.3309315068493,517.77
"1665","CED06",2008,3.02887978142076,14.4740983606557,704.95
"1666","CED06",2009,3.58008219178082,16.0334520547945,462.42
"1667","CED06",2010,2.83613698630137,14.0945205479452,645.31
"1668","CED06",2011,3.79879452054795,16.1292054794521,545.85
"1669","CED06",2012,3.12390710382514,15.7142349726776,499.52
"1670","CED06",2013,2.86202739726027,14.405397260274,599.43
"1671","CED06",2014,4.0906301369863,15.8488219178082,468.26
"1672","CED06",2015,4.07706849315069,16.3408493150685,538.09
"1673","CED06",2016,3.75784153005464,15.7819398907104,478.76
"1674","CED06",2017,3.60947945205479,16.7943835616438,398.75
"1675","CED06",2018,3.76002739726027,15.0230684931507,840.52
"1676","CED06",2019,3.33679452054795,16.309698630137,424.25
"1677","CED06",2020,4.07095628415301,16.2445081967213,736.12
"1678","CED06",2021,3.71567123287671,15.3285479452055,605.54
"1679","CED06",2022,4.96994520547945,17.2081643835616,572.18
"1680","COR01",1950,4.92794520547945,16.3683287671233,283.06
"1681","COR01",1951,4.17339726027397,14.3905753424658,543.16
"1682","COR01",1952,4.53601092896175,15.756174863388,362.97
"1683","COR01",1953,4.52627397260274,15.8339452054795,318.57
"1684","COR01",1954,4.16654794520548,15.4885753424658,330.14
"1685","COR01",1955,5.81931506849315,16.2344931506849,513.02
"1686","COR01",1956,3.46663934426229,14.388087431694,383.33
"1687","COR01",1957,4.23745205479452,15.3832876712329,436.25
"1688","COR01",1958,5.11241095890411,15.6670684931507,359.66
"1689","COR01",1959,5.22339726027397,14.9808219178082,649.99
"1690","COR01",1960,4.93956284153005,15.1977868852459,572.09
"1691","COR01",1961,3.52791780821918,17.1051232876712,407.72
"1692","COR01",1962,3.11597260273973,15.954904109589,505.48
"1693","COR01",1963,2.84095890410959,14.9898082191781,515.12
"1694","COR01",1964,3.22016393442623,16.5933333333333,378.2
"1695","COR01",1965,2.92435616438356,15.762301369863,494.42
"1696","COR01",1966,3.36734246575342,16.1176164383562,476.53
"1697","COR01",1967,2.55243835616438,16.4398630136986,361.77
"1698","COR01",1968,3.0703825136612,16.1198087431694,463.69
"1699","COR01",1969,2.45060273972603,14.3841369863014,673.03
"1700","COR01",1970,2.21041095890411,15.97,410.25
"1701","COR01",1971,2.15583561643836,14.457095890411,653.5
"1702","COR01",1972,2.4305737704918,14.1150273224044,587.64
"1703","COR01",1973,2.55734246575342,15.7810410958904,408.11
"1704","COR01",1974,2.70175342465753,15.2564657534247,504.67
"1705","COR01",1975,2.75427397260274,15.3711506849315,571.42
"1706","COR01",1976,2.56590163934426,15.098606557377,488.13
"1707","COR01",1977,2.95917808219178,15.1955890410959,602.84
"1708","COR01",1978,2.52021917808219,15.7255890410959,358.3
"1709","COR01",1979,3.35715068493151,15.8068493150685,523.56
"1710","COR01",1980,2.37035519125683,15.9056010928962,424.81
"1711","COR01",1981,2.84035616438356,16.8241095890411,338.43
"1712","COR01",1982,3.88098630136986,16.2447397260274,508.51
"1713","COR01",1983,3.71917808219178,17.1702191780822,290.17
"1714","COR01",1984,3.07959016393443,15.1262295081967,485.81
"1715","COR01",1985,4.28975342465753,16.432,322.42
"1716","COR01",1986,3.62649315068493,16.268301369863,496.99
"1717","COR01",1987,4.1321095890411,16.7618356164384,455.72
"1718","COR01",1988,3.37784153005464,16.5373770491803,525.37
"1719","COR01",1989,4.26832876712329,16.9189589041096,552.07
"1720","COR01",1990,3.60197260273973,16.9403835616438,374.11
"1721","COR01",1991,2.88005479452055,15.9090410958904,388.1
"1722","COR01",1992,2.83994535519126,16.2884699453552,325.46
"1723","COR01",1993,2.28309589041096,16.1194794520548,290.8
"1724","COR01",1994,3.76241095890411,18.1346849315069,335.29
"1725","COR01",1995,3.55139726027397,17.6293698630137,303.25
"1726","COR01",1996,3.3198087431694,16.3548907103825,476.7
"1727","COR01",1997,4.40065753424658,17.3980273972603,496.85
"1728","COR01",1998,3.2218904109589,17.1206301369863,388.82
"1729","COR01",1999,3.30778082191781,16.7067397260274,414.32
"1730","COR01",2000,3.08562841530055,17.3964480874317,394.57
"1731","COR01",2001,3.41276712328767,17.2735068493151,272.97
"1732","COR01",2002,4.06364383561644,16.9448219178082,587.54
"1733","COR01",2003,4.21498630136986,17.1838630136986,539.91
"1734","COR01",2004,3.33975409836066,16.9045901639344,374.92
"1735","COR01",2005,3.13819178082192,17.2823287671233,303.62
"1736","COR01",2006,4.53079452054795,17.8587123287671,361.23
"1737","COR01",2007,3.48597260273973,16.9057808219178,455.25
"1738","COR01",2008,3.72765027322404,16.3134426229508,568.29
"1739","COR01",2009,4.19471232876712,17.8705205479452,352.38
"1740","COR01",2010,3.60586301369863,15.8750684931507,581.17
"1741","COR01",2011,4.51232876712329,18.1009589041096,423.29
"1742","COR01",2012,3.74081967213115,17.6744262295082,398.47
"1743","COR01",2013,3.57654794520548,16.3677260273973,447.07
"1744","COR01",2014,4.91947945205479,17.9484109589041,370.46
"1745","COR01",2015,4.71205479452055,18.3225479452055,441.48
"1746","COR01",2016,4.54021857923497,17.7950546448087,400.76
"1747","COR01",2017,4.27408219178082,18.8734246575342,300.34
"1748","COR01",2018,4.53547945205479,17.0264657534247,661.76
"1749","COR01",2019,4.04515068493151,18.2664657534247,346.47
"1750","COR01",2020,4.73139344262295,18.3141530054645,550.85
"1751","COR01",2021,4.43706849315068,17.3568493150685,523.82
"1752","COR01",2022,5.52438356164384,19.2862739726027,414.38
"1753","COR02",1950,4.92794520547945,16.3683287671233,283.06
"1754","COR02",1951,4.17339726027397,14.3905753424658,543.16
"1755","COR02",1952,4.53601092896175,15.756174863388,362.97
"1756","COR02",1953,4.52627397260274,15.8339452054795,318.57
"1757","COR02",1954,4.16654794520548,15.4885753424658,330.14
"1758","COR02",1955,5.81931506849315,16.2344931506849,513.02
"1759","COR02",1956,3.46663934426229,14.388087431694,383.33
"1760","COR02",1957,4.23745205479452,15.3832876712329,436.25
"1761","COR02",1958,5.11241095890411,15.6670684931507,359.66
"1762","COR02",1959,5.22339726027397,14.9808219178082,649.99
"1763","COR02",1960,4.93956284153005,15.1977868852459,572.09
"1764","COR02",1961,3.52791780821918,17.1051232876712,407.72
"1765","COR02",1962,3.11597260273973,15.954904109589,505.48
"1766","COR02",1963,2.84095890410959,14.9898082191781,515.12
"1767","COR02",1964,3.22016393442623,16.5933333333333,378.2
"1768","COR02",1965,2.92435616438356,15.762301369863,494.42
"1769","COR02",1966,3.36734246575342,16.1176164383562,476.53
"1770","COR02",1967,2.55243835616438,16.4398630136986,361.77
"1771","COR02",1968,3.0703825136612,16.1198087431694,463.69
"1772","COR02",1969,2.45060273972603,14.3841369863014,673.03
"1773","COR02",1970,2.21041095890411,15.97,410.25
"1774","COR02",1971,2.15583561643836,14.457095890411,653.5
"1775","COR02",1972,2.4305737704918,14.1150273224044,587.64
"1776","COR02",1973,2.55734246575342,15.7810410958904,408.11
"1777","COR02",1974,2.70175342465753,15.2564657534247,504.67
"1778","COR02",1975,2.75427397260274,15.3711506849315,571.42
"1779","COR02",1976,2.56590163934426,15.098606557377,488.13
"1780","COR02",1977,2.95917808219178,15.1955890410959,602.84
"1781","COR02",1978,2.52021917808219,15.7255890410959,358.3
"1782","COR02",1979,3.35715068493151,15.8068493150685,523.56
"1783","COR02",1980,2.37035519125683,15.9056010928962,424.81
"1784","COR02",1981,2.84035616438356,16.8241095890411,338.43
"1785","COR02",1982,3.88098630136986,16.2447397260274,508.51
"1786","COR02",1983,3.71917808219178,17.1702191780822,290.17
"1787","COR02",1984,3.07959016393443,15.1262295081967,485.81
"1788","COR02",1985,4.28975342465753,16.432,322.42
"1789","COR02",1986,3.62649315068493,16.268301369863,496.99
"1790","COR02",1987,4.1321095890411,16.7618356164384,455.72
"1791","COR02",1988,3.37784153005464,16.5373770491803,525.37
"1792","COR02",1989,4.26832876712329,16.9189589041096,552.07
"1793","COR02",1990,3.60197260273973,16.9403835616438,374.11
"1794","COR02",1991,2.88005479452055,15.9090410958904,388.1
"1795","COR02",1992,2.83994535519126,16.2884699453552,325.46
"1796","COR02",1993,2.28309589041096,16.1194794520548,290.8
"1797","COR02",1994,3.76241095890411,18.1346849315069,335.29
"1798","COR02",1995,3.55139726027397,17.6293698630137,303.25
"1799","COR02",1996,3.3198087431694,16.3548907103825,476.7
"1800","COR02",1997,4.40065753424658,17.3980273972603,496.85
"1801","COR02",1998,3.2218904109589,17.1206301369863,388.82
"1802","COR02",1999,3.30778082191781,16.7067397260274,414.32
"1803","COR02",2000,3.08562841530055,17.3964480874317,394.57
"1804","COR02",2001,3.41276712328767,17.2735068493151,272.97
"1805","COR02",2002,4.06364383561644,16.9448219178082,587.54
"1806","COR02",2003,4.21498630136986,17.1838630136986,539.91
"1807","COR02",2004,3.33975409836066,16.9045901639344,374.92
"1808","COR02",2005,3.13819178082192,17.2823287671233,303.62
"1809","COR02",2006,4.53079452054795,17.8587123287671,361.23
"1810","COR02",2007,3.48597260273973,16.9057808219178,455.25
"1811","COR02",2008,3.72765027322404,16.3134426229508,568.29
"1812","COR02",2009,4.19471232876712,17.8705205479452,352.38
"1813","COR02",2010,3.60586301369863,15.8750684931507,581.17
"1814","COR02",2011,4.51232876712329,18.1009589041096,423.29
"1815","COR02",2012,3.74081967213115,17.6744262295082,398.47
"1816","COR02",2013,3.57654794520548,16.3677260273973,447.07
"1817","COR02",2014,4.91947945205479,17.9484109589041,370.46
"1818","COR02",2015,4.71205479452055,18.3225479452055,441.48
"1819","COR02",2016,4.54021857923497,17.7950546448087,400.76
"1820","COR02",2017,4.27408219178082,18.8734246575342,300.34
"1821","COR02",2018,4.53547945205479,17.0264657534247,661.76
"1822","COR02",2019,4.04515068493151,18.2664657534247,346.47
"1823","COR02",2020,4.73139344262295,18.3141530054645,550.85
"1824","COR02",2021,4.43706849315068,17.3568493150685,523.82
"1825","COR02",2022,5.52438356164384,19.2862739726027,414.38
"1826","COR03",1950,4.63115068493151,16.0555616438356,292.58
"1827","COR03",1951,3.87290410958904,14.0723561643836,561.34
"1828","COR03",1952,4.2466393442623,15.4491530054645,375.42
"1829","COR03",1953,4.24227397260274,15.5357534246575,326.7
"1830","COR03",1954,3.87967123287671,15.1855616438356,340.49
"1831","COR03",1955,5.53271232876712,15.9297534246575,530.52
"1832","COR03",1956,3.17188524590164,14.0824590163934,394.73
"1833","COR03",1957,3.94750684931507,15.0801095890411,446.97
"1834","COR03",1958,4.80375342465753,15.3528767123288,373.15
"1835","COR03",1959,4.91380821917808,14.6669863013699,672.13
"1836","COR03",1960,4.62592896174863,14.8866393442623,592.8
"1837","COR03",1961,3.23158904109589,16.7965479452055,426.9
"1838","COR03",1962,2.81342465753425,15.6497260273973,525.93
"1839","COR03",1963,2.53556164383562,14.6784657534247,538.41
"1840","COR03",1964,2.92311475409836,16.2883333333333,396.52
"1841","COR03",1965,2.62487671232877,15.4511232876712,515.79
"1842","COR03",1966,3.07969863013699,15.8035890410959,496.12
"1843","COR03",1967,2.26838356164384,16.1335890410959,380.5
"1844","COR03",1968,2.77904371584699,15.8058743169399,488.68
"1845","COR03",1969,2.16909589041096,14.0638082191781,699.47
"1846","COR03",1970,1.92772602739726,15.6581095890411,428.38
"1847","COR03",1971,1.86904109589041,14.1401095890411,679.13
"1848","COR03",1972,2.1346174863388,13.7870765027322,614.19
"1849","COR03",1973,2.27219178082192,15.4685753424658,421.72
"1850","COR03",1974,2.40652054794521,14.9372602739726,524.58
"1851","COR03",1975,2.4572602739726,15.0561095890411,589.65
"1852","COR03",1976,2.27308743169399,14.7809016393443,505.83
"1853","COR03",1977,2.66391780821918,14.8800273972603,625.18
"1854","COR03",1978,2.22216438356164,15.4100547945205,372.09
"1855","COR03",1979,3.06638356164384,15.4858082191781,544.98
"1856","COR03",1980,2.085,15.5990710382514,441.96
"1857","COR03",1981,2.55698630136986,16.5148767123288,351.09
"1858","COR03",1982,3.58632876712329,15.9322191780822,527.29
"1859","COR03",1983,3.43586301369863,16.8619452054795,301.44
"1860","COR03",1984,2.78945355191257,14.8114207650273,508.21
"1861","COR03",1985,4.00493150684932,16.1226575342466,338.73
"1862","COR03",1986,3.35391780821918,15.9476438356164,510.51
"1863","COR03",1987,3.86139726027397,16.4512328767123,473.17
"1864","COR03",1988,3.11218579234973,16.2220765027322,543.33
"1865","COR03",1989,4.00797260273973,16.6009589041096,569.69
"1866","COR03",1990,3.34558904109589,16.6248493150685,385.75
"1867","COR03",1991,2.62046575342466,15.5944657534247,401.26
"1868","COR03",1992,2.57311475409836,15.972650273224,338.04
"1869","COR03",1993,2.02079452054795,15.8000821917808,305.09
"1870","COR03",1994,3.50112328767123,17.814602739726,348.27
"1871","COR03",1995,3.28230136986301,17.3015616438356,314.58
"1872","COR03",1996,3.04524590163934,16.0243169398907,499.59
"1873","COR03",1997,4.12635616438356,17.077095890411,513.27
"1874","COR03",1998,2.9586301369863,16.8003835616438,401.46
"1875","COR03",1999,3.04117808219178,16.3823561643836,428.17
"1876","COR03",2000,2.82997267759563,17.0749180327869,407.45
"1877","COR03",2001,3.14742465753425,16.9508493150685,283.69
"1878","COR03",2002,3.80145205479452,16.6193150684932,607.99
"1879","COR03",2003,3.95542465753425,16.8593424657534,557.15
"1880","COR03",2004,3.0674043715847,16.5816666666667,389.61
"1881","COR03",2005,2.87490410958904,16.9555890410959,317.31
"1882","COR03",2006,4.28408219178082,17.5456712328767,377.28
"1883","COR03",2007,3.23117808219178,16.5901095890411,471.34
"1884","COR03",2008,3.4707650273224,15.9758743169399,590.02
"1885","COR03",2009,3.94893150684931,17.5367397260274,372.47
"1886","COR03",2010,3.34717808219178,15.5434520547945,601.74
"1887","COR03",2011,4.2572602739726,17.7547671232877,445.01
"1888","COR03",2012,3.48986338797814,17.3245901639344,417.8
"1889","COR03",2013,3.31605479452055,16.0144109589041,470.78
"1890","COR03",2014,4.64923287671233,17.5848219178082,396.08
"1891","COR03",2015,4.45978082191781,17.9777260273973,461.89
"1892","COR03",2016,4.27472677595628,17.4400546448087,423.24
"1893","COR03",2017,4.01997260273973,18.5201369863014,314.79
"1894","COR03",2018,4.27243835616438,16.6684383561644,688.13
"1895","COR03",2019,3.78523287671233,17.9153424657534,364.13
"1896","COR03",2020,4.48054644808743,17.9543169398907,579.16
"1897","COR03",2021,4.17635616438356,17.0015342465753,542.77
"1898","COR03",2022,5.27956164383562,18.9268493150685,438.8
"1899","COR04",1950,4.63115068493151,16.0555616438356,292.58
"1900","COR04",1951,3.87290410958904,14.0723561643836,561.34
"1901","COR04",1952,4.2466393442623,15.4491530054645,375.42
"1902","COR04",1953,4.24227397260274,15.5357534246575,326.7
"1903","COR04",1954,3.87967123287671,15.1855616438356,340.49
"1904","COR04",1955,5.53271232876712,15.9297534246575,530.52
"1905","COR04",1956,3.17188524590164,14.0824590163934,394.73
"1906","COR04",1957,3.94750684931507,15.0801095890411,446.97
"1907","COR04",1958,4.80375342465753,15.3528767123288,373.15
"1908","COR04",1959,4.91380821917808,14.6669863013699,672.13
"1909","COR04",1960,4.62592896174863,14.8866393442623,592.8
"1910","COR04",1961,3.23158904109589,16.7965479452055,426.9
"1911","COR04",1962,2.81342465753425,15.6497260273973,525.93
"1912","COR04",1963,2.53556164383562,14.6784657534247,538.41
"1913","COR04",1964,2.92311475409836,16.2883333333333,396.52
"1914","COR04",1965,2.62487671232877,15.4511232876712,515.79
"1915","COR04",1966,3.07969863013699,15.8035890410959,496.12
"1916","COR04",1967,2.26838356164384,16.1335890410959,380.5
"1917","COR04",1968,2.77904371584699,15.8058743169399,488.68
"1918","COR04",1969,2.16909589041096,14.0638082191781,699.47
"1919","COR04",1970,1.92772602739726,15.6581095890411,428.38
"1920","COR04",1971,1.86904109589041,14.1401095890411,679.13
"1921","COR04",1972,2.1346174863388,13.7870765027322,614.19
"1922","COR04",1973,2.27219178082192,15.4685753424658,421.72
"1923","COR04",1974,2.40652054794521,14.9372602739726,524.58
"1924","COR04",1975,2.4572602739726,15.0561095890411,589.65
"1925","COR04",1976,2.27308743169399,14.7809016393443,505.83
"1926","COR04",1977,2.66391780821918,14.8800273972603,625.18
"1927","COR04",1978,2.22216438356164,15.4100547945205,372.09
"1928","COR04",1979,3.06638356164384,15.4858082191781,544.98
"1929","COR04",1980,2.085,15.5990710382514,441.96
"1930","COR04",1981,2.55698630136986,16.5148767123288,351.09
"1931","COR04",1982,3.58632876712329,15.9322191780822,527.29
"1932","COR04",1983,3.43586301369863,16.8619452054795,301.44
"1933","COR04",1984,2.78945355191257,14.8114207650273,508.21
"1934","COR04",1985,4.00493150684932,16.1226575342466,338.73
"1935","COR04",1986,3.35391780821918,15.9476438356164,510.51
"1936","COR04",1987,3.86139726027397,16.4512328767123,473.17
"1937","COR04",1988,3.11218579234973,16.2220765027322,543.33
"1938","COR04",1989,4.00797260273973,16.6009589041096,569.69
"1939","COR04",1990,3.34558904109589,16.6248493150685,385.75
"1940","COR04",1991,2.62046575342466,15.5944657534247,401.26
"1941","COR04",1992,2.57311475409836,15.972650273224,338.04
"1942","COR04",1993,2.02079452054795,15.8000821917808,305.09
"1943","COR04",1994,3.50112328767123,17.814602739726,348.27
"1944","COR04",1995,3.28230136986301,17.3015616438356,314.58
"1945","COR04",1996,3.04524590163934,16.0243169398907,499.59
"1946","COR04",1997,4.12635616438356,17.077095890411,513.27
"1947","COR04",1998,2.9586301369863,16.8003835616438,401.46
"1948","COR04",1999,3.04117808219178,16.3823561643836,428.17
"1949","COR04",2000,2.82997267759563,17.0749180327869,407.45
"1950","COR04",2001,3.14742465753425,16.9508493150685,283.69
"1951","COR04",2002,3.80145205479452,16.6193150684932,607.99
"1952","COR04",2003,3.95542465753425,16.8593424657534,557.15
"1953","COR04",2004,3.0674043715847,16.5816666666667,389.61
"1954","COR04",2005,2.87490410958904,16.9555890410959,317.31
"1955","COR04",2006,4.28408219178082,17.5456712328767,377.28
"1956","COR04",2007,3.23117808219178,16.5901095890411,471.34
"1957","COR04",2008,3.4707650273224,15.9758743169399,590.02
"1958","COR04",2009,3.94893150684931,17.5367397260274,372.47
"1959","COR04",2010,3.34717808219178,15.5434520547945,601.74
"1960","COR04",2011,4.2572602739726,17.7547671232877,445.01
"1961","COR04",2012,3.48986338797814,17.3245901639344,417.8
"1962","COR04",2013,3.31605479452055,16.0144109589041,470.78
"1963","COR04",2014,4.64923287671233,17.5848219178082,396.08
"1964","COR04",2015,4.45978082191781,17.9777260273973,461.89
"1965","COR04",2016,4.27472677595628,17.4400546448087,423.24
"1966","COR04",2017,4.01997260273973,18.5201369863014,314.79
"1967","COR04",2018,4.27243835616438,16.6684383561644,688.13
"1968","COR04",2019,3.78523287671233,17.9153424657534,364.13
"1969","COR04",2020,4.48054644808743,17.9543169398907,579.16
"1970","COR04",2021,4.17635616438356,17.0015342465753,542.77
"1971","COR04",2022,5.27956164383562,18.9268493150685,438.8
"1972","COR05",1950,4.92794520547945,16.3683287671233,283.06
"1973","COR05",1951,4.17339726027397,14.3905753424658,543.16
"1974","COR05",1952,4.53601092896175,15.756174863388,362.97
"1975","COR05",1953,4.52627397260274,15.8339452054795,318.57
"1976","COR05",1954,4.16654794520548,15.4885753424658,330.14
"1977","COR05",1955,5.81931506849315,16.2344931506849,513.02
"1978","COR05",1956,3.46663934426229,14.388087431694,383.33
"1979","COR05",1957,4.23745205479452,15.3832876712329,436.25
"1980","COR05",1958,5.11241095890411,15.6670684931507,359.66
"1981","COR05",1959,5.22339726027397,14.9808219178082,649.99
"1982","COR05",1960,4.93956284153005,15.1977868852459,572.09
"1983","COR05",1961,3.52791780821918,17.1051232876712,407.72
"1984","COR05",1962,3.11597260273973,15.954904109589,505.48
"1985","COR05",1963,2.84095890410959,14.9898082191781,515.12
"1986","COR05",1964,3.22016393442623,16.5933333333333,378.2
"1987","COR05",1965,2.92435616438356,15.762301369863,494.42
"1988","COR05",1966,3.36734246575342,16.1176164383562,476.53
"1989","COR05",1967,2.55243835616438,16.4398630136986,361.77
"1990","COR05",1968,3.0703825136612,16.1198087431694,463.69
"1991","COR05",1969,2.45060273972603,14.3841369863014,673.03
"1992","COR05",1970,2.21041095890411,15.97,410.25
"1993","COR05",1971,2.15583561643836,14.457095890411,653.5
"1994","COR05",1972,2.4305737704918,14.1150273224044,587.64
"1995","COR05",1973,2.55734246575342,15.7810410958904,408.11
"1996","COR05",1974,2.70175342465753,15.2564657534247,504.67
"1997","COR05",1975,2.75427397260274,15.3711506849315,571.42
"1998","COR05",1976,2.56590163934426,15.098606557377,488.13
"1999","COR05",1977,2.95917808219178,15.1955890410959,602.84
"2000","COR05",1978,2.52021917808219,15.7255890410959,358.3
"2001","COR05",1979,3.35715068493151,15.8068493150685,523.56
"2002","COR05",1980,2.37035519125683,15.9056010928962,424.81
"2003","COR05",1981,2.84035616438356,16.8241095890411,338.43
"2004","COR05",1982,3.88098630136986,16.2447397260274,508.51
"2005","COR05",1983,3.71917808219178,17.1702191780822,290.17
"2006","COR05",1984,3.07959016393443,15.1262295081967,485.81
"2007","COR05",1985,4.28975342465753,16.432,322.42
"2008","COR05",1986,3.62649315068493,16.268301369863,496.99
"2009","COR05",1987,4.1321095890411,16.7618356164384,455.72
"2010","COR05",1988,3.37784153005464,16.5373770491803,525.37
"2011","COR05",1989,4.26832876712329,16.9189589041096,552.07
"2012","COR05",1990,3.60197260273973,16.9403835616438,374.11
"2013","COR05",1991,2.88005479452055,15.9090410958904,388.1
"2014","COR05",1992,2.83994535519126,16.2884699453552,325.46
"2015","COR05",1993,2.28309589041096,16.1194794520548,290.8
"2016","COR05",1994,3.76241095890411,18.1346849315069,335.29
"2017","COR05",1995,3.55139726027397,17.6293698630137,303.25
"2018","COR05",1996,3.3198087431694,16.3548907103825,476.7
"2019","COR05",1997,4.40065753424658,17.3980273972603,496.85
"2020","COR05",1998,3.2218904109589,17.1206301369863,388.82
"2021","COR05",1999,3.30778082191781,16.7067397260274,414.32
"2022","COR05",2000,3.08562841530055,17.3964480874317,394.57
"2023","COR05",2001,3.41276712328767,17.2735068493151,272.97
"2024","COR05",2002,4.06364383561644,16.9448219178082,587.54
"2025","COR05",2003,4.21498630136986,17.1838630136986,539.91
"2026","COR05",2004,3.33975409836066,16.9045901639344,374.92
"2027","COR05",2005,3.13819178082192,17.2823287671233,303.62
"2028","COR05",2006,4.53079452054795,17.8587123287671,361.23
"2029","COR05",2007,3.48597260273973,16.9057808219178,455.25
"2030","COR05",2008,3.72765027322404,16.3134426229508,568.29
"2031","COR05",2009,4.19471232876712,17.8705205479452,352.38
"2032","COR05",2010,3.60586301369863,15.8750684931507,581.17
"2033","COR05",2011,4.51232876712329,18.1009589041096,423.29
"2034","COR05",2012,3.74081967213115,17.6744262295082,398.47
"2035","COR05",2013,3.57654794520548,16.3677260273973,447.07
"2036","COR05",2014,4.91947945205479,17.9484109589041,370.46
"2037","COR05",2015,4.71205479452055,18.3225479452055,441.48
"2038","COR05",2016,4.54021857923497,17.7950546448087,400.76
"2039","COR05",2017,4.27408219178082,18.8734246575342,300.34
"2040","COR05",2018,4.53547945205479,17.0264657534247,661.76
"2041","COR05",2019,4.04515068493151,18.2664657534247,346.47
"2042","COR05",2020,4.73139344262295,18.3141530054645,550.85
"2043","COR05",2021,4.43706849315068,17.3568493150685,523.82
"2044","COR05",2022,5.52438356164384,19.2862739726027,414.38
"2045","COR06",1950,4.63115068493151,16.0555616438356,292.58
"2046","COR06",1951,3.87290410958904,14.0723561643836,561.34
"2047","COR06",1952,4.2466393442623,15.4491530054645,375.42
"2048","COR06",1953,4.24227397260274,15.5357534246575,326.7
"2049","COR06",1954,3.87967123287671,15.1855616438356,340.49
"2050","COR06",1955,5.53271232876712,15.9297534246575,530.52
"2051","COR06",1956,3.17188524590164,14.0824590163934,394.73
"2052","COR06",1957,3.94750684931507,15.0801095890411,446.97
"2053","COR06",1958,4.80375342465753,15.3528767123288,373.15
"2054","COR06",1959,4.91380821917808,14.6669863013699,672.13
"2055","COR06",1960,4.62592896174863,14.8866393442623,592.8
"2056","COR06",1961,3.23158904109589,16.7965479452055,426.9
"2057","COR06",1962,2.81342465753425,15.6497260273973,525.93
"2058","COR06",1963,2.53556164383562,14.6784657534247,538.41
"2059","COR06",1964,2.92311475409836,16.2883333333333,396.52
"2060","COR06",1965,2.62487671232877,15.4511232876712,515.79
"2061","COR06",1966,3.07969863013699,15.8035890410959,496.12
"2062","COR06",1967,2.26838356164384,16.1335890410959,380.5
"2063","COR06",1968,2.77904371584699,15.8058743169399,488.68
"2064","COR06",1969,2.16909589041096,14.0638082191781,699.47
"2065","COR06",1970,1.92772602739726,15.6581095890411,428.38
"2066","COR06",1971,1.86904109589041,14.1401095890411,679.13
"2067","COR06",1972,2.1346174863388,13.7870765027322,614.19
"2068","COR06",1973,2.27219178082192,15.4685753424658,421.72
"2069","COR06",1974,2.40652054794521,14.9372602739726,524.58
"2070","COR06",1975,2.4572602739726,15.0561095890411,589.65
"2071","COR06",1976,2.27308743169399,14.7809016393443,505.83
"2072","COR06",1977,2.66391780821918,14.8800273972603,625.18
"2073","COR06",1978,2.22216438356164,15.4100547945205,372.09
"2074","COR06",1979,3.06638356164384,15.4858082191781,544.98
"2075","COR06",1980,2.085,15.5990710382514,441.96
"2076","COR06",1981,2.55698630136986,16.5148767123288,351.09
"2077","COR06",1982,3.58632876712329,15.9322191780822,527.29
"2078","COR06",1983,3.43586301369863,16.8619452054795,301.44
"2079","COR06",1984,2.78945355191257,14.8114207650273,508.21
"2080","COR06",1985,4.00493150684932,16.1226575342466,338.73
"2081","COR06",1986,3.35391780821918,15.9476438356164,510.51
"2082","COR06",1987,3.86139726027397,16.4512328767123,473.17
"2083","COR06",1988,3.11218579234973,16.2220765027322,543.33
"2084","COR06",1989,4.00797260273973,16.6009589041096,569.69
"2085","COR06",1990,3.34558904109589,16.6248493150685,385.75
"2086","COR06",1991,2.62046575342466,15.5944657534247,401.26
"2087","COR06",1992,2.57311475409836,15.972650273224,338.04
"2088","COR06",1993,2.02079452054795,15.8000821917808,305.09
"2089","COR06",1994,3.50112328767123,17.814602739726,348.27
"2090","COR06",1995,3.28230136986301,17.3015616438356,314.58
"2091","COR06",1996,3.04524590163934,16.0243169398907,499.59
"2092","COR06",1997,4.12635616438356,17.077095890411,513.27
"2093","COR06",1998,2.9586301369863,16.8003835616438,401.46
"2094","COR06",1999,3.04117808219178,16.3823561643836,428.17
"2095","COR06",2000,2.82997267759563,17.0749180327869,407.45
"2096","COR06",2001,3.14742465753425,16.9508493150685,283.69
"2097","COR06",2002,3.80145205479452,16.6193150684932,607.99
"2098","COR06",2003,3.95542465753425,16.8593424657534,557.15
"2099","COR06",2004,3.0674043715847,16.5816666666667,389.61
"2100","COR06",2005,2.87490410958904,16.9555890410959,317.31
"2101","COR06",2006,4.28408219178082,17.5456712328767,377.28
"2102","COR06",2007,3.23117808219178,16.5901095890411,471.34
"2103","COR06",2008,3.4707650273224,15.9758743169399,590.02
"2104","COR06",2009,3.94893150684931,17.5367397260274,372.47
"2105","COR06",2010,3.34717808219178,15.5434520547945,601.74
"2106","COR06",2011,4.2572602739726,17.7547671232877,445.01
"2107","COR06",2012,3.48986338797814,17.3245901639344,417.8
"2108","COR06",2013,3.31605479452055,16.0144109589041,470.78
"2109","COR06",2014,4.64923287671233,17.5848219178082,396.08
"2110","COR06",2015,4.45978082191781,17.9777260273973,461.89
"2111","COR06",2016,4.27472677595628,17.4400546448087,423.24
"2112","COR06",2017,4.01997260273973,18.5201369863014,314.79
"2113","COR06",2018,4.27243835616438,16.6684383561644,688.13
"2114","COR06",2019,3.78523287671233,17.9153424657534,364.13
"2115","COR06",2020,4.48054644808743,17.9543169398907,579.16
"2116","COR06",2021,4.17635616438356,17.0015342465753,542.77
"2117","COR06",2022,5.27956164383562,18.9268493150685,438.8
"2118","FAG01",1950,4.73627397260274,15.0243835616438,855.34
"2119","FAG01",1951,3.96641095890411,13.4736438356164,1017.86
"2120","FAG01",1952,4.8424043715847,14.5450819672131,884.95
"2121","FAG01",1953,4.04394520547945,15.0424657534247,603.11
"2122","FAG01",1954,3.42953424657534,13.9600547945205,793.47
"2123","FAG01",1955,4.83104109589041,15.2795616438356,697.87
"2124","FAG01",1956,2.9601912568306,13.2179508196721,672.89
"2125","FAG01",1957,3.96452054794521,14.58,649.22
"2126","FAG01",1958,3.3413698630137,14.9482739726027,787.55
"2127","FAG01",1959,3.14134246575342,14.9374794520548,1091.12
"2128","FAG01",1960,2.52084699453552,14.5705737704918,1143.84
"2129","FAG01",1961,2.70364383561644,16.5826301369863,993.21
"2130","FAG01",1962,2.23178082191781,15.6524383561644,794.32
"2131","FAG01",1963,1.29178082191781,14.4944657534247,1036.57
"2132","FAG01",1964,2.20622950819672,15.9867759562842,789.9
"2133","FAG01",1965,2.21315068493151,14.8506575342466,977.25
"2134","FAG01",1966,3.45438356164384,15.1479452054795,1108.12
"2135","FAG01",1967,2.9973698630137,15.6556438356164,780.79
"2136","FAG01",1968,3.57330601092896,15.1417486338798,916.55
"2137","FAG01",1969,3.4732602739726,13.9849863013699,1031.82
"2138","FAG01",1970,3.22997260273973,15.2959178082192,725.66
"2139","FAG01",1971,3.0833698630137,14.5185205479452,1006.57
"2140","FAG01",1972,2.40450819672131,13.7709289617486,1088.72
"2141","FAG01",1973,3.01128767123288,15.2198904109589,746.9
"2142","FAG01",1974,2.74769863013699,14.5168219178082,910.89
"2143","FAG01",1975,2.70846575342466,14.9257260273973,841.17
"2144","FAG01",1976,2.42098360655738,15.096393442623,912.53
"2145","FAG01",1977,2.60243835616438,14.7137534246575,968.29
"2146","FAG01",1978,1.74323287671233,14.9792054794521,934.09
"2147","FAG01",1979,3.33986301369863,14.3588219178082,1116.49
"2148","FAG01",1980,2.69409836065574,15.1317486338798,858.25
"2149","FAG01",1981,3.71890410958904,16.0451780821918,879.84
"2150","FAG01",1982,4.27693150684931,15.5425753424658,982.91
"2151","FAG01",1983,4.27276712328767,16.1439452054795,673.48
"2152","FAG01",1984,3.27767759562842,14.4512295081967,995.98
"2153","FAG01",1985,3.63087671232877,15.7470684931507,708.23
"2154","FAG01",1986,4.00884931506849,15.1055616438356,842.26
"2155","FAG01",1987,4.54742465753425,15.5417808219178,806.78
"2156","FAG01",1988,4.45377049180328,15.464262295082,901.04
"2157","FAG01",1989,5.35345205479452,16.5312054794521,730.86
"2158","FAG01",1990,4.78945205479452,16.3641643835616,822.35
"2159","FAG01",1991,4.22427397260274,15.0236164383562,738.01
"2160","FAG01",1992,4.16844262295082,14.9904918032787,960.51
"2161","FAG01",1993,3.61687671232877,15.0825753424658,871.77
"2162","FAG01",1994,4.89769863013699,16.366602739726,843.73
"2163","FAG01",1995,5.01098630136986,16.2655068493151,782.62
"2164","FAG01",1996,4.78928961748634,14.5840983606557,1020.14
"2165","FAG01",1997,6.03369863013699,16.0127397260274,949.58
"2166","FAG01",1998,5.02767123287671,15.0587397260274,838.57
"2167","FAG01",1999,5.04219178082192,14.3895342465753,961.71
"2168","FAG01",2000,5.08338797814208,15.2896448087432,1051.33
"2169","FAG01",2001,5.12380821917808,15.1079726027397,782.77
"2170","FAG01",2002,5.72041095890411,14.5790410958904,1330.3
"2171","FAG01",2003,6.12923287671233,15.2210410958904,1092
"2172","FAG01",2004,4.67931693989071,15.0278415300546,815.39
"2173","FAG01",2005,4.79879452054795,14.2689589041096,949.79
"2174","FAG01",2006,5.99109589041096,15.6031780821918,946.42
"2175","FAG01",2007,4.77482191780822,14.7945753424658,1113.37
"2176","FAG01",2008,4.84281420765027,14.1246448087432,1408.93
"2177","FAG01",2009,5.48419178082192,15.0508219178082,1293.91
"2178","FAG01",2010,4.56131506849315,13.4877808219178,1149.93
"2179","FAG01",2011,6.19106849315069,15.7702465753425,1155.43
"2180","FAG01",2012,5.40144808743169,15.2079234972678,1186.23
"2181","FAG01",2013,5.07654794520548,13.9302465753425,1636.32
"2182","FAG01",2014,6.06397260273973,15.1918630136986,1542.32
"2183","FAG01",2015,5.93295890410959,15.7438630136986,1299.82
"2184","FAG01",2016,5.55016393442623,14.9400273224044,1187.69
"2185","FAG01",2017,5.52186301369863,15.6973150684932,1235.48
"2186","FAG01",2018,5.84101369863014,14.7775068493151,1529.43
"2187","FAG01",2019,5.4321095890411,15.5514520547945,1418.37
"2188","FAG01",2020,5.97418032786885,15.9639617486339,1191.84
"2189","FAG01",2021,5.31071232876712,15.5372876712329,728.29
"2190","FAG01",2022,6.71561643835616,17.8024931506849,534.12
"2191","FAG02",1950,4.73627397260274,15.0243835616438,855.34
"2192","FAG02",1951,3.96641095890411,13.4736438356164,1017.86
"2193","FAG02",1952,4.8424043715847,14.5450819672131,884.95
"2194","FAG02",1953,4.04394520547945,15.0424657534247,603.11
"2195","FAG02",1954,3.42953424657534,13.9600547945205,793.47
"2196","FAG02",1955,4.83104109589041,15.2795616438356,697.87
"2197","FAG02",1956,2.9601912568306,13.2179508196721,672.89
"2198","FAG02",1957,3.96452054794521,14.58,649.22
"2199","FAG02",1958,3.3413698630137,14.9482739726027,787.55
"2200","FAG02",1959,3.14134246575342,14.9374794520548,1091.12
"2201","FAG02",1960,2.52084699453552,14.5705737704918,1143.84
"2202","FAG02",1961,2.70364383561644,16.5826301369863,993.21
"2203","FAG02",1962,2.23178082191781,15.6524383561644,794.32
"2204","FAG02",1963,1.29178082191781,14.4944657534247,1036.57
"2205","FAG02",1964,2.20622950819672,15.9867759562842,789.9
"2206","FAG02",1965,2.21315068493151,14.8506575342466,977.25
"2207","FAG02",1966,3.45438356164384,15.1479452054795,1108.12
"2208","FAG02",1967,2.9973698630137,15.6556438356164,780.79
"2209","FAG02",1968,3.57330601092896,15.1417486338798,916.55
"2210","FAG02",1969,3.4732602739726,13.9849863013699,1031.82
"2211","FAG02",1970,3.22997260273973,15.2959178082192,725.66
"2212","FAG02",1971,3.0833698630137,14.5185205479452,1006.57
"2213","FAG02",1972,2.40450819672131,13.7709289617486,1088.72
"2214","FAG02",1973,3.01128767123288,15.2198904109589,746.9
"2215","FAG02",1974,2.74769863013699,14.5168219178082,910.89
"2216","FAG02",1975,2.70846575342466,14.9257260273973,841.17
"2217","FAG02",1976,2.42098360655738,15.096393442623,912.53
"2218","FAG02",1977,2.60243835616438,14.7137534246575,968.29
"2219","FAG02",1978,1.74323287671233,14.9792054794521,934.09
"2220","FAG02",1979,3.33986301369863,14.3588219178082,1116.49
"2221","FAG02",1980,2.69409836065574,15.1317486338798,858.25
"2222","FAG02",1981,3.71890410958904,16.0451780821918,879.84
"2223","FAG02",1982,4.27693150684931,15.5425753424658,982.91
"2224","FAG02",1983,4.27276712328767,16.1439452054795,673.48
"2225","FAG02",1984,3.27767759562842,14.4512295081967,995.98
"2226","FAG02",1985,3.63087671232877,15.7470684931507,708.23
"2227","FAG02",1986,4.00884931506849,15.1055616438356,842.26
"2228","FAG02",1987,4.54742465753425,15.5417808219178,806.78
"2229","FAG02",1988,4.45377049180328,15.464262295082,901.04
"2230","FAG02",1989,5.35345205479452,16.5312054794521,730.86
"2231","FAG02",1990,4.78945205479452,16.3641643835616,822.35
"2232","FAG02",1991,4.22427397260274,15.0236164383562,738.01
"2233","FAG02",1992,4.16844262295082,14.9904918032787,960.51
"2234","FAG02",1993,3.61687671232877,15.0825753424658,871.77
"2235","FAG02",1994,4.89769863013699,16.366602739726,843.73
"2236","FAG02",1995,5.01098630136986,16.2655068493151,782.62
"2237","FAG02",1996,4.78928961748634,14.5840983606557,1020.14
"2238","FAG02",1997,6.03369863013699,16.0127397260274,949.58
"2239","FAG02",1998,5.02767123287671,15.0587397260274,838.57
"2240","FAG02",1999,5.04219178082192,14.3895342465753,961.71
"2241","FAG02",2000,5.08338797814208,15.2896448087432,1051.33
"2242","FAG02",2001,5.12380821917808,15.1079726027397,782.77
"2243","FAG02",2002,5.72041095890411,14.5790410958904,1330.3
"2244","FAG02",2003,6.12923287671233,15.2210410958904,1092
"2245","FAG02",2004,4.67931693989071,15.0278415300546,815.39
"2246","FAG02",2005,4.79879452054795,14.2689589041096,949.79
"2247","FAG02",2006,5.99109589041096,15.6031780821918,946.42
"2248","FAG02",2007,4.77482191780822,14.7945753424658,1113.37
"2249","FAG02",2008,4.84281420765027,14.1246448087432,1408.93
"2250","FAG02",2009,5.48419178082192,15.0508219178082,1293.91
"2251","FAG02",2010,4.56131506849315,13.4877808219178,1149.93
"2252","FAG02",2011,6.19106849315069,15.7702465753425,1155.43
"2253","FAG02",2012,5.40144808743169,15.2079234972678,1186.23
"2254","FAG02",2013,5.07654794520548,13.9302465753425,1636.32
"2255","FAG02",2014,6.06397260273973,15.1918630136986,1542.32
"2256","FAG02",2015,5.93295890410959,15.7438630136986,1299.82
"2257","FAG02",2016,5.55016393442623,14.9400273224044,1187.69
"2258","FAG02",2017,5.52186301369863,15.6973150684932,1235.48
"2259","FAG02",2018,5.84101369863014,14.7775068493151,1529.43
"2260","FAG02",2019,5.4321095890411,15.5514520547945,1418.37
"2261","FAG02",2020,5.97418032786885,15.9639617486339,1191.84
"2262","FAG02",2021,5.31071232876712,15.5372876712329,728.29
"2263","FAG02",2022,6.71561643835616,17.8024931506849,534.12
"2264","FAG03",1950,4.73627397260274,15.0243835616438,855.34
"2265","FAG03",1951,3.96641095890411,13.4736438356164,1017.86
"2266","FAG03",1952,4.8424043715847,14.5450819672131,884.95
"2267","FAG03",1953,4.04394520547945,15.0424657534247,603.11
"2268","FAG03",1954,3.42953424657534,13.9600547945205,793.47
"2269","FAG03",1955,4.83104109589041,15.2795616438356,697.87
"2270","FAG03",1956,2.9601912568306,13.2179508196721,672.89
"2271","FAG03",1957,3.96452054794521,14.58,649.22
"2272","FAG03",1958,3.3413698630137,14.9482739726027,787.55
"2273","FAG03",1959,3.14134246575342,14.9374794520548,1091.12
"2274","FAG03",1960,2.52084699453552,14.5705737704918,1143.84
"2275","FAG03",1961,2.70364383561644,16.5826301369863,993.21
"2276","FAG03",1962,2.23178082191781,15.6524383561644,794.32
"2277","FAG03",1963,1.29178082191781,14.4944657534247,1036.57
"2278","FAG03",1964,2.20622950819672,15.9867759562842,789.9
"2279","FAG03",1965,2.21315068493151,14.8506575342466,977.25
"2280","FAG03",1966,3.45438356164384,15.1479452054795,1108.12
"2281","FAG03",1967,2.9973698630137,15.6556438356164,780.79
"2282","FAG03",1968,3.57330601092896,15.1417486338798,916.55
"2283","FAG03",1969,3.4732602739726,13.9849863013699,1031.82
"2284","FAG03",1970,3.22997260273973,15.2959178082192,725.66
"2285","FAG03",1971,3.0833698630137,14.5185205479452,1006.57
"2286","FAG03",1972,2.40450819672131,13.7709289617486,1088.72
"2287","FAG03",1973,3.01128767123288,15.2198904109589,746.9
"2288","FAG03",1974,2.74769863013699,14.5168219178082,910.89
"2289","FAG03",1975,2.70846575342466,14.9257260273973,841.17
"2290","FAG03",1976,2.42098360655738,15.096393442623,912.53
"2291","FAG03",1977,2.60243835616438,14.7137534246575,968.29
"2292","FAG03",1978,1.74323287671233,14.9792054794521,934.09
"2293","FAG03",1979,3.33986301369863,14.3588219178082,1116.49
"2294","FAG03",1980,2.69409836065574,15.1317486338798,858.25
"2295","FAG03",1981,3.71890410958904,16.0451780821918,879.84
"2296","FAG03",1982,4.27693150684931,15.5425753424658,982.91
"2297","FAG03",1983,4.27276712328767,16.1439452054795,673.48
"2298","FAG03",1984,3.27767759562842,14.4512295081967,995.98
"2299","FAG03",1985,3.63087671232877,15.7470684931507,708.23
"2300","FAG03",1986,4.00884931506849,15.1055616438356,842.26
"2301","FAG03",1987,4.54742465753425,15.5417808219178,806.78
"2302","FAG03",1988,4.45377049180328,15.464262295082,901.04
"2303","FAG03",1989,5.35345205479452,16.5312054794521,730.86
"2304","FAG03",1990,4.78945205479452,16.3641643835616,822.35
"2305","FAG03",1991,4.22427397260274,15.0236164383562,738.01
"2306","FAG03",1992,4.16844262295082,14.9904918032787,960.51
"2307","FAG03",1993,3.61687671232877,15.0825753424658,871.77
"2308","FAG03",1994,4.89769863013699,16.366602739726,843.73
"2309","FAG03",1995,5.01098630136986,16.2655068493151,782.62
"2310","FAG03",1996,4.78928961748634,14.5840983606557,1020.14
"2311","FAG03",1997,6.03369863013699,16.0127397260274,949.58
"2312","FAG03",1998,5.02767123287671,15.0587397260274,838.57
"2313","FAG03",1999,5.04219178082192,14.3895342465753,961.71
"2314","FAG03",2000,5.08338797814208,15.2896448087432,1051.33
"2315","FAG03",2001,5.12380821917808,15.1079726027397,782.77
"2316","FAG03",2002,5.72041095890411,14.5790410958904,1330.3
"2317","FAG03",2003,6.12923287671233,15.2210410958904,1092
"2318","FAG03",2004,4.67931693989071,15.0278415300546,815.39
"2319","FAG03",2005,4.79879452054795,14.2689589041096,949.79
"2320","FAG03",2006,5.99109589041096,15.6031780821918,946.42
"2321","FAG03",2007,4.77482191780822,14.7945753424658,1113.37
"2322","FAG03",2008,4.84281420765027,14.1246448087432,1408.93
"2323","FAG03",2009,5.48419178082192,15.0508219178082,1293.91
"2324","FAG03",2010,4.56131506849315,13.4877808219178,1149.93
"2325","FAG03",2011,6.19106849315069,15.7702465753425,1155.43
"2326","FAG03",2012,5.40144808743169,15.2079234972678,1186.23
"2327","FAG03",2013,5.07654794520548,13.9302465753425,1636.32
"2328","FAG03",2014,6.06397260273973,15.1918630136986,1542.32
"2329","FAG03",2015,5.93295890410959,15.7438630136986,1299.82
"2330","FAG03",2016,5.55016393442623,14.9400273224044,1187.69
"2331","FAG03",2017,5.52186301369863,15.6973150684932,1235.48
"2332","FAG03",2018,5.84101369863014,14.7775068493151,1529.43
"2333","FAG03",2019,5.4321095890411,15.5514520547945,1418.37
"2334","FAG03",2020,5.97418032786885,15.9639617486339,1191.84
"2335","FAG03",2021,5.31071232876712,15.5372876712329,728.29
"2336","FAG03",2022,6.71561643835616,17.8024931506849,534.12
"2337","FAG04",1950,5.18942465753425,15.41,838.33
"2338","FAG04",1951,4.41734246575342,13.8652054794521,996.29
"2339","FAG04",1952,5.28811475409836,14.9289344262295,866.82
"2340","FAG04",1953,4.48164383561644,15.426,591.27
"2341","FAG04",1954,3.87350684931507,14.3490410958904,774.97
"2342","FAG04",1955,5.27238356164384,15.6724931506849,680.62
"2343","FAG04",1956,3.40491803278689,13.6080601092896,655.64
"2344","FAG04",1957,4.40734246575343,14.9691232876712,633.11
"2345","FAG04",1958,3.80457534246575,15.3367123287671,769.58
"2346","FAG04",1959,3.61016438356164,15.3261095890411,1066.17
"2347","FAG04",1960,2.98950819672131,14.9551639344262,1119
"2348","FAG04",1961,3.17794520547945,16.9595890410959,971.78
"2349","FAG04",1962,2.70416438356164,16.0314794520548,775.42
"2350","FAG04",1963,1.76128767123288,14.8716438356164,1006.23
"2351","FAG04",1964,2.67210382513661,16.3554371584699,770.39
"2352","FAG04",1965,2.67246575342466,15.2246301369863,954.09
"2353","FAG04",1966,3.90605479452055,15.5255342465753,1083.09
"2354","FAG04",1967,3.45265753424658,16.0258356164384,763.71
"2355","FAG04",1968,4.03420765027322,15.5170218579235,896.31
"2356","FAG04",1969,3.93298630136986,14.3625479452055,1003.74
"2357","FAG04",1970,3.69306849315068,15.6673698630137,708.63
"2358","FAG04",1971,3.54802739726027,14.8931506849315,979.92
"2359","FAG04",1972,2.87054644808743,14.1482513661202,1064.69
"2360","FAG04",1973,3.47572602739726,15.5893698630137,729.51
"2361","FAG04",1974,3.21794520547945,14.8904383561644,890.59
"2362","FAG04",1975,3.18,15.2967945205479,820.75
"2363","FAG04",1976,2.8955737704918,15.4711475409836,891.85
"2364","FAG04",1977,3.07695890410959,15.0887945205479,944.55
"2365","FAG04",1978,2.22512328767123,15.3523561643836,910.58
"2366","FAG04",1979,3.80131506849315,14.7384109589041,1090.9
"2367","FAG04",1980,3.15775956284153,15.5000819672131,838.89
"2368","FAG04",1981,4.18117808219178,16.419698630137,858.68
"2369","FAG04",1982,4.73882191780822,15.9238356164384,959.59
"2370","FAG04",1983,4.72860273972603,16.5186849315069,658.14
"2371","FAG04",1984,3.73715846994536,14.8315846994536,972.33
"2372","FAG04",1985,4.08493150684932,16.1242191780822,691.28
"2373","FAG04",1986,4.45975342465753,15.4854246575342,820.52
"2374","FAG04",1987,5.00197260273973,15.9154794520548,788.54
"2375","FAG04",1988,4.90497267759563,15.8385519125683,880.7
"2376","FAG04",1989,5.79613698630137,16.9062191780822,710.95
"2377","FAG04",1990,5.23780821917808,16.7412328767123,802.14
"2378","FAG04",1991,4.67635616438356,15.4019726027397,717.93
"2379","FAG04",1992,4.62289617486339,15.3667759562842,937.53
"2380","FAG04",1993,4.07547945205479,15.4603561643836,850.36
"2381","FAG04",1994,5.35095890410959,16.7466301369863,822.03
"2382","FAG04",1995,5.45627397260274,16.6537534246575,759.97
"2383","FAG04",1996,5.23325136612022,14.9703278688525,994.24
"2384","FAG04",1997,6.47150684931507,16.4023287671233,925.4
"2385","FAG04",1998,5.46843835616438,15.4457534246575,817.15
"2386","FAG04",1999,5.4893698630137,14.7770410958904,936.56
"2387","FAG04",2000,5.52756830601093,15.6805464480874,1026.53
"2388","FAG04",2001,5.56660273972603,15.5017260273973,762.17
"2389","FAG04",2002,6.15876712328767,14.9824657534247,1292.24
"2390","FAG04",2003,6.56761643835616,15.6227945205479,1062.24
"2391","FAG04",2004,5.12773224043716,15.4191256830601,797.74
"2392","FAG04",2005,5.23427397260274,14.6654794520548,926.34
"2393","FAG04",2006,6.42471232876712,15.9969315068493,921.39
"2394","FAG04",2007,5.20843835616438,15.1862465753425,1089.52
"2395","FAG04",2008,5.27685792349727,14.5250546448087,1374.38
"2396","FAG04",2009,5.92084931506849,15.4505205479452,1262.62
"2397","FAG04",2010,5.00279452054794,13.8932054794521,1123.47
"2398","FAG04",2011,6.62364383561644,16.172301369863,1125.97
"2399","FAG04",2012,5.8357650273224,15.6084426229508,1161.4
"2400","FAG04",2013,5.5173698630137,14.3356438356164,1595.64
"2401","FAG04",2014,6.50386301369863,15.5941095890411,1507.13
"2402","FAG04",2015,6.36868493150685,16.1392602739726,1268.19
"2403","FAG04",2016,5.98612021857924,15.3412568306011,1157.19
"2404","FAG04",2017,5.95750684931507,16.0984383561644,1205.67
"2405","FAG04",2018,6.28120547945205,15.1797808219178,1493.14
"2406","FAG04",2019,5.86479452054795,15.9542191780822,1384.2
"2407","FAG04",2020,6.40308743169399,16.3667759562842,1162.74
"2408","FAG04",2021,5.75698630136986,15.9304931506849,711.17
"2409","FAG04",2022,7.15731506849315,18.1964657534247,520.79
"2410","FAG05",1950,5.18942465753425,15.41,838.33
"2411","FAG05",1951,4.41734246575342,13.8652054794521,996.29
"2412","FAG05",1952,5.28811475409836,14.9289344262295,866.82
"2413","FAG05",1953,4.48164383561644,15.426,591.27
"2414","FAG05",1954,3.87350684931507,14.3490410958904,774.97
"2415","FAG05",1955,5.27238356164384,15.6724931506849,680.62
"2416","FAG05",1956,3.40491803278689,13.6080601092896,655.64
"2417","FAG05",1957,4.40734246575343,14.9691232876712,633.11
"2418","FAG05",1958,3.80457534246575,15.3367123287671,769.58
"2419","FAG05",1959,3.61016438356164,15.3261095890411,1066.17
"2420","FAG05",1960,2.98950819672131,14.9551639344262,1119
"2421","FAG05",1961,3.17794520547945,16.9595890410959,971.78
"2422","FAG05",1962,2.70416438356164,16.0314794520548,775.42
"2423","FAG05",1963,1.76128767123288,14.8716438356164,1006.23
"2424","FAG05",1964,2.67210382513661,16.3554371584699,770.39
"2425","FAG05",1965,2.67246575342466,15.2246301369863,954.09
"2426","FAG05",1966,3.90605479452055,15.5255342465753,1083.09
"2427","FAG05",1967,3.45265753424658,16.0258356164384,763.71
"2428","FAG05",1968,4.03420765027322,15.5170218579235,896.31
"2429","FAG05",1969,3.93298630136986,14.3625479452055,1003.74
"2430","FAG05",1970,3.69306849315068,15.6673698630137,708.63
"2431","FAG05",1971,3.54802739726027,14.8931506849315,979.92
"2432","FAG05",1972,2.87054644808743,14.1482513661202,1064.69
"2433","FAG05",1973,3.47572602739726,15.5893698630137,729.51
"2434","FAG05",1974,3.21794520547945,14.8904383561644,890.59
"2435","FAG05",1975,3.18,15.2967945205479,820.75
"2436","FAG05",1976,2.8955737704918,15.4711475409836,891.85
"2437","FAG05",1977,3.07695890410959,15.0887945205479,944.55
"2438","FAG05",1978,2.22512328767123,15.3523561643836,910.58
"2439","FAG05",1979,3.80131506849315,14.7384109589041,1090.9
"2440","FAG05",1980,3.15775956284153,15.5000819672131,838.89
"2441","FAG05",1981,4.18117808219178,16.419698630137,858.68
"2442","FAG05",1982,4.73882191780822,15.9238356164384,959.59
"2443","FAG05",1983,4.72860273972603,16.5186849315069,658.14
"2444","FAG05",1984,3.73715846994536,14.8315846994536,972.33
"2445","FAG05",1985,4.08493150684932,16.1242191780822,691.28
"2446","FAG05",1986,4.45975342465753,15.4854246575342,820.52
"2447","FAG05",1987,5.00197260273973,15.9154794520548,788.54
"2448","FAG05",1988,4.90497267759563,15.8385519125683,880.7
"2449","FAG05",1989,5.79613698630137,16.9062191780822,710.95
"2450","FAG05",1990,5.23780821917808,16.7412328767123,802.14
"2451","FAG05",1991,4.67635616438356,15.4019726027397,717.93
"2452","FAG05",1992,4.62289617486339,15.3667759562842,937.53
"2453","FAG05",1993,4.07547945205479,15.4603561643836,850.36
"2454","FAG05",1994,5.35095890410959,16.7466301369863,822.03
"2455","FAG05",1995,5.45627397260274,16.6537534246575,759.97
"2456","FAG05",1996,5.23325136612022,14.9703278688525,994.24
"2457","FAG05",1997,6.47150684931507,16.4023287671233,925.4
"2458","FAG05",1998,5.46843835616438,15.4457534246575,817.15
"2459","FAG05",1999,5.4893698630137,14.7770410958904,936.56
"2460","FAG05",2000,5.52756830601093,15.6805464480874,1026.53
"2461","FAG05",2001,5.56660273972603,15.5017260273973,762.17
"2462","FAG05",2002,6.15876712328767,14.9824657534247,1292.24
"2463","FAG05",2003,6.56761643835616,15.6227945205479,1062.24
"2464","FAG05",2004,5.12773224043716,15.4191256830601,797.74
"2465","FAG05",2005,5.23427397260274,14.6654794520548,926.34
"2466","FAG05",2006,6.42471232876712,15.9969315068493,921.39
"2467","FAG05",2007,5.20843835616438,15.1862465753425,1089.52
"2468","FAG05",2008,5.27685792349727,14.5250546448087,1374.38
"2469","FAG05",2009,5.92084931506849,15.4505205479452,1262.62
"2470","FAG05",2010,5.00279452054794,13.8932054794521,1123.47
"2471","FAG05",2011,6.62364383561644,16.172301369863,1125.97
"2472","FAG05",2012,5.8357650273224,15.6084426229508,1161.4
"2473","FAG05",2013,5.5173698630137,14.3356438356164,1595.64
"2474","FAG05",2014,6.50386301369863,15.5941095890411,1507.13
"2475","FAG05",2015,6.36868493150685,16.1392602739726,1268.19
"2476","FAG05",2016,5.98612021857924,15.3412568306011,1157.19
"2477","FAG05",2017,5.95750684931507,16.0984383561644,1205.67
"2478","FAG05",2018,6.28120547945205,15.1797808219178,1493.14
"2479","FAG05",2019,5.86479452054795,15.9542191780822,1384.2
"2480","FAG05",2020,6.40308743169399,16.3667759562842,1162.74
"2481","FAG05",2021,5.75698630136986,15.9304931506849,711.17
"2482","FAG05",2022,7.15731506849315,18.1964657534247,520.79
"2483","GUA01",1950,5.22794520547945,15.2824931506849,419.63
"2484","GUA01",1951,4.54290410958904,13.0726301369863,872.83
"2485","GUA01",1952,4.83081967213115,13.846393442623,711.89
"2486","GUA01",1953,4.754,14.8407123287671,519.16
"2487","GUA01",1954,4.97002739726027,13.9978630136986,464.55
"2488","GUA01",1955,6.19635616438356,14.8235068493151,750.3
"2489","GUA01",1956,3.63560109289618,12.6095355191257,621.04
"2490","GUA01",1957,4.58397260273973,13.8188493150685,530.48
"2491","GUA01",1958,5.00123287671233,13.600602739726,624.09
"2492","GUA01",1959,5.33375342465753,13.2352602739726,785.81
"2493","GUA01",1960,5.1794262295082,13.4019672131148,807.05
"2494","GUA01",1961,6.30435616438356,15.1278630136986,588.87
"2495","GUA01",1962,5.33446575342466,13.968904109589,623.86
"2496","GUA01",1963,4.78846575342466,13.1344109589041,817.11
"2497","GUA01",1964,5.71486338797814,14.3324863387978,538.52
"2498","GUA01",1965,5.19528767123288,13.4880547945205,703.1
"2499","GUA01",1966,5.37090410958904,13.7921095890411,838.62
"2500","GUA01",1967,5.37279452054795,13.7381643835616,527.46
"2501","GUA01",1968,5.64420765027322,13.7525409836066,523.84
"2502","GUA01",1969,4.73545205479452,12.3538356164384,783.93
"2503","GUA01",1970,5.08769863013699,13.7947123287671,509.09
"2504","GUA01",1971,4.70515068493151,12.2881917808219,692.8
"2505","GUA01",1972,4.37614754098361,11.5709836065574,944.13
"2506","GUA01",1973,4.82893150684932,13.317698630137,602.03
"2507","GUA01",1974,4.79249315068493,12.8561643835616,511.32
"2508","GUA01",1975,4.92832876712329,12.6839452054795,634.57
"2509","GUA01",1976,5.18418032786885,12.8407923497268,838.29
"2510","GUA01",1977,5.35271232876712,12.6167945205479,791.89
"2511","GUA01",1978,5.50202739726027,13.1075890410959,764.91
"2512","GUA01",1979,5.75860273972603,13.1121643835616,737.08
"2513","GUA01",1980,5.17306010928962,13.2838797814208,571.62
"2514","GUA01",1981,5.6686301369863,14.2664383561644,589.16
"2515","GUA01",1982,5.61079452054795,14.0951232876712,574.06
"2516","GUA01",1983,5.34898630136986,14.5888767123288,470.78
"2517","GUA01",1984,4.20827868852459,13.116912568306,686.3
"2518","GUA01",1985,5.39109589041096,14.803397260274,427.76
"2519","GUA01",1986,5.00750684931507,14.1866849315068,544.93
"2520","GUA01",1987,5.97819178082192,14.7329863013699,752.82
"2521","GUA01",1988,5.33021857923497,14.3847267759563,609.96
"2522","GUA01",1989,6.32468493150685,15.2091506849315,845.58
"2523","GUA01",1990,5.95646575342466,15.1144931506849,465.92
"2524","GUA01",1991,5.10515068493151,14.223397260274,477.47
"2525","GUA01",1992,5.2244262295082,14.4833333333333,524.54
"2526","GUA01",1993,4.42460273972603,13.4756712328767,588.22
"2527","GUA01",1994,5.55660273972603,15.2254520547945,456.71
"2528","GUA01",1995,6.13016438356164,15.5665205479452,546.93
"2529","GUA01",1996,5.38658469945355,13.9130327868852,950.82
"2530","GUA01",1997,6.64484931506849,15.3950684931507,916.87
"2531","GUA01",1998,6.19183561643836,14.9988493150685,606.13
"2532","GUA01",1999,5.65975342465753,14.6732054794521,532.11
"2533","GUA01",2000,5.9183606557377,14.9310655737705,725.4
"2534","GUA01",2001,6.0372602739726,14.8631232876712,593.57
"2535","GUA01",2002,6.1318904109589,14.8125753424658,773.58
"2536","GUA01",2003,6.47158904109589,15.3921917808219,760.22
"2537","GUA01",2004,5.79448087431694,14.7977868852459,629.84
"2538","GUA01",2005,5.6921095890411,15.2300821917808,532.3
"2539","GUA01",2006,6.78254794520548,15.7538356164384,755.39
"2540","GUA01",2007,5.38068493150685,14.8692328767123,599.32
"2541","GUA01",2008,5.59909836065574,14.4909016393443,787.64
"2542","GUA01",2009,6.44076712328767,16.0021917808219,477.1
"2543","GUA01",2010,5.64175342465753,14.4381643835616,708.86
"2544","GUA01",2011,6.79041095890411,16.2061369863014,626.69
"2545","GUA01",2012,5.82959016393443,15.1403005464481,506.55
"2546","GUA01",2013,5.5146301369863,14.4258630136986,639.74
"2547","GUA01",2014,6.67635616438356,15.3265479452055,775.66
"2548","GUA01",2015,7.06049315068493,16.369095890411,474.44
"2549","GUA01",2016,6.60081967213115,15.4615027322404,791.39
"2550","GUA01",2017,7.06380821917808,16.8790410958904,483.55
"2551","GUA01",2018,6.34860273972603,14.9594794520548,876.08
"2552","GUA01",2019,6.67315068493151,16.3288493150685,511.15
"2553","GUA01",2020,7.1592349726776,16.0476775956284,705.04
"2554","GUA01",2021,6.58882191780822,15.4726849315068,621.26
"2555","GUA01",2022,7.99153424657534,16.8064109589041,675.99
"2556","GUA04",1950,5.35942465753425,15.376,404.96
"2557","GUA04",1951,4.67227397260274,13.1648767123288,837.36
"2558","GUA04",1952,4.95852459016393,13.9362295081967,687.01
"2559","GUA04",1953,4.90076712328767,14.932,500.88
"2560","GUA04",1954,5.09893150684931,14.0890410958904,451.96
"2561","GUA04",1955,6.32284931506849,14.9201643835616,716.2
"2562","GUA04",1956,3.76169398907104,12.7055191256831,595.83
"2563","GUA04",1957,4.71260273972603,13.9213150684932,511.72
"2564","GUA04",1958,5.12506849315069,13.6918904109589,595.69
"2565","GUA04",1959,5.46271232876712,13.3292602739726,760.96
"2566","GUA04",1960,5.29825136612022,13.4968852459016,772.66
"2567","GUA04",1961,6.43408219178082,15.2222739726027,568.86
"2568","GUA04",1962,5.45838356164384,14.0653424657534,598.79
"2569","GUA04",1963,4.90841095890411,13.2295890410959,784.08
"2570","GUA04",1964,5.83612021857923,14.4278961748634,517.21
"2571","GUA04",1965,5.31843835616438,13.5828767123288,674.79
"2572","GUA04",1966,5.49980821917808,13.8860273972603,806.09
"2573","GUA04",1967,5.50761643835616,13.8333150684932,508.02
"2574","GUA04",1968,5.77265027322404,13.8465573770492,502.87
"2575","GUA04",1969,4.86495890410959,12.4475616438356,754.57
"2576","GUA04",1970,5.21608219178082,13.8900547945205,489.85
"2577","GUA04",1971,4.83364383561644,12.3839178082192,672.43
"2578","GUA04",1972,4.50040983606557,11.6598907103825,907.52
"2579","GUA04",1973,4.96161643835616,13.4078082191781,578.13
"2580","GUA04",1974,4.92454794520548,12.9471506849315,491.35
"2581","GUA04",1975,5.05805479452055,12.7740547945205,610.82
"2582","GUA04",1976,5.31669398907104,12.9377322404372,812.52
"2583","GUA04",1977,5.48438356164384,12.7113424657534,763.78
"2584","GUA04",1978,5.62698630136986,13.1969315068493,734.84
"2585","GUA04",1979,5.88413698630137,13.205698630137,707.91
"2586","GUA04",1980,5.30390710382514,13.3783333333333,553.09
"2587","GUA04",1981,5.79769863013699,14.3620273972603,568.43
"2588","GUA04",1982,5.73654794520548,14.1883561643836,553.86
"2589","GUA04",1983,5.4866301369863,14.6854520547945,456.83
"2590","GUA04",1984,4.3424043715847,13.2089617486339,662.04
"2591","GUA04",1985,5.51783561643836,14.8927397260274,409.5
"2592","GUA04",1986,5.13405479452055,14.2786849315068,523.74
"2593","GUA04",1987,6.0986301369863,14.8237260273973,723.59
"2594","GUA04",1988,5.46013661202186,14.4806010928962,589.64
"2595","GUA04",1989,6.44668493150685,15.3071780821918,808.87
"2596","GUA04",1990,6.07690410958904,15.2111506849315,448.36
"2597","GUA04",1991,5.2267397260274,14.3163835616438,457.35
"2598","GUA04",1992,5.34729508196721,14.5743989071038,507.56
"2599","GUA04",1993,4.54827397260274,13.5691232876712,566.56
"2600","GUA04",1994,5.68287671232877,15.3177534246575,441.51
"2601","GUA04",1995,6.2447397260274,15.6588767123288,524.44
"2602","GUA04",1996,5.50084699453552,14.006174863388,907.92
"2603","GUA04",1997,6.76432876712329,15.4926575342466,882.05
"2604","GUA04",1998,6.31032876712329,15.0966301369863,585.7
"2605","GUA04",1999,5.77558904109589,14.7665205479452,513.63
"2606","GUA04",2000,6.03773224043716,15.0274316939891,697.64
"2607","GUA04",2001,6.1527397260274,14.9598356164384,567.92
"2608","GUA04",2002,6.24756164383562,14.9085479452055,745.25
"2609","GUA04",2003,6.58778082191781,15.4867945205479,730.69
"2610","GUA04",2004,5.91193989071038,14.8939071038251,606.57
"2611","GUA04",2005,5.80824657534247,15.3252328767123,511.84
"2612","GUA04",2006,6.89791780821918,15.8537808219178,725.25
"2613","GUA04",2007,5.49821917808219,14.9698630136986,577.35
"2614","GUA04",2008,5.71306010928962,14.5875683060109,760.24
"2615","GUA04",2009,6.55578082191781,16.1007123287671,457.56
"2616","GUA04",2010,5.75487671232877,14.5347123287671,677.88
"2617","GUA04",2011,6.90550684931507,16.3067397260274,604.46
"2618","GUA04",2012,5.94125683060109,15.2375136612022,490.19
"2619","GUA04",2013,5.63709589041096,14.521397260274,615.68
"2620","GUA04",2014,6.79087671232877,15.4201369863014,746.12
"2621","GUA04",2015,7.17594520547945,16.4680547945205,456.94
"2622","GUA04",2016,6.71693989071038,15.5550819672131,759.77
"2623","GUA04",2017,7.17964383561644,16.9733424657534,470.73
"2624","GUA04",2018,6.46687671232877,15.0552054794521,842.92
"2625","GUA04",2019,6.79186301369863,16.4255616438356,493.45
"2626","GUA04",2020,7.2792349726776,16.1477595628415,681.8
"2627","GUA04",2021,6.70216438356164,15.5659452054795,598.89
"2628","GUA04",2022,8.10887671232877,16.9047123287671,648.62
"2629","GUA05",1950,5.35942465753425,15.376,404.96
"2630","GUA05",1951,4.67227397260274,13.1648767123288,837.36
"2631","GUA05",1952,4.95852459016393,13.9362295081967,687.01
"2632","GUA05",1953,4.90076712328767,14.932,500.88
"2633","GUA05",1954,5.09893150684931,14.0890410958904,451.96
"2634","GUA05",1955,6.32284931506849,14.9201643835616,716.2
"2635","GUA05",1956,3.76169398907104,12.7055191256831,595.83
"2636","GUA05",1957,4.71260273972603,13.9213150684932,511.72
"2637","GUA05",1958,5.12506849315069,13.6918904109589,595.69
"2638","GUA05",1959,5.46271232876712,13.3292602739726,760.96
"2639","GUA05",1960,5.29825136612022,13.4968852459016,772.66
"2640","GUA05",1961,6.43408219178082,15.2222739726027,568.86
"2641","GUA05",1962,5.45838356164384,14.0653424657534,598.79
"2642","GUA05",1963,4.90841095890411,13.2295890410959,784.08
"2643","GUA05",1964,5.83612021857923,14.4278961748634,517.21
"2644","GUA05",1965,5.31843835616438,13.5828767123288,674.79
"2645","GUA05",1966,5.49980821917808,13.8860273972603,806.09
"2646","GUA05",1967,5.50761643835616,13.8333150684932,508.02
"2647","GUA05",1968,5.77265027322404,13.8465573770492,502.87
"2648","GUA05",1969,4.86495890410959,12.4475616438356,754.57
"2649","GUA05",1970,5.21608219178082,13.8900547945205,489.85
"2650","GUA05",1971,4.83364383561644,12.3839178082192,672.43
"2651","GUA05",1972,4.50040983606557,11.6598907103825,907.52
"2652","GUA05",1973,4.96161643835616,13.4078082191781,578.13
"2653","GUA05",1974,4.92454794520548,12.9471506849315,491.35
"2654","GUA05",1975,5.05805479452055,12.7740547945205,610.82
"2655","GUA05",1976,5.31669398907104,12.9377322404372,812.52
"2656","GUA05",1977,5.48438356164384,12.7113424657534,763.78
"2657","GUA05",1978,5.62698630136986,13.1969315068493,734.84
"2658","GUA05",1979,5.88413698630137,13.205698630137,707.91
"2659","GUA05",1980,5.30390710382514,13.3783333333333,553.09
"2660","GUA05",1981,5.79769863013699,14.3620273972603,568.43
"2661","GUA05",1982,5.73654794520548,14.1883561643836,553.86
"2662","GUA05",1983,5.4866301369863,14.6854520547945,456.83
"2663","GUA05",1984,4.3424043715847,13.2089617486339,662.04
"2664","GUA05",1985,5.51783561643836,14.8927397260274,409.5
"2665","GUA05",1986,5.13405479452055,14.2786849315068,523.74
"2666","GUA05",1987,6.0986301369863,14.8237260273973,723.59
"2667","GUA05",1988,5.46013661202186,14.4806010928962,589.64
"2668","GUA05",1989,6.44668493150685,15.3071780821918,808.87
"2669","GUA05",1990,6.07690410958904,15.2111506849315,448.36
"2670","GUA05",1991,5.2267397260274,14.3163835616438,457.35
"2671","GUA05",1992,5.34729508196721,14.5743989071038,507.56
"2672","GUA05",1993,4.54827397260274,13.5691232876712,566.56
"2673","GUA05",1994,5.68287671232877,15.3177534246575,441.51
"2674","GUA05",1995,6.2447397260274,15.6588767123288,524.44
"2675","GUA05",1996,5.50084699453552,14.006174863388,907.92
"2676","GUA05",1997,6.76432876712329,15.4926575342466,882.05
"2677","GUA05",1998,6.31032876712329,15.0966301369863,585.7
"2678","GUA05",1999,5.77558904109589,14.7665205479452,513.63
"2679","GUA05",2000,6.03773224043716,15.0274316939891,697.64
"2680","GUA05",2001,6.1527397260274,14.9598356164384,567.92
"2681","GUA05",2002,6.24756164383562,14.9085479452055,745.25
"2682","GUA05",2003,6.58778082191781,15.4867945205479,730.69
"2683","GUA05",2004,5.91193989071038,14.8939071038251,606.57
"2684","GUA05",2005,5.80824657534247,15.3252328767123,511.84
"2685","GUA05",2006,6.89791780821918,15.8537808219178,725.25
"2686","GUA05",2007,5.49821917808219,14.9698630136986,577.35
"2687","GUA05",2008,5.71306010928962,14.5875683060109,760.24
"2688","GUA05",2009,6.55578082191781,16.1007123287671,457.56
"2689","GUA05",2010,5.75487671232877,14.5347123287671,677.88
"2690","GUA05",2011,6.90550684931507,16.3067397260274,604.46
"2691","GUA05",2012,5.94125683060109,15.2375136612022,490.19
"2692","GUA05",2013,5.63709589041096,14.521397260274,615.68
"2693","GUA05",2014,6.79087671232877,15.4201369863014,746.12
"2694","GUA05",2015,7.17594520547945,16.4680547945205,456.94
"2695","GUA05",2016,6.71693989071038,15.5550819672131,759.77
"2696","GUA05",2017,7.17964383561644,16.9733424657534,470.73
"2697","GUA05",2018,6.46687671232877,15.0552054794521,842.92
"2698","GUA05",2019,6.79186301369863,16.4255616438356,493.45
"2699","GUA05",2020,7.2792349726776,16.1477595628415,681.8
"2700","GUA05",2021,6.70216438356164,15.5659452054795,598.89
"2701","GUA05",2022,8.10887671232877,16.9047123287671,648.62
"2702","GUA06",1950,5.35942465753425,15.376,404.96
"2703","GUA06",1951,4.67227397260274,13.1648767123288,837.36
"2704","GUA06",1952,4.95852459016393,13.9362295081967,687.01
"2705","GUA06",1953,4.90076712328767,14.932,500.88
"2706","GUA06",1954,5.09893150684931,14.0890410958904,451.96
"2707","GUA06",1955,6.32284931506849,14.9201643835616,716.2
"2708","GUA06",1956,3.76169398907104,12.7055191256831,595.83
"2709","GUA06",1957,4.71260273972603,13.9213150684932,511.72
"2710","GUA06",1958,5.12506849315069,13.6918904109589,595.69
"2711","GUA06",1959,5.46271232876712,13.3292602739726,760.96
"2712","GUA06",1960,5.29825136612022,13.4968852459016,772.66
"2713","GUA06",1961,6.43408219178082,15.2222739726027,568.86
"2714","GUA06",1962,5.45838356164384,14.0653424657534,598.79
"2715","GUA06",1963,4.90841095890411,13.2295890410959,784.08
"2716","GUA06",1964,5.83612021857923,14.4278961748634,517.21
"2717","GUA06",1965,5.31843835616438,13.5828767123288,674.79
"2718","GUA06",1966,5.49980821917808,13.8860273972603,806.09
"2719","GUA06",1967,5.50761643835616,13.8333150684932,508.02
"2720","GUA06",1968,5.77265027322404,13.8465573770492,502.87
"2721","GUA06",1969,4.86495890410959,12.4475616438356,754.57
"2722","GUA06",1970,5.21608219178082,13.8900547945205,489.85
"2723","GUA06",1971,4.83364383561644,12.3839178082192,672.43
"2724","GUA06",1972,4.50040983606557,11.6598907103825,907.52
"2725","GUA06",1973,4.96161643835616,13.4078082191781,578.13
"2726","GUA06",1974,4.92454794520548,12.9471506849315,491.35
"2727","GUA06",1975,5.05805479452055,12.7740547945205,610.82
"2728","GUA06",1976,5.31669398907104,12.9377322404372,812.52
"2729","GUA06",1977,5.48438356164384,12.7113424657534,763.78
"2730","GUA06",1978,5.62698630136986,13.1969315068493,734.84
"2731","GUA06",1979,5.88413698630137,13.205698630137,707.91
"2732","GUA06",1980,5.30390710382514,13.3783333333333,553.09
"2733","GUA06",1981,5.79769863013699,14.3620273972603,568.43
"2734","GUA06",1982,5.73654794520548,14.1883561643836,553.86
"2735","GUA06",1983,5.4866301369863,14.6854520547945,456.83
"2736","GUA06",1984,4.3424043715847,13.2089617486339,662.04
"2737","GUA06",1985,5.51783561643836,14.8927397260274,409.5
"2738","GUA06",1986,5.13405479452055,14.2786849315068,523.74
"2739","GUA06",1987,6.0986301369863,14.8237260273973,723.59
"2740","GUA06",1988,5.46013661202186,14.4806010928962,589.64
"2741","GUA06",1989,6.44668493150685,15.3071780821918,808.87
"2742","GUA06",1990,6.07690410958904,15.2111506849315,448.36
"2743","GUA06",1991,5.2267397260274,14.3163835616438,457.35
"2744","GUA06",1992,5.34729508196721,14.5743989071038,507.56
"2745","GUA06",1993,4.54827397260274,13.5691232876712,566.56
"2746","GUA06",1994,5.68287671232877,15.3177534246575,441.51
"2747","GUA06",1995,6.2447397260274,15.6588767123288,524.44
"2748","GUA06",1996,5.50084699453552,14.006174863388,907.92
"2749","GUA06",1997,6.76432876712329,15.4926575342466,882.05
"2750","GUA06",1998,6.31032876712329,15.0966301369863,585.7
"2751","GUA06",1999,5.77558904109589,14.7665205479452,513.63
"2752","GUA06",2000,6.03773224043716,15.0274316939891,697.64
"2753","GUA06",2001,6.1527397260274,14.9598356164384,567.92
"2754","GUA06",2002,6.24756164383562,14.9085479452055,745.25
"2755","GUA06",2003,6.58778082191781,15.4867945205479,730.69
"2756","GUA06",2004,5.91193989071038,14.8939071038251,606.57
"2757","GUA06",2005,5.80824657534247,15.3252328767123,511.84
"2758","GUA06",2006,6.89791780821918,15.8537808219178,725.25
"2759","GUA06",2007,5.49821917808219,14.9698630136986,577.35
"2760","GUA06",2008,5.71306010928962,14.5875683060109,760.24
"2761","GUA06",2009,6.55578082191781,16.1007123287671,457.56
"2762","GUA06",2010,5.75487671232877,14.5347123287671,677.88
"2763","GUA06",2011,6.90550684931507,16.3067397260274,604.46
"2764","GUA06",2012,5.94125683060109,15.2375136612022,490.19
"2765","GUA06",2013,5.63709589041096,14.521397260274,615.68
"2766","GUA06",2014,6.79087671232877,15.4201369863014,746.12
"2767","GUA06",2015,7.17594520547945,16.4680547945205,456.94
"2768","GUA06",2016,6.71693989071038,15.5550819672131,759.77
"2769","GUA06",2017,7.17964383561644,16.9733424657534,470.73
"2770","GUA06",2018,6.46687671232877,15.0552054794521,842.92
"2771","GUA06",2019,6.79186301369863,16.4255616438356,493.45
"2772","GUA06",2020,7.2792349726776,16.1477595628415,681.8
"2773","GUA06",2021,6.70216438356164,15.5659452054795,598.89
"2774","GUA06",2022,8.10887671232877,16.9047123287671,648.62
"2775","GUA07",1950,5.78328767123288,16.0220273972603,353.95
"2776","GUA07",1951,5.09142465753425,13.8103835616438,731.7
"2777","GUA07",1952,5.38120218579235,14.5816393442623,606.14
"2778","GUA07",1953,5.31161643835616,15.5727671232877,443.34
"2779","GUA07",1954,5.51457534246575,14.7282739726027,395.04
"2780","GUA07",1955,6.74065753424658,15.5606301369863,623.74
"2781","GUA07",1956,4.17887978142076,13.3519672131148,523.83
"2782","GUA07",1957,5.12402739726027,14.5662739726027,456.11
"2783","GUA07",1958,5.54501369863014,14.3448219178082,523.79
"2784","GUA07",1959,5.87975342465753,13.9778082191781,675.57
"2785","GUA07",1960,5.72306010928962,14.1453825136612,678.23
"2786","GUA07",1961,6.85358904109589,15.8716164383562,500.24
"2787","GUA07",1962,5.88016438356164,14.7122465753425,524.38
"2788","GUA07",1963,5.33682191780822,13.8808493150685,683.02
"2789","GUA07",1964,6.26147540983607,15.0767486338798,455.96
"2790","GUA07",1965,5.7432602739726,14.2326301369863,586.78
"2791","GUA07",1966,5.91841095890411,14.536,703.77
"2792","GUA07",1967,5.92558904109589,14.4803561643836,442.87
"2793","GUA07",1968,6.19822404371585,14.4997267759563,436.59
"2794","GUA07",1969,5.28304109589041,13.1039452054795,665.79
"2795","GUA07",1970,5.63572602739726,14.5454520547945,426.42
"2796","GUA07",1971,5.25769863013699,13.0427123287671,592.24
"2797","GUA07",1972,4.92554644808743,12.3209016393443,790.84
"2798","GUA07",1973,5.37852054794521,14.0646575342466,508.91
"2799","GUA07",1974,5.34419178082192,13.5998356164384,429.37
"2800","GUA07",1975,5.48197260273973,13.4314520547945,534.26
"2801","GUA07",1976,5.73620218579235,13.5908743169399,721.51
"2802","GUA07",1977,5.90712328767123,13.3667397260274,674.75
"2803","GUA07",1978,6.05572602739726,13.8536164383562,638.33
"2804","GUA07",1979,6.30909589041096,13.8603835616438,614.85
"2805","GUA07",1980,5.7222131147541,14.0304098360656,487.77
"2806","GUA07",1981,6.21690410958904,15.0132054794521,501.49
"2807","GUA07",1982,6.15915068493151,14.8342465753425,492.51
"2808","GUA07",1983,5.9146301369863,15.3364383561644,399.46
"2809","GUA07",1984,4.77603825136612,13.8546174863388,574.24
"2810","GUA07",1985,5.96435616438356,15.5392054794521,352.69
"2811","GUA07",1986,5.57553424657534,14.9262739726027,459.17
"2812","GUA07",1987,6.54830136986301,15.4741095890411,634.12
"2813","GUA07",1988,5.89937158469945,15.1283606557377,522.43
"2814","GUA07",1989,6.88821917808219,15.9559452054795,703.14
"2815","GUA07",1990,6.52038356164384,15.8577260273973,394.78
"2816","GUA07",1991,5.66687671232877,14.9621369863014,399.62
"2817","GUA07",1992,5.79092896174863,15.2234426229508,453.93
"2818","GUA07",1993,4.98980821917808,14.2139452054795,502.46
"2819","GUA07",1994,6.12764383561644,15.9601095890411,384.91
"2820","GUA07",1995,6.69202739726027,16.3036164383562,460.41
"2821","GUA07",1996,5.94489071038251,14.6528415300546,785.38
"2822","GUA07",1997,7.20506849315068,16.1327123287671,770.24
"2823","GUA07",1998,6.74939726027397,15.7379178082192,515.75
"2824","GUA07",1999,6.21306849315068,15.4104383561644,453.7
"2825","GUA07",2000,6.47163934426229,15.6705737704918,607.25
"2826","GUA07",2001,6.58605479452055,15.5978904109589,496.42
"2827","GUA07",2002,6.682,15.5481095890411,655.46
"2828","GUA07",2003,7.02227397260274,16.126,635.74
"2829","GUA07",2004,6.34273224043716,15.5303278688525,534.99
"2830","GUA07",2005,6.23906849315069,15.9639452054795,448.36
"2831","GUA07",2006,7.32906849315069,16.4906301369863,633.32
"2832","GUA07",2007,5.92972602739726,15.6055342465753,507.75
"2833","GUA07",2008,6.1453825136612,15.2294535519126,670.08
"2834","GUA07",2009,6.98506849315068,16.7413150684932,395.73
"2835","GUA07",2010,6.18432876712329,15.1728493150685,595.42
"2836","GUA07",2011,7.33917808219178,16.947698630137,524.46
"2837","GUA07",2012,6.37644808743169,15.880218579235,429.13
"2838","GUA07",2013,6.06375342465753,15.1655068493151,532.14
"2839","GUA07",2014,7.22520547945205,16.0630136986301,648.17
"2840","GUA07",2015,7.60915068493151,17.1083287671233,398.78
"2841","GUA07",2016,7.14786885245902,16.1972677595628,657.44
"2842","GUA07",2017,7.61446575342466,17.6138904109589,416.71
"2843","GUA07",2018,6.89586301369863,15.6970136986301,731.28
"2844","GUA07",2019,7.22578082191781,17.0660273972603,427.88
"2845","GUA07",2020,7.7075956284153,16.7841530054645,597.88
"2846","GUA07",2021,7.13331506849315,16.2096712328767,526.96
"2847","GUA07",2022,8.5398904109589,17.5477534246575,561.62
"2848","GUA08",1950,6.06830136986301,16.5543287671233,331.52
"2849","GUA08",1951,5.37778082191781,14.3437260273973,689.6
"2850","GUA08",1952,5.67092896174863,15.1151639344262,569.64
"2851","GUA08",1953,5.55416438356164,16.0967945205479,415.47
"2852","GUA08",1954,5.78312328767123,15.2501095890411,364.91
"2853","GUA08",1955,7.02178082191781,16.0786301369863,590.46
"2854","GUA08",1956,4.45983606557377,13.8791530054645,500.01
"2855","GUA08",1957,5.39252054794521,15.0824383561644,435.23
"2856","GUA08",1958,5.83334246575342,14.8922465753425,494.23
"2857","GUA08",1959,6.15928767123288,14.5144657534247,639.56
"2858","GUA08",1960,6.02800546448087,14.6776775956284,641.39
"2859","GUA08",1961,7.12980821917808,16.4055890410959,469.57
"2860","GUA08",1962,6.16753424657534,15.2423835616438,497.13
"2861","GUA08",1963,5.64668493150685,14.4203835616438,641.53
"2862","GUA08",1964,6.5581693989071,15.6087704918033,427.88
"2863","GUA08",1965,6.03906849315069,14.7707945205479,548.09
"2864","GUA08",1966,6.19509589041096,15.073095890411,660.56
"2865","GUA08",1967,6.1907397260274,15.0117534246575,416.46
"2866","GUA08",1968,6.4844262295082,15.0447540983607,408.74
"2867","GUA08",1969,5.56178082191781,13.6540821917808,631.53
"2868","GUA08",1970,5.91432876712329,15.0912328767123,397.7
"2869","GUA08",1971,5.54583561643836,13.5940821917808,554.44
"2870","GUA08",1972,5.2246174863388,12.8864480874317,738.1
"2871","GUA08",1973,5.6432602739726,14.6183835616438,479.5
"2872","GUA08",1974,5.61742465753425,14.1484383561644,401.43
"2873","GUA08",1975,5.76657534246575,13.9892602739726,503.78
"2874","GUA08",1976,6.00896174863388,14.1329781420765,680.35
"2875","GUA08",1977,6.18778082191781,13.9143561643836,635.06
"2876","GUA08",1978,6.34695890410959,14.4093150684932,595.5
"2877","GUA08",1979,6.59630136986301,14.4099726027397,573.03
"2878","GUA08",1980,5.99229508196721,14.5715300546448,460.75
"2879","GUA08",1981,6.48895890410959,15.5524109589041,475.43
"2880","GUA08",1982,6.44747945205479,15.3689315068493,467.31
"2881","GUA08",1983,6.19043835616438,15.8703835616438,375.04
"2882","GUA08",1984,5.06647540983607,14.3887704918033,534.8
"2883","GUA08",1985,6.27512328767123,16.076,330.81
"2884","GUA08",1986,5.88558904109589,15.4616712328767,433.59
"2885","GUA08",1987,6.8718904109589,16.0144383561644,598.58
"2886","GUA08",1988,6.19669398907104,15.6557103825137,491.17
"2887","GUA08",1989,7.20265753424658,16.4918082191781,661.03
"2888","GUA08",1990,6.83698630136986,16.3838356164384,373.37
"2889","GUA08",1991,5.97950684931507,15.4959178082192,376.16
"2890","GUA08",1992,6.1024043715847,15.7598907103825,431.22
"2891","GUA08",1993,5.3033698630137,14.7434794520548,475.87
"2892","GUA08",1994,6.44142465753425,16.4864657534247,360.95
"2893","GUA08",1995,7.02421917808219,16.8337260273973,431.87
"2894","GUA08",1996,6.27248633879781,15.1908469945355,737.31
"2895","GUA08",1997,7.5207397260274,16.6511780821918,723.63
"2896","GUA08",1998,7.05884931506849,16.2568767123288,489.91
"2897","GUA08",1999,6.52520547945205,15.9405205479452,429.66
"2898","GUA08",2000,6.77691256830601,16.1943989071038,568.43
"2899","GUA08",2001,6.89312328767123,16.1168219178082,468.94
"2900","GUA08",2002,6.99539726027397,16.067698630137,619.14
"2901","GUA08",2003,7.33660273972603,16.6458082191781,597.62
"2902","GUA08",2004,6.64767759562841,16.0460109289617,507.39
"2903","GUA08",2005,6.54572602739726,16.484904109589,419.76
"2904","GUA08",2006,7.63679452054795,17.0023835616438,593.14
"2905","GUA08",2007,6.23542465753425,16.1097808219178,481.52
"2906","GUA08",2008,6.45592896174863,15.7519398907104,633.17
"2907","GUA08",2009,7.28887671232877,17.2593150684932,368.9
"2908","GUA08",2010,6.4973698630137,15.6934246575342,565.57
"2909","GUA08",2011,7.64860273972603,17.4615068493151,488.21
"2910","GUA08",2012,6.69136612021858,16.4010655737705,401.82
"2911","GUA08",2013,6.35684931506849,15.693095890411,495.1
"2912","GUA08",2014,7.53854794520548,16.5938356164384,603.21
"2913","GUA08",2015,7.9158904109589,17.6242191780822,372.79
"2914","GUA08",2016,7.45546448087432,16.7227322404372,614.04
"2915","GUA08",2017,7.9206301369863,18.1361095890411,390.05
"2916","GUA08",2018,7.19693150684931,16.2218356164384,682.21
"2917","GUA08",2019,7.52967123287671,17.5830684931507,398.92
"2918","GUA08",2020,8.00434426229508,17.2936612021858,560.74
"2919","GUA08",2021,7.44024657534247,16.737095890411,497.16
"2920","GUA08",2022,8.84120547945206,18.0709315068493,523.59
"2921","GUA09",1950,6.06830136986301,16.5543287671233,331.52
"2922","GUA09",1951,5.37778082191781,14.3437260273973,689.6
"2923","GUA09",1952,5.67092896174863,15.1151639344262,569.64
"2924","GUA09",1953,5.55416438356164,16.0967945205479,415.47
"2925","GUA09",1954,5.78312328767123,15.2501095890411,364.91
"2926","GUA09",1955,7.02178082191781,16.0786301369863,590.46
"2927","GUA09",1956,4.45983606557377,13.8791530054645,500.01
"2928","GUA09",1957,5.39252054794521,15.0824383561644,435.23
"2929","GUA09",1958,5.83334246575342,14.8922465753425,494.23
"2930","GUA09",1959,6.15928767123288,14.5144657534247,639.56
"2931","GUA09",1960,6.02800546448087,14.6776775956284,641.39
"2932","GUA09",1961,7.12980821917808,16.4055890410959,469.57
"2933","GUA09",1962,6.16753424657534,15.2423835616438,497.13
"2934","GUA09",1963,5.64668493150685,14.4203835616438,641.53
"2935","GUA09",1964,6.5581693989071,15.6087704918033,427.88
"2936","GUA09",1965,6.03906849315069,14.7707945205479,548.09
"2937","GUA09",1966,6.19509589041096,15.073095890411,660.56
"2938","GUA09",1967,6.1907397260274,15.0117534246575,416.46
"2939","GUA09",1968,6.4844262295082,15.0447540983607,408.74
"2940","GUA09",1969,5.56178082191781,13.6540821917808,631.53
"2941","GUA09",1970,5.91432876712329,15.0912328767123,397.7
"2942","GUA09",1971,5.54583561643836,13.5940821917808,554.44
"2943","GUA09",1972,5.2246174863388,12.8864480874317,738.1
"2944","GUA09",1973,5.6432602739726,14.6183835616438,479.5
"2945","GUA09",1974,5.61742465753425,14.1484383561644,401.43
"2946","GUA09",1975,5.76657534246575,13.9892602739726,503.78
"2947","GUA09",1976,6.00896174863388,14.1329781420765,680.35
"2948","GUA09",1977,6.18778082191781,13.9143561643836,635.06
"2949","GUA09",1978,6.34695890410959,14.4093150684932,595.5
"2950","GUA09",1979,6.59630136986301,14.4099726027397,573.03
"2951","GUA09",1980,5.99229508196721,14.5715300546448,460.75
"2952","GUA09",1981,6.48895890410959,15.5524109589041,475.43
"2953","GUA09",1982,6.44747945205479,15.3689315068493,467.31
"2954","GUA09",1983,6.19043835616438,15.8703835616438,375.04
"2955","GUA09",1984,5.06647540983607,14.3887704918033,534.8
"2956","GUA09",1985,6.27512328767123,16.076,330.81
"2957","GUA09",1986,5.88558904109589,15.4616712328767,433.59
"2958","GUA09",1987,6.8718904109589,16.0144383561644,598.58
"2959","GUA09",1988,6.19669398907104,15.6557103825137,491.17
"2960","GUA09",1989,7.20265753424658,16.4918082191781,661.03
"2961","GUA09",1990,6.83698630136986,16.3838356164384,373.37
"2962","GUA09",1991,5.97950684931507,15.4959178082192,376.16
"2963","GUA09",1992,6.1024043715847,15.7598907103825,431.22
"2964","GUA09",1993,5.3033698630137,14.7434794520548,475.87
"2965","GUA09",1994,6.44142465753425,16.4864657534247,360.95
"2966","GUA09",1995,7.02421917808219,16.8337260273973,431.87
"2967","GUA09",1996,6.27248633879781,15.1908469945355,737.31
"2968","GUA09",1997,7.5207397260274,16.6511780821918,723.63
"2969","GUA09",1998,7.05884931506849,16.2568767123288,489.91
"2970","GUA09",1999,6.52520547945205,15.9405205479452,429.66
"2971","GUA09",2000,6.77691256830601,16.1943989071038,568.43
"2972","GUA09",2001,6.89312328767123,16.1168219178082,468.94
"2973","GUA09",2002,6.99539726027397,16.067698630137,619.14
"2974","GUA09",2003,7.33660273972603,16.6458082191781,597.62
"2975","GUA09",2004,6.64767759562841,16.0460109289617,507.39
"2976","GUA09",2005,6.54572602739726,16.484904109589,419.76
"2977","GUA09",2006,7.63679452054795,17.0023835616438,593.14
"2978","GUA09",2007,6.23542465753425,16.1097808219178,481.52
"2979","GUA09",2008,6.45592896174863,15.7519398907104,633.17
"2980","GUA09",2009,7.28887671232877,17.2593150684932,368.9
"2981","GUA09",2010,6.4973698630137,15.6934246575342,565.57
"2982","GUA09",2011,7.64860273972603,17.4615068493151,488.21
"2983","GUA09",2012,6.69136612021858,16.4010655737705,401.82
"2984","GUA09",2013,6.35684931506849,15.693095890411,495.1
"2985","GUA09",2014,7.53854794520548,16.5938356164384,603.21
"2986","GUA09",2015,7.9158904109589,17.6242191780822,372.79
"2987","GUA09",2016,7.45546448087432,16.7227322404372,614.04
"2988","GUA09",2017,7.9206301369863,18.1361095890411,390.05
"2989","GUA09",2018,7.19693150684931,16.2218356164384,682.21
"2990","GUA09",2019,7.52967123287671,17.5830684931507,398.92
"2991","GUA09",2020,8.00434426229508,17.2936612021858,560.74
"2992","GUA09",2021,7.44024657534247,16.737095890411,497.16
"2993","GUA09",2022,8.84120547945206,18.0709315068493,523.59
"2994","GUA10",1950,4.47950684931507,14.4374246575342,536.29
"2995","GUA10",1951,3.78030136986301,12.2250136986301,1099.91
"2996","GUA10",1952,4.06991803278689,12.9903278688525,881.13
"2997","GUA10",1953,4.05446575342466,13.9824109589041,665.71
"2998","GUA10",1954,4.20969863013699,13.1428493150685,626.11
"2999","GUA10",1955,5.42334246575343,13.9850136986301,974.16
"3000","GUA10",1956,2.86494535519126,11.7796174863388,782.03
"3001","GUA10",1957,3.81517808219178,13.019397260274,668.05
"3002","GUA10",1958,4.22027397260274,12.7649863013699,783.37
"3003","GUA10",1959,4.56843835616438,12.4016164383562,970.51
"3004","GUA10",1960,4.38295081967213,12.5681420765027,1034.15
"3005","GUA10",1961,5.54706849315069,14.2914246575342,752.59
"3006","GUA10",1962,4.5541095890411,13.1432876712329,803.51
"3007","GUA10",1963,3.99769863013699,12.3038082191781,1072.31
"3008","GUA10",1964,4.93016393442623,13.5019672131148,683.99
"3009","GUA10",1965,4.41095890410959,12.6517534246575,927.56
"3010","GUA10",1966,4.60805479452055,12.9540821917808,1095.07
"3011","GUA10",1967,4.63353424657534,12.9042739726027,679.03
"3012","GUA10",1968,4.88811475409836,12.9216393442623,679.24
"3013","GUA10",1969,3.9732602739726,11.5258356164384,987.82
"3014","GUA10",1970,4.3273698630137,12.9764383561644,675.9
"3015","GUA10",1971,3.94983561643836,11.4751232876712,873.03
"3016","GUA10",1972,3.60352459016393,10.7362841530055,1227.55
"3017","GUA10",1973,4.08205479452055,12.4856438356164,774.12
"3018","GUA10",1974,4.04613698630137,12.0201643835616,660.37
"3019","GUA10",1975,4.17857534246575,11.8494794520548,806.25
"3020","GUA10",1976,4.44133879781421,12.0284426229508,1058.65
"3021","GUA10",1977,4.60758904109589,11.7952054794521,999.9
"3022","GUA10",1978,4.74454794520548,12.2712876712329,987.46
"3023","GUA10",1979,4.99282191780822,12.2862465753425,959.6
"3024","GUA10",1980,4.42469945355191,12.4615846994536,731.03
"3025","GUA10",1981,4.91235616438356,13.4478630136986,738.97
"3026","GUA10",1982,4.84213698630137,13.2535890410959,724.4
"3027","GUA10",1983,4.65043835616438,13.7690684931507,593.2
"3028","GUA10",1984,3.50551912568306,12.2683333333333,904.76
"3029","GUA10",1985,4.68257534246575,13.9433698630137,561.07
"3030","GUA10",1986,4.28438356164384,13.3364931506849,696
"3031","GUA10",1987,5.24167123287671,13.8868493150685,966.93
"3032","GUA10",1988,4.62333333333333,13.5600819672131,764.65
"3033","GUA10",1989,5.584,14.3861917808219,1071.75
"3034","GUA10",1990,5.21027397260274,14.288602739726,583.07
"3035","GUA10",1991,4.36142465753425,13.3804657534247,603.85
"3036","GUA10",1992,4.49502732240437,13.6412021857924,645.83
"3037","GUA10",1993,3.69402739726027,12.6332054794521,733.99
"3038","GUA10",1994,4.84134246575342,14.3758356164384,598.48
"3039","GUA10",1995,5.36545205479452,14.7168219178082,701.8
"3040","GUA10",1996,4.61341530054645,13.0725683060109,1248.36
"3041","GUA10",1997,5.88512328767123,14.5601917808219,1184.2
"3042","GUA10",1998,5.4278904109589,14.1677534246575,762.15
"3043","GUA10",1999,4.88315068493151,13.8285479452055,679.1
"3044","GUA10",2000,5.14931693989071,14.0964754098361,926.77
"3045","GUA10",2001,5.24821917808219,14.0244383561644,760.47
"3046","GUA10",2002,5.34701369863014,13.9698356164384,990.49
"3047","GUA10",2003,5.68605479452055,14.5440821917808,990.12
"3048","GUA10",2004,5.01311475409836,13.9548633879781,791.64
"3049","GUA10",2005,4.90298630136986,14.3861917808219,688.34
"3050","GUA10",2006,5.99041095890411,14.9258356164384,970.88
"3051","GUA10",2007,4.60241095890411,14.0432054794521,748.52
"3052","GUA10",2008,4.80327868852459,13.6575956284153,990.87
"3053","GUA10",2009,5.64780821917808,15.173397260274,629.94
"3054","GUA10",2010,4.83317808219178,13.5929589041096,893.54
"3055","GUA10",2011,6.00309589041096,15.3851780821918,814.54
"3056","GUA10",2012,5.03450819672131,14.3155737704918,635.89
"3057","GUA10",2013,4.74991780821918,13.5936712328767,843.42
"3058","GUA10",2014,5.88347945205479,14.4794520547945,1021.91
"3059","GUA10",2015,6.27827397260274,15.5440273972603,617.48
"3060","GUA10",2016,5.81562841530055,14.6170491803279,1022.81
"3061","GUA10",2017,6.28402739726027,16.0356164383562,624.98
"3062","GUA10",2018,5.56846575342466,14.1226849315068,1140.86
"3063","GUA10",2019,5.90230136986301,15.4979726027397,671.89
"3064","GUA10",2020,6.38590163934426,15.2194808743169,908.92
"3065","GUA10",2021,5.78980821917808,14.6284109589041,791.51
"3066","GUA10",2022,7.20715068493151,15.9816712328767,875.06
"3067","GUA11",1950,4.96482191780822,15.1452328767123,464.95
"3068","GUA11",1951,4.26443835616438,12.934301369863,952.61
"3069","GUA11",1952,4.55680327868852,13.6986338797814,764.01
"3070","GUA11",1953,4.51865753424658,14.6825479452055,581.07
"3071","GUA11",1954,4.68221917808219,13.8440273972603,539.57
"3072","GUA11",1955,5.90145205479452,14.6838356164384,844.79
"3073","GUA11",1956,3.34459016393443,12.4865846994536,685.68
"3074","GUA11",1957,4.28876712328767,13.7263835616438,591.52
"3075","GUA11",1958,4.70391780821918,13.4886849315068,679.94
"3076","GUA11",1959,5.0492602739726,13.1160273972603,853.46
"3077","GUA11",1960,4.87352459016393,13.2773770491803,898.21
"3078","GUA11",1961,6.02495890410959,15.0012876712329,656.31
"3079","GUA11",1962,5.03531506849315,13.8549589041096,702.9
"3080","GUA11",1963,4.49312328767123,13.0192876712329,930
"3081","GUA11",1964,5.4155737704918,14.2122677595628,599.33
"3082","GUA11",1965,4.89578082191781,13.3645753424658,799.96
"3083","GUA11",1966,5.08495890410959,13.6661369863014,949.68
"3084","GUA11",1967,5.10649315068493,13.6138082191781,590.09
"3085","GUA11",1968,5.36989071038251,13.641174863388,585.5
"3086","GUA11",1969,4.45194520547945,12.2492328767123,866.52
"3087","GUA11",1970,4.80652054794521,13.6995616438356,582.32
"3088","GUA11",1971,4.43679452054795,12.2035616438356,760.52
"3089","GUA11",1972,4.09535519125683,11.4725136612022,1059.09
"3090","GUA11",1973,4.55158904109589,13.2138904109589,673.44
"3091","GUA11",1974,4.52342465753425,12.7443561643836,570.16
"3092","GUA11",1975,4.66246575342466,12.5792602739726,702.41
"3093","GUA11",1976,4.91838797814208,12.7517213114754,931.03
"3094","GUA11",1977,5.08964383561644,12.5186301369863,873.61
"3095","GUA11",1978,5.23241095890411,12.9998082191781,850.29
"3096","GUA11",1979,5.4747397260274,13.0120821917808,824.88
"3097","GUA11",1980,4.8981693989071,13.1815846994536,638.45
"3098","GUA11",1981,5.38591780821918,14.1681095890411,649.3
"3099","GUA11",1982,5.32753424657534,13.9664931506849,635.36
"3100","GUA11",1983,5.13761643835616,14.4838356164384,519.37
"3101","GUA11",1984,4.00273224043716,12.9784426229508,778.62
"3102","GUA11",1985,5.19345205479452,14.6521643835616,482.53
"3103","GUA11",1986,4.7918904109589,14.0456438356164,603.48
"3104","GUA11",1987,5.7541095890411,14.600602739726,841.25
"3105","GUA11",1988,5.1248087431694,14.2687431693989,671.81
"3106","GUA11",1989,6.09134246575342,15.1014520547945,924.03
"3107","GUA11",1990,5.71775342465753,14.9958630136986,508.58
"3108","GUA11",1991,4.86827397260274,14.0914794520548,520.6
"3109","GUA11",1992,5.0025956284153,14.3534426229508,572.89
"3110","GUA11",1993,4.20465753424658,13.3410410958904,642.69
"3111","GUA11",1994,5.35424657534247,15.0804657534247,516.63
"3112","GUA11",1995,5.88106849315068,15.4230410958904,607.6
"3113","GUA11",1996,5.1225956284153,13.7871038251366,1068.3
"3114","GUA11",1997,6.38934246575342,15.2607945205479,1022.8
"3115","GUA11",1998,5.92652054794521,14.8687945205479,666.23
"3116","GUA11",1999,5.38345205479452,14.5362465753425,594.37
"3117","GUA11",2000,5.64459016393443,14.8001092896175,798.04
"3118","GUA11",2001,5.74041095890411,14.7259452054795,657.54
"3119","GUA11",2002,5.84624657534247,14.6700273972603,865.21
"3120","GUA11",2003,6.18476712328767,15.243095890411,857.56
"3121","GUA11",2004,5.50622950819672,14.6528961748634,691.86
"3122","GUA11",2005,5.39613698630137,15.087397260274,595.44
"3123","GUA11",2006,6.48446575342466,15.6244109589041,841.58
"3124","GUA11",2007,5.09786301369863,14.7356438356164,654.03
"3125","GUA11",2008,5.29754098360656,14.3624043715847,863.65
"3126","GUA11",2009,6.13868493150685,15.8747945205479,540.62
"3127","GUA11",2010,5.32832876712329,14.2930136986301,780.06
"3128","GUA11",2011,6.49871232876712,16.0839178082192,701.86
"3129","GUA11",2012,5.53139344262295,15.0205737704918,549.97
"3130","GUA11",2013,5.24008219178082,14.3027123287671,723.93
"3131","GUA11",2014,6.38046575342466,15.1878082191781,878.36
"3132","GUA11",2015,6.77405479452055,16.246,536.22
"3133","GUA11",2016,6.31158469945355,15.3215027322404,878.27
"3134","GUA11",2017,6.77909589041096,16.7390136986301,549.11
"3135","GUA11",2018,6.06153424657534,14.8281369863014,982.05
"3136","GUA11",2019,6.39679452054795,16.2003561643836,579.88
"3137","GUA11",2020,6.87609289617486,15.9159289617486,789.51
"3138","GUA11",2021,6.2807397260274,15.3343561643836,689.96
"3139","GUA11",2022,7.69495890410959,16.6889589041096,749.73
"3140","GUA12",1950,4.96482191780822,15.1452328767123,464.95
"3141","GUA12",1951,4.26443835616438,12.934301369863,952.61
"3142","GUA12",1952,4.55680327868852,13.6986338797814,764.01
"3143","GUA12",1953,4.51865753424658,14.6825479452055,581.07
"3144","GUA12",1954,4.68221917808219,13.8440273972603,539.57
"3145","GUA12",1955,5.90145205479452,14.6838356164384,844.79
"3146","GUA12",1956,3.34459016393443,12.4865846994536,685.68
"3147","GUA12",1957,4.28876712328767,13.7263835616438,591.52
"3148","GUA12",1958,4.70391780821918,13.4886849315068,679.94
"3149","GUA12",1959,5.0492602739726,13.1160273972603,853.46
"3150","GUA12",1960,4.87352459016393,13.2773770491803,898.21
"3151","GUA12",1961,6.02495890410959,15.0012876712329,656.31
"3152","GUA12",1962,5.03531506849315,13.8549589041096,702.9
"3153","GUA12",1963,4.49312328767123,13.0192876712329,930
"3154","GUA12",1964,5.4155737704918,14.2122677595628,599.33
"3155","GUA12",1965,4.89578082191781,13.3645753424658,799.96
"3156","GUA12",1966,5.08495890410959,13.6661369863014,949.68
"3157","GUA12",1967,5.10649315068493,13.6138082191781,590.09
"3158","GUA12",1968,5.36989071038251,13.641174863388,585.5
"3159","GUA12",1969,4.45194520547945,12.2492328767123,866.52
"3160","GUA12",1970,4.80652054794521,13.6995616438356,582.32
"3161","GUA12",1971,4.43679452054795,12.2035616438356,760.52
"3162","GUA12",1972,4.09535519125683,11.4725136612022,1059.09
"3163","GUA12",1973,4.55158904109589,13.2138904109589,673.44
"3164","GUA12",1974,4.52342465753425,12.7443561643836,570.16
"3165","GUA12",1975,4.66246575342466,12.5792602739726,702.41
"3166","GUA12",1976,4.91838797814208,12.7517213114754,931.03
"3167","GUA12",1977,5.08964383561644,12.5186301369863,873.61
"3168","GUA12",1978,5.23241095890411,12.9998082191781,850.29
"3169","GUA12",1979,5.4747397260274,13.0120821917808,824.88
"3170","GUA12",1980,4.8981693989071,13.1815846994536,638.45
"3171","GUA12",1981,5.38591780821918,14.1681095890411,649.3
"3172","GUA12",1982,5.32753424657534,13.9664931506849,635.36
"3173","GUA12",1983,5.13761643835616,14.4838356164384,519.37
"3174","GUA12",1984,4.00273224043716,12.9784426229508,778.62
"3175","GUA12",1985,5.19345205479452,14.6521643835616,482.53
"3176","GUA12",1986,4.7918904109589,14.0456438356164,603.48
"3177","GUA12",1987,5.7541095890411,14.600602739726,841.25
"3178","GUA12",1988,5.1248087431694,14.2687431693989,671.81
"3179","GUA12",1989,6.09134246575342,15.1014520547945,924.03
"3180","GUA12",1990,5.71775342465753,14.9958630136986,508.58
"3181","GUA12",1991,4.86827397260274,14.0914794520548,520.6
"3182","GUA12",1992,5.0025956284153,14.3534426229508,572.89
"3183","GUA12",1993,4.20465753424658,13.3410410958904,642.69
"3184","GUA12",1994,5.35424657534247,15.0804657534247,516.63
"3185","GUA12",1995,5.88106849315068,15.4230410958904,607.6
"3186","GUA12",1996,5.1225956284153,13.7871038251366,1068.3
"3187","GUA12",1997,6.38934246575342,15.2607945205479,1022.8
"3188","GUA12",1998,5.92652054794521,14.8687945205479,666.23
"3189","GUA12",1999,5.38345205479452,14.5362465753425,594.37
"3190","GUA12",2000,5.64459016393443,14.8001092896175,798.04
"3191","GUA12",2001,5.74041095890411,14.7259452054795,657.54
"3192","GUA12",2002,5.84624657534247,14.6700273972603,865.21
"3193","GUA12",2003,6.18476712328767,15.243095890411,857.56
"3194","GUA12",2004,5.50622950819672,14.6528961748634,691.86
"3195","GUA12",2005,5.39613698630137,15.087397260274,595.44
"3196","GUA12",2006,6.48446575342466,15.6244109589041,841.58
"3197","GUA12",2007,5.09786301369863,14.7356438356164,654.03
"3198","GUA12",2008,5.29754098360656,14.3624043715847,863.65
"3199","GUA12",2009,6.13868493150685,15.8747945205479,540.62
"3200","GUA12",2010,5.32832876712329,14.2930136986301,780.06
"3201","GUA12",2011,6.49871232876712,16.0839178082192,701.86
"3202","GUA12",2012,5.53139344262295,15.0205737704918,549.97
"3203","GUA12",2013,5.24008219178082,14.3027123287671,723.93
"3204","GUA12",2014,6.38046575342466,15.1878082191781,878.36
"3205","GUA12",2015,6.77405479452055,16.246,536.22
"3206","GUA12",2016,6.31158469945355,15.3215027322404,878.27
"3207","GUA12",2017,6.77909589041096,16.7390136986301,549.11
"3208","GUA12",2018,6.06153424657534,14.8281369863014,982.05
"3209","GUA12",2019,6.39679452054795,16.2003561643836,579.88
"3210","GUA12",2020,6.87609289617486,15.9159289617486,789.51
"3211","GUA12",2021,6.2807397260274,15.3343561643836,689.96
"3212","GUA12",2022,7.69495890410959,16.6889589041096,749.73
"3213","GUA13",1950,4.96482191780822,15.1452328767123,464.95
"3214","GUA13",1951,4.26443835616438,12.934301369863,952.61
"3215","GUA13",1952,4.55680327868852,13.6986338797814,764.01
"3216","GUA13",1953,4.51865753424658,14.6825479452055,581.07
"3217","GUA13",1954,4.68221917808219,13.8440273972603,539.57
"3218","GUA13",1955,5.90145205479452,14.6838356164384,844.79
"3219","GUA13",1956,3.34459016393443,12.4865846994536,685.68
"3220","GUA13",1957,4.28876712328767,13.7263835616438,591.52
"3221","GUA13",1958,4.70391780821918,13.4886849315068,679.94
"3222","GUA13",1959,5.0492602739726,13.1160273972603,853.46
"3223","GUA13",1960,4.87352459016393,13.2773770491803,898.21
"3224","GUA13",1961,6.02495890410959,15.0012876712329,656.31
"3225","GUA13",1962,5.03531506849315,13.8549589041096,702.9
"3226","GUA13",1963,4.49312328767123,13.0192876712329,930
"3227","GUA13",1964,5.4155737704918,14.2122677595628,599.33
"3228","GUA13",1965,4.89578082191781,13.3645753424658,799.96
"3229","GUA13",1966,5.08495890410959,13.6661369863014,949.68
"3230","GUA13",1967,5.10649315068493,13.6138082191781,590.09
"3231","GUA13",1968,5.36989071038251,13.641174863388,585.5
"3232","GUA13",1969,4.45194520547945,12.2492328767123,866.52
"3233","GUA13",1970,4.80652054794521,13.6995616438356,582.32
"3234","GUA13",1971,4.43679452054795,12.2035616438356,760.52
"3235","GUA13",1972,4.09535519125683,11.4725136612022,1059.09
"3236","GUA13",1973,4.55158904109589,13.2138904109589,673.44
"3237","GUA13",1974,4.52342465753425,12.7443561643836,570.16
"3238","GUA13",1975,4.66246575342466,12.5792602739726,702.41
"3239","GUA13",1976,4.91838797814208,12.7517213114754,931.03
"3240","GUA13",1977,5.08964383561644,12.5186301369863,873.61
"3241","GUA13",1978,5.23241095890411,12.9998082191781,850.29
"3242","GUA13",1979,5.4747397260274,13.0120821917808,824.88
"3243","GUA13",1980,4.8981693989071,13.1815846994536,638.45
"3244","GUA13",1981,5.38591780821918,14.1681095890411,649.3
"3245","GUA13",1982,5.32753424657534,13.9664931506849,635.36
"3246","GUA13",1983,5.13761643835616,14.4838356164384,519.37
"3247","GUA13",1984,4.00273224043716,12.9784426229508,778.62
"3248","GUA13",1985,5.19345205479452,14.6521643835616,482.53
"3249","GUA13",1986,4.7918904109589,14.0456438356164,603.48
"3250","GUA13",1987,5.7541095890411,14.600602739726,841.25
"3251","GUA13",1988,5.1248087431694,14.2687431693989,671.81
"3252","GUA13",1989,6.09134246575342,15.1014520547945,924.03
"3253","GUA13",1990,5.71775342465753,14.9958630136986,508.58
"3254","GUA13",1991,4.86827397260274,14.0914794520548,520.6
"3255","GUA13",1992,5.0025956284153,14.3534426229508,572.89
"3256","GUA13",1993,4.20465753424658,13.3410410958904,642.69
"3257","GUA13",1994,5.35424657534247,15.0804657534247,516.63
"3258","GUA13",1995,5.88106849315068,15.4230410958904,607.6
"3259","GUA13",1996,5.1225956284153,13.7871038251366,1068.3
"3260","GUA13",1997,6.38934246575342,15.2607945205479,1022.8
"3261","GUA13",1998,5.92652054794521,14.8687945205479,666.23
"3262","GUA13",1999,5.38345205479452,14.5362465753425,594.37
"3263","GUA13",2000,5.64459016393443,14.8001092896175,798.04
"3264","GUA13",2001,5.74041095890411,14.7259452054795,657.54
"3265","GUA13",2002,5.84624657534247,14.6700273972603,865.21
"3266","GUA13",2003,6.18476712328767,15.243095890411,857.56
"3267","GUA13",2004,5.50622950819672,14.6528961748634,691.86
"3268","GUA13",2005,5.39613698630137,15.087397260274,595.44
"3269","GUA13",2006,6.48446575342466,15.6244109589041,841.58
"3270","GUA13",2007,5.09786301369863,14.7356438356164,654.03
"3271","GUA13",2008,5.29754098360656,14.3624043715847,863.65
"3272","GUA13",2009,6.13868493150685,15.8747945205479,540.62
"3273","GUA13",2010,5.32832876712329,14.2930136986301,780.06
"3274","GUA13",2011,6.49871232876712,16.0839178082192,701.86
"3275","GUA13",2012,5.53139344262295,15.0205737704918,549.97
"3276","GUA13",2013,5.24008219178082,14.3027123287671,723.93
"3277","GUA13",2014,6.38046575342466,15.1878082191781,878.36
"3278","GUA13",2015,6.77405479452055,16.246,536.22
"3279","GUA13",2016,6.31158469945355,15.3215027322404,878.27
"3280","GUA13",2017,6.77909589041096,16.7390136986301,549.11
"3281","GUA13",2018,6.06153424657534,14.8281369863014,982.05
"3282","GUA13",2019,6.39679452054795,16.2003561643836,579.88
"3283","GUA13",2020,6.87609289617486,15.9159289617486,789.51
"3284","GUA13",2021,6.2807397260274,15.3343561643836,689.96
"3285","GUA13",2022,7.69495890410959,16.6889589041096,749.73
"3286","GUA14",1950,4.96482191780822,15.1452328767123,464.95
"3287","GUA14",1951,4.26443835616438,12.934301369863,952.61
"3288","GUA14",1952,4.55680327868852,13.6986338797814,764.01
"3289","GUA14",1953,4.51865753424658,14.6825479452055,581.07
"3290","GUA14",1954,4.68221917808219,13.8440273972603,539.57
"3291","GUA14",1955,5.90145205479452,14.6838356164384,844.79
"3292","GUA14",1956,3.34459016393443,12.4865846994536,685.68
"3293","GUA14",1957,4.28876712328767,13.7263835616438,591.52
"3294","GUA14",1958,4.70391780821918,13.4886849315068,679.94
"3295","GUA14",1959,5.0492602739726,13.1160273972603,853.46
"3296","GUA14",1960,4.87352459016393,13.2773770491803,898.21
"3297","GUA14",1961,6.02495890410959,15.0012876712329,656.31
"3298","GUA14",1962,5.03531506849315,13.8549589041096,702.9
"3299","GUA14",1963,4.49312328767123,13.0192876712329,930
"3300","GUA14",1964,5.4155737704918,14.2122677595628,599.33
"3301","GUA14",1965,4.89578082191781,13.3645753424658,799.96
"3302","GUA14",1966,5.08495890410959,13.6661369863014,949.68
"3303","GUA14",1967,5.10649315068493,13.6138082191781,590.09
"3304","GUA14",1968,5.36989071038251,13.641174863388,585.5
"3305","GUA14",1969,4.45194520547945,12.2492328767123,866.52
"3306","GUA14",1970,4.80652054794521,13.6995616438356,582.32
"3307","GUA14",1971,4.43679452054795,12.2035616438356,760.52
"3308","GUA14",1972,4.09535519125683,11.4725136612022,1059.09
"3309","GUA14",1973,4.55158904109589,13.2138904109589,673.44
"3310","GUA14",1974,4.52342465753425,12.7443561643836,570.16
"3311","GUA14",1975,4.66246575342466,12.5792602739726,702.41
"3312","GUA14",1976,4.91838797814208,12.7517213114754,931.03
"3313","GUA14",1977,5.08964383561644,12.5186301369863,873.61
"3314","GUA14",1978,5.23241095890411,12.9998082191781,850.29
"3315","GUA14",1979,5.4747397260274,13.0120821917808,824.88
"3316","GUA14",1980,4.8981693989071,13.1815846994536,638.45
"3317","GUA14",1981,5.38591780821918,14.1681095890411,649.3
"3318","GUA14",1982,5.32753424657534,13.9664931506849,635.36
"3319","GUA14",1983,5.13761643835616,14.4838356164384,519.37
"3320","GUA14",1984,4.00273224043716,12.9784426229508,778.62
"3321","GUA14",1985,5.19345205479452,14.6521643835616,482.53
"3322","GUA14",1986,4.7918904109589,14.0456438356164,603.48
"3323","GUA14",1987,5.7541095890411,14.600602739726,841.25
"3324","GUA14",1988,5.1248087431694,14.2687431693989,671.81
"3325","GUA14",1989,6.09134246575342,15.1014520547945,924.03
"3326","GUA14",1990,5.71775342465753,14.9958630136986,508.58
"3327","GUA14",1991,4.86827397260274,14.0914794520548,520.6
"3328","GUA14",1992,5.0025956284153,14.3534426229508,572.89
"3329","GUA14",1993,4.20465753424658,13.3410410958904,642.69
"3330","GUA14",1994,5.35424657534247,15.0804657534247,516.63
"3331","GUA14",1995,5.88106849315068,15.4230410958904,607.6
"3332","GUA14",1996,5.1225956284153,13.7871038251366,1068.3
"3333","GUA14",1997,6.38934246575342,15.2607945205479,1022.8
"3334","GUA14",1998,5.92652054794521,14.8687945205479,666.23
"3335","GUA14",1999,5.38345205479452,14.5362465753425,594.37
"3336","GUA14",2000,5.64459016393443,14.8001092896175,798.04
"3337","GUA14",2001,5.74041095890411,14.7259452054795,657.54
"3338","GUA14",2002,5.84624657534247,14.6700273972603,865.21
"3339","GUA14",2003,6.18476712328767,15.243095890411,857.56
"3340","GUA14",2004,5.50622950819672,14.6528961748634,691.86
"3341","GUA14",2005,5.39613698630137,15.087397260274,595.44
"3342","GUA14",2006,6.48446575342466,15.6244109589041,841.58
"3343","GUA14",2007,5.09786301369863,14.7356438356164,654.03
"3344","GUA14",2008,5.29754098360656,14.3624043715847,863.65
"3345","GUA14",2009,6.13868493150685,15.8747945205479,540.62
"3346","GUA14",2010,5.32832876712329,14.2930136986301,780.06
"3347","GUA14",2011,6.49871232876712,16.0839178082192,701.86
"3348","GUA14",2012,5.53139344262295,15.0205737704918,549.97
"3349","GUA14",2013,5.24008219178082,14.3027123287671,723.93
"3350","GUA14",2014,6.38046575342466,15.1878082191781,878.36
"3351","GUA14",2015,6.77405479452055,16.246,536.22
"3352","GUA14",2016,6.31158469945355,15.3215027322404,878.27
"3353","GUA14",2017,6.77909589041096,16.7390136986301,549.11
"3354","GUA14",2018,6.06153424657534,14.8281369863014,982.05
"3355","GUA14",2019,6.39679452054795,16.2003561643836,579.88
"3356","GUA14",2020,6.87609289617486,15.9159289617486,789.51
"3357","GUA14",2021,6.2807397260274,15.3343561643836,689.96
"3358","GUA14",2022,7.69495890410959,16.6889589041096,749.73
"3359","GUA15",1950,4.96482191780822,15.1452328767123,464.95
"3360","GUA15",1951,4.26443835616438,12.934301369863,952.61
"3361","GUA15",1952,4.55680327868852,13.6986338797814,764.01
"3362","GUA15",1953,4.51865753424658,14.6825479452055,581.07
"3363","GUA15",1954,4.68221917808219,13.8440273972603,539.57
"3364","GUA15",1955,5.90145205479452,14.6838356164384,844.79
"3365","GUA15",1956,3.34459016393443,12.4865846994536,685.68
"3366","GUA15",1957,4.28876712328767,13.7263835616438,591.52
"3367","GUA15",1958,4.70391780821918,13.4886849315068,679.94
"3368","GUA15",1959,5.0492602739726,13.1160273972603,853.46
"3369","GUA15",1960,4.87352459016393,13.2773770491803,898.21
"3370","GUA15",1961,6.02495890410959,15.0012876712329,656.31
"3371","GUA15",1962,5.03531506849315,13.8549589041096,702.9
"3372","GUA15",1963,4.49312328767123,13.0192876712329,930
"3373","GUA15",1964,5.4155737704918,14.2122677595628,599.33
"3374","GUA15",1965,4.89578082191781,13.3645753424658,799.96
"3375","GUA15",1966,5.08495890410959,13.6661369863014,949.68
"3376","GUA15",1967,5.10649315068493,13.6138082191781,590.09
"3377","GUA15",1968,5.36989071038251,13.641174863388,585.5
"3378","GUA15",1969,4.45194520547945,12.2492328767123,866.52
"3379","GUA15",1970,4.80652054794521,13.6995616438356,582.32
"3380","GUA15",1971,4.43679452054795,12.2035616438356,760.52
"3381","GUA15",1972,4.09535519125683,11.4725136612022,1059.09
"3382","GUA15",1973,4.55158904109589,13.2138904109589,673.44
"3383","GUA15",1974,4.52342465753425,12.7443561643836,570.16
"3384","GUA15",1975,4.66246575342466,12.5792602739726,702.41
"3385","GUA15",1976,4.91838797814208,12.7517213114754,931.03
"3386","GUA15",1977,5.08964383561644,12.5186301369863,873.61
"3387","GUA15",1978,5.23241095890411,12.9998082191781,850.29
"3388","GUA15",1979,5.4747397260274,13.0120821917808,824.88
"3389","GUA15",1980,4.8981693989071,13.1815846994536,638.45
"3390","GUA15",1981,5.38591780821918,14.1681095890411,649.3
"3391","GUA15",1982,5.32753424657534,13.9664931506849,635.36
"3392","GUA15",1983,5.13761643835616,14.4838356164384,519.37
"3393","GUA15",1984,4.00273224043716,12.9784426229508,778.62
"3394","GUA15",1985,5.19345205479452,14.6521643835616,482.53
"3395","GUA15",1986,4.7918904109589,14.0456438356164,603.48
"3396","GUA15",1987,5.7541095890411,14.600602739726,841.25
"3397","GUA15",1988,5.1248087431694,14.2687431693989,671.81
"3398","GUA15",1989,6.09134246575342,15.1014520547945,924.03
"3399","GUA15",1990,5.71775342465753,14.9958630136986,508.58
"3400","GUA15",1991,4.86827397260274,14.0914794520548,520.6
"3401","GUA15",1992,5.0025956284153,14.3534426229508,572.89
"3402","GUA15",1993,4.20465753424658,13.3410410958904,642.69
"3403","GUA15",1994,5.35424657534247,15.0804657534247,516.63
"3404","GUA15",1995,5.88106849315068,15.4230410958904,607.6
"3405","GUA15",1996,5.1225956284153,13.7871038251366,1068.3
"3406","GUA15",1997,6.38934246575342,15.2607945205479,1022.8
"3407","GUA15",1998,5.92652054794521,14.8687945205479,666.23
"3408","GUA15",1999,5.38345205479452,14.5362465753425,594.37
"3409","GUA15",2000,5.64459016393443,14.8001092896175,798.04
"3410","GUA15",2001,5.74041095890411,14.7259452054795,657.54
"3411","GUA15",2002,5.84624657534247,14.6700273972603,865.21
"3412","GUA15",2003,6.18476712328767,15.243095890411,857.56
"3413","GUA15",2004,5.50622950819672,14.6528961748634,691.86
"3414","GUA15",2005,5.39613698630137,15.087397260274,595.44
"3415","GUA15",2006,6.48446575342466,15.6244109589041,841.58
"3416","GUA15",2007,5.09786301369863,14.7356438356164,654.03
"3417","GUA15",2008,5.29754098360656,14.3624043715847,863.65
"3418","GUA15",2009,6.13868493150685,15.8747945205479,540.62
"3419","GUA15",2010,5.32832876712329,14.2930136986301,780.06
"3420","GUA15",2011,6.49871232876712,16.0839178082192,701.86
"3421","GUA15",2012,5.53139344262295,15.0205737704918,549.97
"3422","GUA15",2013,5.24008219178082,14.3027123287671,723.93
"3423","GUA15",2014,6.38046575342466,15.1878082191781,878.36
"3424","GUA15",2015,6.77405479452055,16.246,536.22
"3425","GUA15",2016,6.31158469945355,15.3215027322404,878.27
"3426","GUA15",2017,6.77909589041096,16.7390136986301,549.11
"3427","GUA15",2018,6.06153424657534,14.8281369863014,982.05
"3428","GUA15",2019,6.39679452054795,16.2003561643836,579.88
"3429","GUA15",2020,6.87609289617486,15.9159289617486,789.51
"3430","GUA15",2021,6.2807397260274,15.3343561643836,689.96
"3431","GUA15",2022,7.69495890410959,16.6889589041096,749.73
"3432","NAV01",1950,8.55832876712329,20.7847397260274,240.41
"3433","NAV01",1951,8.22295890410959,18.6543287671233,517.1
"3434","NAV01",1952,8.29532786885246,19.3165846994536,366.24
"3435","NAV01",1953,7.62484931506849,20.2866301369863,264.68
"3436","NAV01",1954,8.16057534246575,19.5519178082192,214.1
"3437","NAV01",1955,9.62342465753425,20.0908219178082,460.08
"3438","NAV01",1956,7.15215846994536,17.9067486338798,393.89
"3439","NAV01",1957,7.94909589041096,18.9032602739726,316.36
"3440","NAV01",1958,8.57013698630137,19.3467123287671,360.43
"3441","NAV01",1959,8.77769863013699,18.8542191780822,456.78
"3442","NAV01",1960,8.86595628415301,18.8384426229508,472.93
"3443","NAV01",1961,9.3767397260274,20.5587671232877,321.7
"3444","NAV01",1962,8.68049315068493,19.4179726027397,384.19
"3445","NAV01",1963,8.50630136986301,18.6675068493151,487.72
"3446","NAV01",1964,8.99163934426229,19.7377868852459,283.02
"3447","NAV01",1965,8.66745205479452,19.1007671232877,332.17
"3448","NAV01",1966,8.67693150684931,19.3632328767123,424.41
"3449","NAV01",1967,8.30843835616438,19.2155890410959,310.73
"3450","NAV01",1968,8.7746174863388,19.3744262295082,281.34
"3451","NAV01",1969,8.0147397260274,17.9619726027397,439.76
"3452","NAV01",1970,8.29561643835616,19.3959726027397,246.63
"3453","NAV01",1971,7.90978082191781,17.981397260274,369.92
"3454","NAV01",1972,8.00415300546448,17.5262021857924,489.04
"3455","NAV01",1973,7.70317808219178,19.0549863013699,309.75
"3456","NAV01",1974,7.87975342465753,18.7035068493151,298.4
"3457","NAV01",1975,8.13331506849315,18.5238904109589,358.27
"3458","NAV01",1976,8.23254098360656,18.5730054644809,430.28
"3459","NAV01",1977,8.60016438356164,18.2903835616438,439.66
"3460","NAV01",1978,8.56638356164384,18.8694246575342,435
"3461","NAV01",1979,8.92224657534247,18.922904109589,394.77
"3462","NAV01",1980,8.14551912568306,19.0451639344262,296.8
"3463","NAV01",1981,8.70235616438356,19.9977534246575,341.52
"3464","NAV01",1982,8.87758904109589,19.822,333.99
"3465","NAV01",1983,8.13298630136986,20.0635068493151,269.39
"3466","NAV01",1984,7.26229508196721,18.8152732240437,374.18
"3467","NAV01",1985,8.08654794520548,20.4224383561644,272.01
"3468","NAV01",1986,7.92112328767123,19.8542739726027,315.75
"3469","NAV01",1987,8.85731506849315,20.2153698630137,456.32
"3470","NAV01",1988,8.12265027322404,19.7009836065574,367.67
"3471","NAV01",1989,9.37493150684931,20.9084109589041,491.94
"3472","NAV01",1990,8.95876712328767,20.5654246575342,272.91
"3473","NAV01",1991,8.10827397260274,19.916602739726,273.72
"3474","NAV01",1992,7.90289617486339,20.0664207650273,310.06
"3475","NAV01",1993,7.3866301369863,18.9689315068493,342.36
"3476","NAV01",1994,8.4618904109589,20.8255342465753,271.45
"3477","NAV01",1995,9.4638904109589,21.3198082191781,288.89
"3478","NAV01",1996,8.64505464480874,19.7467759562842,479.77
"3479","NAV01",1997,9.77175342465753,20.8772054794521,574.97
"3480","NAV01",1998,8.98495890410959,20.4787397260274,375.52
"3481","NAV01",1999,8.79638356164384,20.3410684931507,316.17
"3482","NAV01",2000,8.83617486338798,20.5010655737705,407.18
"3483","NAV01",2001,9.22997260273973,20.431397260274,345.64
"3484","NAV01",2002,9.4027397260274,20.4666849315069,415.57
"3485","NAV01",2003,9.69865753424657,21.0507123287671,416.17
"3486","NAV01",2004,8.88289617486339,20.4007650273224,377.62
"3487","NAV01",2005,8.71345205479452,20.8986575342466,261.6
"3488","NAV01",2006,9.94323287671233,21.2402191780822,373.53
"3489","NAV01",2007,8.48093150684931,20.2127671232877,377.98
"3490","NAV01",2008,8.77696721311475,20.081912568306,443.48
"3491","NAV01",2009,9.60484931506849,21.4496164383562,258.99
"3492","NAV01",2010,9.08487671232877,20,458.32
"3493","NAV01",2011,9.82101369863014,21.6638082191781,309.54
"3494","NAV01",2012,8.89677595628415,20.7346174863388,285.44
"3495","NAV01",2013,8.55421917808219,20.0667123287671,341.17
"3496","NAV01",2014,9.94104109589041,21.0665479452055,373.07
"3497","NAV01",2015,9.96265753424658,21.8844931506849,239.1
"3498","NAV01",2016,9.78666666666667,21.1298087431694,418.32
"3499","NAV01",2017,9.96739726027397,22.4893424657534,251.36
"3500","NAV01",2018,9.50580821917808,20.6368767123288,470.57
"3501","NAV01",2019,9.73408219178082,21.8990136986301,259.23
"3502","NAV01",2020,10.1647267759563,21.6451639344262,357.45
"3503","NAV01",2021,9.70471232876712,21.1657260273973,359.21
"3504","NAV01",2022,10.9135890410959,22.5012328767123,378.8
"3505","NAV02",1950,8.55832876712329,20.7847397260274,240.41
"3506","NAV02",1951,8.22295890410959,18.6543287671233,517.1
"3507","NAV02",1952,8.29532786885246,19.3165846994536,366.24
"3508","NAV02",1953,7.62484931506849,20.2866301369863,264.68
"3509","NAV02",1954,8.16057534246575,19.5519178082192,214.1
"3510","NAV02",1955,9.62342465753425,20.0908219178082,460.08
"3511","NAV02",1956,7.15215846994536,17.9067486338798,393.89
"3512","NAV02",1957,7.94909589041096,18.9032602739726,316.36
"3513","NAV02",1958,8.57013698630137,19.3467123287671,360.43
"3514","NAV02",1959,8.77769863013699,18.8542191780822,456.78
"3515","NAV02",1960,8.86595628415301,18.8384426229508,472.93
"3516","NAV02",1961,9.3767397260274,20.5587671232877,321.7
"3517","NAV02",1962,8.68049315068493,19.4179726027397,384.19
"3518","NAV02",1963,8.50630136986301,18.6675068493151,487.72
"3519","NAV02",1964,8.99163934426229,19.7377868852459,283.02
"3520","NAV02",1965,8.66745205479452,19.1007671232877,332.17
"3521","NAV02",1966,8.67693150684931,19.3632328767123,424.41
"3522","NAV02",1967,8.30843835616438,19.2155890410959,310.73
"3523","NAV02",1968,8.7746174863388,19.3744262295082,281.34
"3524","NAV02",1969,8.0147397260274,17.9619726027397,439.76
"3525","NAV02",1970,8.29561643835616,19.3959726027397,246.63
"3526","NAV02",1971,7.90978082191781,17.981397260274,369.92
"3527","NAV02",1972,8.00415300546448,17.5262021857924,489.04
"3528","NAV02",1973,7.70317808219178,19.0549863013699,309.75
"3529","NAV02",1974,7.87975342465753,18.7035068493151,298.4
"3530","NAV02",1975,8.13331506849315,18.5238904109589,358.27
"3531","NAV02",1976,8.23254098360656,18.5730054644809,430.28
"3532","NAV02",1977,8.60016438356164,18.2903835616438,439.66
"3533","NAV02",1978,8.56638356164384,18.8694246575342,435
"3534","NAV02",1979,8.92224657534247,18.922904109589,394.77
"3535","NAV02",1980,8.14551912568306,19.0451639344262,296.8
"3536","NAV02",1981,8.70235616438356,19.9977534246575,341.52
"3537","NAV02",1982,8.87758904109589,19.822,333.99
"3538","NAV02",1983,8.13298630136986,20.0635068493151,269.39
"3539","NAV02",1984,7.26229508196721,18.8152732240437,374.18
"3540","NAV02",1985,8.08654794520548,20.4224383561644,272.01
"3541","NAV02",1986,7.92112328767123,19.8542739726027,315.75
"3542","NAV02",1987,8.85731506849315,20.2153698630137,456.32
"3543","NAV02",1988,8.12265027322404,19.7009836065574,367.67
"3544","NAV02",1989,9.37493150684931,20.9084109589041,491.94
"3545","NAV02",1990,8.95876712328767,20.5654246575342,272.91
"3546","NAV02",1991,8.10827397260274,19.916602739726,273.72
"3547","NAV02",1992,7.90289617486339,20.0664207650273,310.06
"3548","NAV02",1993,7.3866301369863,18.9689315068493,342.36
"3549","NAV02",1994,8.4618904109589,20.8255342465753,271.45
"3550","NAV02",1995,9.4638904109589,21.3198082191781,288.89
"3551","NAV02",1996,8.64505464480874,19.7467759562842,479.77
"3552","NAV02",1997,9.77175342465753,20.8772054794521,574.97
"3553","NAV02",1998,8.98495890410959,20.4787397260274,375.52
"3554","NAV02",1999,8.79638356164384,20.3410684931507,316.17
"3555","NAV02",2000,8.83617486338798,20.5010655737705,407.18
"3556","NAV02",2001,9.22997260273973,20.431397260274,345.64
"3557","NAV02",2002,9.4027397260274,20.4666849315069,415.57
"3558","NAV02",2003,9.69865753424657,21.0507123287671,416.17
"3559","NAV02",2004,8.88289617486339,20.4007650273224,377.62
"3560","NAV02",2005,8.71345205479452,20.8986575342466,261.6
"3561","NAV02",2006,9.94323287671233,21.2402191780822,373.53
"3562","NAV02",2007,8.48093150684931,20.2127671232877,377.98
"3563","NAV02",2008,8.77696721311475,20.081912568306,443.48
"3564","NAV02",2009,9.60484931506849,21.4496164383562,258.99
"3565","NAV02",2010,9.08487671232877,20,458.32
"3566","NAV02",2011,9.82101369863014,21.6638082191781,309.54
"3567","NAV02",2012,8.89677595628415,20.7346174863388,285.44
"3568","NAV02",2013,8.55421917808219,20.0667123287671,341.17
"3569","NAV02",2014,9.94104109589041,21.0665479452055,373.07
"3570","NAV02",2015,9.96265753424658,21.8844931506849,239.1
"3571","NAV02",2016,9.78666666666667,21.1298087431694,418.32
"3572","NAV02",2017,9.96739726027397,22.4893424657534,251.36
"3573","NAV02",2018,9.50580821917808,20.6368767123288,470.57
"3574","NAV02",2019,9.73408219178082,21.8990136986301,259.23
"3575","NAV02",2020,10.1647267759563,21.6451639344262,357.45
"3576","NAV02",2021,9.70471232876712,21.1657260273973,359.21
"3577","NAV02",2022,10.9135890410959,22.5012328767123,378.8
"3578","NAV03",1950,8.55832876712329,20.7847397260274,240.41
"3579","NAV03",1951,8.22295890410959,18.6543287671233,517.1
"3580","NAV03",1952,8.29532786885246,19.3165846994536,366.24
"3581","NAV03",1953,7.62484931506849,20.2866301369863,264.68
"3582","NAV03",1954,8.16057534246575,19.5519178082192,214.1
"3583","NAV03",1955,9.62342465753425,20.0908219178082,460.08
"3584","NAV03",1956,7.15215846994536,17.9067486338798,393.89
"3585","NAV03",1957,7.94909589041096,18.9032602739726,316.36
"3586","NAV03",1958,8.57013698630137,19.3467123287671,360.43
"3587","NAV03",1959,8.77769863013699,18.8542191780822,456.78
"3588","NAV03",1960,8.86595628415301,18.8384426229508,472.93
"3589","NAV03",1961,9.3767397260274,20.5587671232877,321.7
"3590","NAV03",1962,8.68049315068493,19.4179726027397,384.19
"3591","NAV03",1963,8.50630136986301,18.6675068493151,487.72
"3592","NAV03",1964,8.99163934426229,19.7377868852459,283.02
"3593","NAV03",1965,8.66745205479452,19.1007671232877,332.17
"3594","NAV03",1966,8.67693150684931,19.3632328767123,424.41
"3595","NAV03",1967,8.30843835616438,19.2155890410959,310.73
"3596","NAV03",1968,8.7746174863388,19.3744262295082,281.34
"3597","NAV03",1969,8.0147397260274,17.9619726027397,439.76
"3598","NAV03",1970,8.29561643835616,19.3959726027397,246.63
"3599","NAV03",1971,7.90978082191781,17.981397260274,369.92
"3600","NAV03",1972,8.00415300546448,17.5262021857924,489.04
"3601","NAV03",1973,7.70317808219178,19.0549863013699,309.75
"3602","NAV03",1974,7.87975342465753,18.7035068493151,298.4
"3603","NAV03",1975,8.13331506849315,18.5238904109589,358.27
"3604","NAV03",1976,8.23254098360656,18.5730054644809,430.28
"3605","NAV03",1977,8.60016438356164,18.2903835616438,439.66
"3606","NAV03",1978,8.56638356164384,18.8694246575342,435
"3607","NAV03",1979,8.92224657534247,18.922904109589,394.77
"3608","NAV03",1980,8.14551912568306,19.0451639344262,296.8
"3609","NAV03",1981,8.70235616438356,19.9977534246575,341.52
"3610","NAV03",1982,8.87758904109589,19.822,333.99
"3611","NAV03",1983,8.13298630136986,20.0635068493151,269.39
"3612","NAV03",1984,7.26229508196721,18.8152732240437,374.18
"3613","NAV03",1985,8.08654794520548,20.4224383561644,272.01
"3614","NAV03",1986,7.92112328767123,19.8542739726027,315.75
"3615","NAV03",1987,8.85731506849315,20.2153698630137,456.32
"3616","NAV03",1988,8.12265027322404,19.7009836065574,367.67
"3617","NAV03",1989,9.37493150684931,20.9084109589041,491.94
"3618","NAV03",1990,8.95876712328767,20.5654246575342,272.91
"3619","NAV03",1991,8.10827397260274,19.916602739726,273.72
"3620","NAV03",1992,7.90289617486339,20.0664207650273,310.06
"3621","NAV03",1993,7.3866301369863,18.9689315068493,342.36
"3622","NAV03",1994,8.4618904109589,20.8255342465753,271.45
"3623","NAV03",1995,9.4638904109589,21.3198082191781,288.89
"3624","NAV03",1996,8.64505464480874,19.7467759562842,479.77
"3625","NAV03",1997,9.77175342465753,20.8772054794521,574.97
"3626","NAV03",1998,8.98495890410959,20.4787397260274,375.52
"3627","NAV03",1999,8.79638356164384,20.3410684931507,316.17
"3628","NAV03",2000,8.83617486338798,20.5010655737705,407.18
"3629","NAV03",2001,9.22997260273973,20.431397260274,345.64
"3630","NAV03",2002,9.4027397260274,20.4666849315069,415.57
"3631","NAV03",2003,9.69865753424657,21.0507123287671,416.17
"3632","NAV03",2004,8.88289617486339,20.4007650273224,377.62
"3633","NAV03",2005,8.71345205479452,20.8986575342466,261.6
"3634","NAV03",2006,9.94323287671233,21.2402191780822,373.53
"3635","NAV03",2007,8.48093150684931,20.2127671232877,377.98
"3636","NAV03",2008,8.77696721311475,20.081912568306,443.48
"3637","NAV03",2009,9.60484931506849,21.4496164383562,258.99
"3638","NAV03",2010,9.08487671232877,20,458.32
"3639","NAV03",2011,9.82101369863014,21.6638082191781,309.54
"3640","NAV03",2012,8.89677595628415,20.7346174863388,285.44
"3641","NAV03",2013,8.55421917808219,20.0667123287671,341.17
"3642","NAV03",2014,9.94104109589041,21.0665479452055,373.07
"3643","NAV03",2015,9.96265753424658,21.8844931506849,239.1
"3644","NAV03",2016,9.78666666666667,21.1298087431694,418.32
"3645","NAV03",2017,9.96739726027397,22.4893424657534,251.36
"3646","NAV03",2018,9.50580821917808,20.6368767123288,470.57
"3647","NAV03",2019,9.73408219178082,21.8990136986301,259.23
"3648","NAV03",2020,10.1647267759563,21.6451639344262,357.45
"3649","NAV03",2021,9.70471232876712,21.1657260273973,359.21
"3650","NAV03",2022,10.9135890410959,22.5012328767123,378.8
"3651","NAV04",1950,8.55832876712329,20.7847397260274,240.41
"3652","NAV04",1951,8.22295890410959,18.6543287671233,517.1
"3653","NAV04",1952,8.29532786885246,19.3165846994536,366.24
"3654","NAV04",1953,7.62484931506849,20.2866301369863,264.68
"3655","NAV04",1954,8.16057534246575,19.5519178082192,214.1
"3656","NAV04",1955,9.62342465753425,20.0908219178082,460.08
"3657","NAV04",1956,7.15215846994536,17.9067486338798,393.89
"3658","NAV04",1957,7.94909589041096,18.9032602739726,316.36
"3659","NAV04",1958,8.57013698630137,19.3467123287671,360.43
"3660","NAV04",1959,8.77769863013699,18.8542191780822,456.78
"3661","NAV04",1960,8.86595628415301,18.8384426229508,472.93
"3662","NAV04",1961,9.3767397260274,20.5587671232877,321.7
"3663","NAV04",1962,8.68049315068493,19.4179726027397,384.19
"3664","NAV04",1963,8.50630136986301,18.6675068493151,487.72
"3665","NAV04",1964,8.99163934426229,19.7377868852459,283.02
"3666","NAV04",1965,8.66745205479452,19.1007671232877,332.17
"3667","NAV04",1966,8.67693150684931,19.3632328767123,424.41
"3668","NAV04",1967,8.30843835616438,19.2155890410959,310.73
"3669","NAV04",1968,8.7746174863388,19.3744262295082,281.34
"3670","NAV04",1969,8.0147397260274,17.9619726027397,439.76
"3671","NAV04",1970,8.29561643835616,19.3959726027397,246.63
"3672","NAV04",1971,7.90978082191781,17.981397260274,369.92
"3673","NAV04",1972,8.00415300546448,17.5262021857924,489.04
"3674","NAV04",1973,7.70317808219178,19.0549863013699,309.75
"3675","NAV04",1974,7.87975342465753,18.7035068493151,298.4
"3676","NAV04",1975,8.13331506849315,18.5238904109589,358.27
"3677","NAV04",1976,8.23254098360656,18.5730054644809,430.28
"3678","NAV04",1977,8.60016438356164,18.2903835616438,439.66
"3679","NAV04",1978,8.56638356164384,18.8694246575342,435
"3680","NAV04",1979,8.92224657534247,18.922904109589,394.77
"3681","NAV04",1980,8.14551912568306,19.0451639344262,296.8
"3682","NAV04",1981,8.70235616438356,19.9977534246575,341.52
"3683","NAV04",1982,8.87758904109589,19.822,333.99
"3684","NAV04",1983,8.13298630136986,20.0635068493151,269.39
"3685","NAV04",1984,7.26229508196721,18.8152732240437,374.18
"3686","NAV04",1985,8.08654794520548,20.4224383561644,272.01
"3687","NAV04",1986,7.92112328767123,19.8542739726027,315.75
"3688","NAV04",1987,8.85731506849315,20.2153698630137,456.32
"3689","NAV04",1988,8.12265027322404,19.7009836065574,367.67
"3690","NAV04",1989,9.37493150684931,20.9084109589041,491.94
"3691","NAV04",1990,8.95876712328767,20.5654246575342,272.91
"3692","NAV04",1991,8.10827397260274,19.916602739726,273.72
"3693","NAV04",1992,7.90289617486339,20.0664207650273,310.06
"3694","NAV04",1993,7.3866301369863,18.9689315068493,342.36
"3695","NAV04",1994,8.4618904109589,20.8255342465753,271.45
"3696","NAV04",1995,9.4638904109589,21.3198082191781,288.89
"3697","NAV04",1996,8.64505464480874,19.7467759562842,479.77
"3698","NAV04",1997,9.77175342465753,20.8772054794521,574.97
"3699","NAV04",1998,8.98495890410959,20.4787397260274,375.52
"3700","NAV04",1999,8.79638356164384,20.3410684931507,316.17
"3701","NAV04",2000,8.83617486338798,20.5010655737705,407.18
"3702","NAV04",2001,9.22997260273973,20.431397260274,345.64
"3703","NAV04",2002,9.4027397260274,20.4666849315069,415.57
"3704","NAV04",2003,9.69865753424657,21.0507123287671,416.17
"3705","NAV04",2004,8.88289617486339,20.4007650273224,377.62
"3706","NAV04",2005,8.71345205479452,20.8986575342466,261.6
"3707","NAV04",2006,9.94323287671233,21.2402191780822,373.53
"3708","NAV04",2007,8.48093150684931,20.2127671232877,377.98
"3709","NAV04",2008,8.77696721311475,20.081912568306,443.48
"3710","NAV04",2009,9.60484931506849,21.4496164383562,258.99
"3711","NAV04",2010,9.08487671232877,20,458.32
"3712","NAV04",2011,9.82101369863014,21.6638082191781,309.54
"3713","NAV04",2012,8.89677595628415,20.7346174863388,285.44
"3714","NAV04",2013,8.55421917808219,20.0667123287671,341.17
"3715","NAV04",2014,9.94104109589041,21.0665479452055,373.07
"3716","NAV04",2015,9.96265753424658,21.8844931506849,239.1
"3717","NAV04",2016,9.78666666666667,21.1298087431694,418.32
"3718","NAV04",2017,9.96739726027397,22.4893424657534,251.36
"3719","NAV04",2018,9.50580821917808,20.6368767123288,470.57
"3720","NAV04",2019,9.73408219178082,21.8990136986301,259.23
"3721","NAV04",2020,10.1647267759563,21.6451639344262,357.45
"3722","NAV04",2021,9.70471232876712,21.1657260273973,359.21
"3723","NAV04",2022,10.9135890410959,22.5012328767123,378.8
"3724","NAV05",1950,8.29923287671233,20.4551780821918,246.03
"3725","NAV05",1951,7.96460273972603,18.3192328767123,526.91
"3726","NAV05",1952,8.04204918032787,18.9891256830601,372.55
"3727","NAV05",1953,7.36569863013699,19.9601643835616,271.56
"3728","NAV05",1954,7.91241095890411,19.218602739726,217.08
"3729","NAV05",1955,9.36772602739726,19.7648767123288,467.3
"3730","NAV05",1956,6.89267759562841,17.5819672131148,398.82
"3731","NAV05",1957,7.69123287671233,18.5797808219178,321.79
"3732","NAV05",1958,8.31128767123288,19.0080547945205,368.09
"3733","NAV05",1959,8.51961643835616,18.5161643835616,468.37
"3734","NAV05",1960,8.61224043715847,18.5051092896175,482.45
"3735","NAV05",1961,9.13430136986301,20.2313150684931,325.11
"3736","NAV05",1962,8.43106849315068,19.0854246575342,388.44
"3737","NAV05",1963,8.25109589041096,18.3337260273973,495.5
"3738","NAV05",1964,8.75374316939891,19.4063661202186,291.74
"3739","NAV05",1965,8.41665753424657,18.7650136986301,338
"3740","NAV05",1966,8.42854794520548,19.0275890410959,433.54
"3741","NAV05",1967,8.07016438356164,18.8808767123288,314.89
"3742","NAV05",1968,8.53286885245902,19.0403005464481,287.6
"3743","NAV05",1969,7.76698630136986,17.6256164383562,447.48
"3744","NAV05",1970,8.05164383561644,19.060602739726,252.62
"3745","NAV05",1971,7.66824657534247,17.6429863013699,375.68
"3746","NAV05",1972,7.75084699453552,17.1832786885246,501.77
"3747","NAV05",1973,7.46742465753425,18.7188219178082,316.17
"3748","NAV05",1974,7.63865753424658,18.3612328767123,303.18
"3749","NAV05",1975,7.89082191780822,18.1835616438356,362.23
"3750","NAV05",1976,7.99101092896175,18.2305191256831,443.06
"3751","NAV05",1977,8.35520547945205,17.9519452054795,451.94
"3752","NAV05",1978,8.32747945205479,18.5283835616438,440.73
"3753","NAV05",1979,8.68205479452055,18.5809315068493,402.21
"3754","NAV05",1980,7.91215846994536,18.7012021857924,301.91
"3755","NAV05",1981,8.46487671232877,19.6500821917808,348.35
"3756","NAV05",1982,8.63838356164384,19.4792054794521,339.44
"3757","NAV05",1983,7.90347945205479,19.7245479452055,274.31
"3758","NAV05",1984,7.02636612021858,18.4726775956284,378.07
"3759","NAV05",1985,7.8686301369863,20.0826849315069,275.43
"3760","NAV05",1986,7.69504109589041,19.5117534246575,323.53
"3761","NAV05",1987,8.62997260273973,19.8780547945205,466.94
"3762","NAV05",1988,7.89642076502732,19.367868852459,371.58
"3763","NAV05",1989,9.14553424657534,20.5637260273973,500.87
"3764","NAV05",1990,8.72931506849315,20.2244657534247,277.59
"3765","NAV05",1991,7.87841095890411,19.571698630137,279.66
"3766","NAV05",1992,7.6851912568306,19.7284699453552,319.08
"3767","NAV05",1993,7.15830136986301,18.6340821917808,347.54
"3768","NAV05",1994,8.23246575342466,20.4834246575342,275.02
"3769","NAV05",1995,9.2233698630137,20.9720547945205,298.56
"3770","NAV05",1996,8.40994535519126,19.4029781420765,486.97
"3771","NAV05",1997,9.54019178082192,20.5391506849315,583.42
"3772","NAV05",1998,8.76805479452055,20.1398630136986,378.98
"3773","NAV05",1999,8.56621917808219,19.9981643835616,320.81
"3774","NAV05",2000,8.61540983606557,20.1619945355191,413.39
"3775","NAV05",2001,8.99769863013699,20.0916438356164,350.97
"3776","NAV05",2002,9.1687397260274,20.1229315068493,423.18
"3777","NAV05",2003,9.46747945205479,20.7069863013699,422.48
"3778","NAV05",2004,8.65612021857923,20.0582240437158,385.5
"3779","NAV05",2005,8.48917808219178,20.5529863013699,269
"3780","NAV05",2006,9.71317808219178,20.8977808219178,381.44
"3781","NAV05",2007,8.25413698630137,19.8711232876712,383.61
"3782","NAV05",2008,8.54631147540984,19.7378415300546,451.79
"3783","NAV05",2009,9.37479452054795,21.1118356164384,264.67
"3784","NAV05",2010,8.84756164383562,19.6592328767123,466.13
"3785","NAV05",2011,9.59605479452055,21.3227945205479,315.1
"3786","NAV05",2012,8.67131147540984,20.3889617486339,287.27
"3787","NAV05",2013,8.32068493150685,19.7236164383562,345.87
"3788","NAV05",2014,9.70583561643836,20.7204383561644,378.96
"3789","NAV05",2015,9.74158904109589,21.5407945205479,245.41
"3790","NAV05",2016,9.55620218579235,20.7866120218579,424.35
"3791","NAV05",2017,9.74715068493151,22.1439178082192,261.13
"3792","NAV05",2018,9.27493150684931,20.2922739726027,479.09
"3793","NAV05",2019,9.5052602739726,21.5540273972603,264.25
"3794","NAV05",2020,9.93617486338798,21.3001366120219,363.93
"3795","NAV05",2021,9.47745205479452,20.8217808219178,366.29
"3796","NAV05",2022,10.6930410958904,22.1538630136986,383.83
"3797","NAV06",1950,8.52539726027397,20.7912876712329,239.97
"3798","NAV06",1951,8.18994520547945,18.6554794520548,513.65
"3799","NAV06",1952,8.26431693989071,19.3218306010929,363.07
"3800","NAV06",1953,7.59586301369863,20.2932054794521,264.69
"3801","NAV06",1954,8.12934246575342,19.5504931506849,211.78
"3802","NAV06",1955,9.59052054794521,20.1005479452055,456.67
"3803","NAV06",1956,7.11658469945355,17.9141803278689,389.58
"3804","NAV06",1957,7.91547945205479,18.9101369863014,314.33
"3805","NAV06",1958,8.53775342465753,19.3410136986301,358.58
"3806","NAV06",1959,8.74794520547945,18.852904109589,455
"3807","NAV06",1960,8.834043715847,18.8403825136612,471.01
"3808","NAV06",1961,9.35523287671233,20.5660273972603,318.91
"3809","NAV06",1962,8.65364383561644,19.4188493150685,380
"3810","NAV06",1963,8.47452054794521,18.6699178082192,484.16
"3811","NAV06",1964,8.96819672131148,19.7400273224044,282.53
"3812","NAV06",1965,8.63980821917808,19.1012328767123,329.11
"3813","NAV06",1966,8.65027397260274,19.3633150684932,423.91
"3814","NAV06",1967,8.28706849315068,19.2155890410959,307.29
"3815","NAV06",1968,8.75234972677596,19.375,279.61
"3816","NAV06",1969,7.98813698630137,17.9602465753425,435.67
"3817","NAV06",1970,8.26876712328767,19.3930684931507,246.81
"3818","NAV06",1971,7.88506849315069,17.977397260274,367.75
"3819","NAV06",1972,7.9724043715847,17.5186885245902,488.19
"3820","NAV06",1973,7.68128767123288,19.0482739726027,308.31
"3821","NAV06",1974,7.8521095890411,18.6946301369863,294.91
"3822","NAV06",1975,8.10750684931507,18.5157808219178,355.71
"3823","NAV06",1976,8.20674863387978,18.5646174863388,430.15
"3824","NAV06",1977,8.57331506849315,18.2852876712329,439.18
"3825","NAV06",1978,8.53898630136986,18.8613424657534,431.78
"3826","NAV06",1979,8.89572602739726,18.9150410958904,393.01
"3827","NAV06",1980,8.12147540983607,19.0334426229508,294.24
"3828","NAV06",1981,8.67764383561644,19.9836712328767,340.02
"3829","NAV06",1982,8.8546301369863,19.8158356164384,331.51
"3830","NAV06",1983,8.10564383561644,20.0607945205479,268.1
"3831","NAV06",1984,7.23054644808743,18.8125683060109,369.9
"3832","NAV06",1985,8.06284931506849,20.4210136986301,271.06
"3833","NAV06",1986,7.89564383561644,19.8507397260274,315.19
"3834","NAV06",1987,8.83172602739726,20.2153150684932,455.69
"3835","NAV06",1988,8.09775956284153,19.7018579234973,365.06
"3836","NAV06",1989,9.348,20.9039726027397,491.19
"3837","NAV06",1990,8.93153424657534,20.5620273972603,271.41
"3838","NAV06",1991,8.08131506849315,19.9097808219178,271.49
"3839","NAV06",1992,7.88322404371585,20.0627868852459,310.41
"3840","NAV06",1993,7.35931506849315,18.9692054794521,339.75
"3841","NAV06",1994,8.43413698630137,20.8197534246575,271.72
"3842","NAV06",1995,9.42767123287671,21.3095616438356,289.77
"3843","NAV06",1996,8.61568306010929,19.7384426229508,479.08
"3844","NAV06",1997,9.74813698630137,20.8750136986301,571.31
"3845","NAV06",1998,8.96865753424658,20.4758630136986,374.81
"3846","NAV06",1999,8.77090410958904,20.3336712328767,314.86
"3847","NAV06",2000,8.81920765027322,20.4969945355191,405.39
"3848","NAV06",2001,9.20476712328767,20.4278630136986,343.77
"3849","NAV06",2002,9.37767123287671,20.4609315068493,413.16
"3850","NAV06",2003,9.67641095890411,21.0449589041096,414.36
"3851","NAV06",2004,8.86284153005465,20.3974863387978,375.53
"3852","NAV06",2005,8.69468493150685,20.8928219178082,261.92
"3853","NAV06",2006,9.92013698630137,21.2353424657534,370.59
"3854","NAV06",2007,8.45838356164383,20.2107671232877,376.57
"3855","NAV06",2008,8.75390710382514,20.0762568306011,444.34
"3856","NAV06",2009,9.57931506849315,21.4493150684931,258.11
"3857","NAV06",2010,9.05783561643836,19.9990684931507,455.26
"3858","NAV06",2011,9.79953424657534,21.6610410958904,307.85
"3859","NAV06",2012,8.87254098360656,20.7257923497268,283.24
"3860","NAV06",2013,8.52775342465753,20.061095890411,337.95
"3861","NAV06",2014,9.91452054794521,21.0589315068493,370.27
"3862","NAV06",2015,9.94339726027397,21.8799726027397,238.15
"3863","NAV06",2016,9.76234972677596,21.1243989071038,416.15
"3864","NAV06",2017,9.94835616438356,22.4832328767123,250.3
"3865","NAV06",2018,9.48227397260274,20.6322739726027,467.34
"3866","NAV06",2019,9.70969863013699,21.8929315068493,258.37
"3867","NAV06",2020,10.1419398907104,21.6430601092896,356.25
"3868","NAV06",2021,9.68246575342466,21.1605205479452,359.11
"3869","NAV06",2022,10.8944657534247,22.4938630136986,375.49
"3870","NAV07",1950,8.52539726027397,20.7912876712329,239.97
"3871","NAV07",1951,8.18994520547945,18.6554794520548,513.65
"3872","NAV07",1952,8.26431693989071,19.3218306010929,363.07
"3873","NAV07",1953,7.59586301369863,20.2932054794521,264.69
"3874","NAV07",1954,8.12934246575342,19.5504931506849,211.78
"3875","NAV07",1955,9.59052054794521,20.1005479452055,456.67
"3876","NAV07",1956,7.11658469945355,17.9141803278689,389.58
"3877","NAV07",1957,7.91547945205479,18.9101369863014,314.33
"3878","NAV07",1958,8.53775342465753,19.3410136986301,358.58
"3879","NAV07",1959,8.74794520547945,18.852904109589,455
"3880","NAV07",1960,8.834043715847,18.8403825136612,471.01
"3881","NAV07",1961,9.35523287671233,20.5660273972603,318.91
"3882","NAV07",1962,8.65364383561644,19.4188493150685,380
"3883","NAV07",1963,8.47452054794521,18.6699178082192,484.16
"3884","NAV07",1964,8.96819672131148,19.7400273224044,282.53
"3885","NAV07",1965,8.63980821917808,19.1012328767123,329.11
"3886","NAV07",1966,8.65027397260274,19.3633150684932,423.91
"3887","NAV07",1967,8.28706849315068,19.2155890410959,307.29
"3888","NAV07",1968,8.75234972677596,19.375,279.61
"3889","NAV07",1969,7.98813698630137,17.9602465753425,435.67
"3890","NAV07",1970,8.26876712328767,19.3930684931507,246.81
"3891","NAV07",1971,7.88506849315069,17.977397260274,367.75
"3892","NAV07",1972,7.9724043715847,17.5186885245902,488.19
"3893","NAV07",1973,7.68128767123288,19.0482739726027,308.31
"3894","NAV07",1974,7.8521095890411,18.6946301369863,294.91
"3895","NAV07",1975,8.10750684931507,18.5157808219178,355.71
"3896","NAV07",1976,8.20674863387978,18.5646174863388,430.15
"3897","NAV07",1977,8.57331506849315,18.2852876712329,439.18
"3898","NAV07",1978,8.53898630136986,18.8613424657534,431.78
"3899","NAV07",1979,8.89572602739726,18.9150410958904,393.01
"3900","NAV07",1980,8.12147540983607,19.0334426229508,294.24
"3901","NAV07",1981,8.67764383561644,19.9836712328767,340.02
"3902","NAV07",1982,8.8546301369863,19.8158356164384,331.51
"3903","NAV07",1983,8.10564383561644,20.0607945205479,268.1
"3904","NAV07",1984,7.23054644808743,18.8125683060109,369.9
"3905","NAV07",1985,8.06284931506849,20.4210136986301,271.06
"3906","NAV07",1986,7.89564383561644,19.8507397260274,315.19
"3907","NAV07",1987,8.83172602739726,20.2153150684932,455.69
"3908","NAV07",1988,8.09775956284153,19.7018579234973,365.06
"3909","NAV07",1989,9.348,20.9039726027397,491.19
"3910","NAV07",1990,8.93153424657534,20.5620273972603,271.41
"3911","NAV07",1991,8.08131506849315,19.9097808219178,271.49
"3912","NAV07",1992,7.88322404371585,20.0627868852459,310.41
"3913","NAV07",1993,7.35931506849315,18.9692054794521,339.75
"3914","NAV07",1994,8.43413698630137,20.8197534246575,271.72
"3915","NAV07",1995,9.42767123287671,21.3095616438356,289.77
"3916","NAV07",1996,8.61568306010929,19.7384426229508,479.08
"3917","NAV07",1997,9.74813698630137,20.8750136986301,571.31
"3918","NAV07",1998,8.96865753424658,20.4758630136986,374.81
"3919","NAV07",1999,8.77090410958904,20.3336712328767,314.86
"3920","NAV07",2000,8.81920765027322,20.4969945355191,405.39
"3921","NAV07",2001,9.20476712328767,20.4278630136986,343.77
"3922","NAV07",2002,9.37767123287671,20.4609315068493,413.16
"3923","NAV07",2003,9.67641095890411,21.0449589041096,414.36
"3924","NAV07",2004,8.86284153005465,20.3974863387978,375.53
"3925","NAV07",2005,8.69468493150685,20.8928219178082,261.92
"3926","NAV07",2006,9.92013698630137,21.2353424657534,370.59
"3927","NAV07",2007,8.45838356164383,20.2107671232877,376.57
"3928","NAV07",2008,8.75390710382514,20.0762568306011,444.34
"3929","NAV07",2009,9.57931506849315,21.4493150684931,258.11
"3930","NAV07",2010,9.05783561643836,19.9990684931507,455.26
"3931","NAV07",2011,9.79953424657534,21.6610410958904,307.85
"3932","NAV07",2012,8.87254098360656,20.7257923497268,283.24
"3933","NAV07",2013,8.52775342465753,20.061095890411,337.95
"3934","NAV07",2014,9.91452054794521,21.0589315068493,370.27
"3935","NAV07",2015,9.94339726027397,21.8799726027397,238.15
"3936","NAV07",2016,9.76234972677596,21.1243989071038,416.15
"3937","NAV07",2017,9.94835616438356,22.4832328767123,250.3
"3938","NAV07",2018,9.48227397260274,20.6322739726027,467.34
"3939","NAV07",2019,9.70969863013699,21.8929315068493,258.37
"3940","NAV07",2020,10.1419398907104,21.6430601092896,356.25
"3941","NAV07",2021,9.68246575342466,21.1605205479452,359.11
"3942","NAV07",2022,10.8944657534247,22.4938630136986,375.49
"3943","NAV08",1950,8.52539726027397,20.7912876712329,239.97
"3944","NAV08",1951,8.18994520547945,18.6554794520548,513.65
"3945","NAV08",1952,8.26431693989071,19.3218306010929,363.07
"3946","NAV08",1953,7.59586301369863,20.2932054794521,264.69
"3947","NAV08",1954,8.12934246575342,19.5504931506849,211.78
"3948","NAV08",1955,9.59052054794521,20.1005479452055,456.67
"3949","NAV08",1956,7.11658469945355,17.9141803278689,389.58
"3950","NAV08",1957,7.91547945205479,18.9101369863014,314.33
"3951","NAV08",1958,8.53775342465753,19.3410136986301,358.58
"3952","NAV08",1959,8.74794520547945,18.852904109589,455
"3953","NAV08",1960,8.834043715847,18.8403825136612,471.01
"3954","NAV08",1961,9.35523287671233,20.5660273972603,318.91
"3955","NAV08",1962,8.65364383561644,19.4188493150685,380
"3956","NAV08",1963,8.47452054794521,18.6699178082192,484.16
"3957","NAV08",1964,8.96819672131148,19.7400273224044,282.53
"3958","NAV08",1965,8.63980821917808,19.1012328767123,329.11
"3959","NAV08",1966,8.65027397260274,19.3633150684932,423.91
"3960","NAV08",1967,8.28706849315068,19.2155890410959,307.29
"3961","NAV08",1968,8.75234972677596,19.375,279.61
"3962","NAV08",1969,7.98813698630137,17.9602465753425,435.67
"3963","NAV08",1970,8.26876712328767,19.3930684931507,246.81
"3964","NAV08",1971,7.88506849315069,17.977397260274,367.75
"3965","NAV08",1972,7.9724043715847,17.5186885245902,488.19
"3966","NAV08",1973,7.68128767123288,19.0482739726027,308.31
"3967","NAV08",1974,7.8521095890411,18.6946301369863,294.91
"3968","NAV08",1975,8.10750684931507,18.5157808219178,355.71
"3969","NAV08",1976,8.20674863387978,18.5646174863388,430.15
"3970","NAV08",1977,8.57331506849315,18.2852876712329,439.18
"3971","NAV08",1978,8.53898630136986,18.8613424657534,431.78
"3972","NAV08",1979,8.89572602739726,18.9150410958904,393.01
"3973","NAV08",1980,8.12147540983607,19.0334426229508,294.24
"3974","NAV08",1981,8.67764383561644,19.9836712328767,340.02
"3975","NAV08",1982,8.8546301369863,19.8158356164384,331.51
"3976","NAV08",1983,8.10564383561644,20.0607945205479,268.1
"3977","NAV08",1984,7.23054644808743,18.8125683060109,369.9
"3978","NAV08",1985,8.06284931506849,20.4210136986301,271.06
"3979","NAV08",1986,7.89564383561644,19.8507397260274,315.19
"3980","NAV08",1987,8.83172602739726,20.2153150684932,455.69
"3981","NAV08",1988,8.09775956284153,19.7018579234973,365.06
"3982","NAV08",1989,9.348,20.9039726027397,491.19
"3983","NAV08",1990,8.93153424657534,20.5620273972603,271.41
"3984","NAV08",1991,8.08131506849315,19.9097808219178,271.49
"3985","NAV08",1992,7.88322404371585,20.0627868852459,310.41
"3986","NAV08",1993,7.35931506849315,18.9692054794521,339.75
"3987","NAV08",1994,8.43413698630137,20.8197534246575,271.72
"3988","NAV08",1995,9.42767123287671,21.3095616438356,289.77
"3989","NAV08",1996,8.61568306010929,19.7384426229508,479.08
"3990","NAV08",1997,9.74813698630137,20.8750136986301,571.31
"3991","NAV08",1998,8.96865753424658,20.4758630136986,374.81
"3992","NAV08",1999,8.77090410958904,20.3336712328767,314.86
"3993","NAV08",2000,8.81920765027322,20.4969945355191,405.39
"3994","NAV08",2001,9.20476712328767,20.4278630136986,343.77
"3995","NAV08",2002,9.37767123287671,20.4609315068493,413.16
"3996","NAV08",2003,9.67641095890411,21.0449589041096,414.36
"3997","NAV08",2004,8.86284153005465,20.3974863387978,375.53
"3998","NAV08",2005,8.69468493150685,20.8928219178082,261.92
"3999","NAV08",2006,9.92013698630137,21.2353424657534,370.59
"4000","NAV08",2007,8.45838356164383,20.2107671232877,376.57
"4001","NAV08",2008,8.75390710382514,20.0762568306011,444.34
"4002","NAV08",2009,9.57931506849315,21.4493150684931,258.11
"4003","NAV08",2010,9.05783561643836,19.9990684931507,455.26
"4004","NAV08",2011,9.79953424657534,21.6610410958904,307.85
"4005","NAV08",2012,8.87254098360656,20.7257923497268,283.24
"4006","NAV08",2013,8.52775342465753,20.061095890411,337.95
"4007","NAV08",2014,9.91452054794521,21.0589315068493,370.27
"4008","NAV08",2015,9.94339726027397,21.8799726027397,238.15
"4009","NAV08",2016,9.76234972677596,21.1243989071038,416.15
"4010","NAV08",2017,9.94835616438356,22.4832328767123,250.3
"4011","NAV08",2018,9.48227397260274,20.6322739726027,467.34
"4012","NAV08",2019,9.70969863013699,21.8929315068493,258.37
"4013","NAV08",2020,10.1419398907104,21.6430601092896,356.25
"4014","NAV08",2021,9.68246575342466,21.1605205479452,359.11
"4015","NAV08",2022,10.8944657534247,22.4938630136986,375.49
"4016","NAV09",1950,8.29923287671233,20.4551780821918,246.03
"4017","NAV09",1951,7.96460273972603,18.3192328767123,526.91
"4018","NAV09",1952,8.04204918032787,18.9891256830601,372.55
"4019","NAV09",1953,7.36569863013699,19.9601643835616,271.56
"4020","NAV09",1954,7.91241095890411,19.218602739726,217.08
"4021","NAV09",1955,9.36772602739726,19.7648767123288,467.3
"4022","NAV09",1956,6.89267759562841,17.5819672131148,398.82
"4023","NAV09",1957,7.69123287671233,18.5797808219178,321.79
"4024","NAV09",1958,8.31128767123288,19.0080547945205,368.09
"4025","NAV09",1959,8.51961643835616,18.5161643835616,468.37
"4026","NAV09",1960,8.61224043715847,18.5051092896175,482.45
"4027","NAV09",1961,9.13430136986301,20.2313150684931,325.11
"4028","NAV09",1962,8.43106849315068,19.0854246575342,388.44
"4029","NAV09",1963,8.25109589041096,18.3337260273973,495.5
"4030","NAV09",1964,8.75374316939891,19.4063661202186,291.74
"4031","NAV09",1965,8.41665753424657,18.7650136986301,338
"4032","NAV09",1966,8.42854794520548,19.0275890410959,433.54
"4033","NAV09",1967,8.07016438356164,18.8808767123288,314.89
"4034","NAV09",1968,8.53286885245902,19.0403005464481,287.6
"4035","NAV09",1969,7.76698630136986,17.6256164383562,447.48
"4036","NAV09",1970,8.05164383561644,19.060602739726,252.62
"4037","NAV09",1971,7.66824657534247,17.6429863013699,375.68
"4038","NAV09",1972,7.75084699453552,17.1832786885246,501.77
"4039","NAV09",1973,7.46742465753425,18.7188219178082,316.17
"4040","NAV09",1974,7.63865753424658,18.3612328767123,303.18
"4041","NAV09",1975,7.89082191780822,18.1835616438356,362.23
"4042","NAV09",1976,7.99101092896175,18.2305191256831,443.06
"4043","NAV09",1977,8.35520547945205,17.9519452054795,451.94
"4044","NAV09",1978,8.32747945205479,18.5283835616438,440.73
"4045","NAV09",1979,8.68205479452055,18.5809315068493,402.21
"4046","NAV09",1980,7.91215846994536,18.7012021857924,301.91
"4047","NAV09",1981,8.46487671232877,19.6500821917808,348.35
"4048","NAV09",1982,8.63838356164384,19.4792054794521,339.44
"4049","NAV09",1983,7.90347945205479,19.7245479452055,274.31
"4050","NAV09",1984,7.02636612021858,18.4726775956284,378.07
"4051","NAV09",1985,7.8686301369863,20.0826849315069,275.43
"4052","NAV09",1986,7.69504109589041,19.5117534246575,323.53
"4053","NAV09",1987,8.62997260273973,19.8780547945205,466.94
"4054","NAV09",1988,7.89642076502732,19.367868852459,371.58
"4055","NAV09",1989,9.14553424657534,20.5637260273973,500.87
"4056","NAV09",1990,8.72931506849315,20.2244657534247,277.59
"4057","NAV09",1991,7.87841095890411,19.571698630137,279.66
"4058","NAV09",1992,7.6851912568306,19.7284699453552,319.08
"4059","NAV09",1993,7.15830136986301,18.6340821917808,347.54
"4060","NAV09",1994,8.23246575342466,20.4834246575342,275.02
"4061","NAV09",1995,9.2233698630137,20.9720547945205,298.56
"4062","NAV09",1996,8.40994535519126,19.4029781420765,486.97
"4063","NAV09",1997,9.54019178082192,20.5391506849315,583.42
"4064","NAV09",1998,8.76805479452055,20.1398630136986,378.98
"4065","NAV09",1999,8.56621917808219,19.9981643835616,320.81
"4066","NAV09",2000,8.61540983606557,20.1619945355191,413.39
"4067","NAV09",2001,8.99769863013699,20.0916438356164,350.97
"4068","NAV09",2002,9.1687397260274,20.1229315068493,423.18
"4069","NAV09",2003,9.46747945205479,20.7069863013699,422.48
"4070","NAV09",2004,8.65612021857923,20.0582240437158,385.5
"4071","NAV09",2005,8.48917808219178,20.5529863013699,269
"4072","NAV09",2006,9.71317808219178,20.8977808219178,381.44
"4073","NAV09",2007,8.25413698630137,19.8711232876712,383.61
"4074","NAV09",2008,8.54631147540984,19.7378415300546,451.79
"4075","NAV09",2009,9.37479452054795,21.1118356164384,264.67
"4076","NAV09",2010,8.84756164383562,19.6592328767123,466.13
"4077","NAV09",2011,9.59605479452055,21.3227945205479,315.1
"4078","NAV09",2012,8.67131147540984,20.3889617486339,287.27
"4079","NAV09",2013,8.32068493150685,19.7236164383562,345.87
"4080","NAV09",2014,9.70583561643836,20.7204383561644,378.96
"4081","NAV09",2015,9.74158904109589,21.5407945205479,245.41
"4082","NAV09",2016,9.55620218579235,20.7866120218579,424.35
"4083","NAV09",2017,9.74715068493151,22.1439178082192,261.13
"4084","NAV09",2018,9.27493150684931,20.2922739726027,479.09
"4085","NAV09",2019,9.5052602739726,21.5540273972603,264.25
"4086","NAV09",2020,9.93617486338798,21.3001366120219,363.93
"4087","NAV09",2021,9.47745205479452,20.8217808219178,366.29
"4088","NAV09",2022,10.6930410958904,22.1538630136986,383.83
"4089","NAV10",1950,8.55832876712329,20.7847397260274,240.41
"4090","NAV10",1951,8.22295890410959,18.6543287671233,517.1
"4091","NAV10",1952,8.29532786885246,19.3165846994536,366.24
"4092","NAV10",1953,7.62484931506849,20.2866301369863,264.68
"4093","NAV10",1954,8.16057534246575,19.5519178082192,214.1
"4094","NAV10",1955,9.62342465753425,20.0908219178082,460.08
"4095","NAV10",1956,7.15215846994536,17.9067486338798,393.89
"4096","NAV10",1957,7.94909589041096,18.9032602739726,316.36
"4097","NAV10",1958,8.57013698630137,19.3467123287671,360.43
"4098","NAV10",1959,8.77769863013699,18.8542191780822,456.78
"4099","NAV10",1960,8.86595628415301,18.8384426229508,472.93
"4100","NAV10",1961,9.3767397260274,20.5587671232877,321.7
"4101","NAV10",1962,8.68049315068493,19.4179726027397,384.19
"4102","NAV10",1963,8.50630136986301,18.6675068493151,487.72
"4103","NAV10",1964,8.99163934426229,19.7377868852459,283.02
"4104","NAV10",1965,8.66745205479452,19.1007671232877,332.17
"4105","NAV10",1966,8.67693150684931,19.3632328767123,424.41
"4106","NAV10",1967,8.30843835616438,19.2155890410959,310.73
"4107","NAV10",1968,8.7746174863388,19.3744262295082,281.34
"4108","NAV10",1969,8.0147397260274,17.9619726027397,439.76
"4109","NAV10",1970,8.29561643835616,19.3959726027397,246.63
"4110","NAV10",1971,7.90978082191781,17.981397260274,369.92
"4111","NAV10",1972,8.00415300546448,17.5262021857924,489.04
"4112","NAV10",1973,7.70317808219178,19.0549863013699,309.75
"4113","NAV10",1974,7.87975342465753,18.7035068493151,298.4
"4114","NAV10",1975,8.13331506849315,18.5238904109589,358.27
"4115","NAV10",1976,8.23254098360656,18.5730054644809,430.28
"4116","NAV10",1977,8.60016438356164,18.2903835616438,439.66
"4117","NAV10",1978,8.56638356164384,18.8694246575342,435
"4118","NAV10",1979,8.92224657534247,18.922904109589,394.77
"4119","NAV10",1980,8.14551912568306,19.0451639344262,296.8
"4120","NAV10",1981,8.70235616438356,19.9977534246575,341.52
"4121","NAV10",1982,8.87758904109589,19.822,333.99
"4122","NAV10",1983,8.13298630136986,20.0635068493151,269.39
"4123","NAV10",1984,7.26229508196721,18.8152732240437,374.18
"4124","NAV10",1985,8.08654794520548,20.4224383561644,272.01
"4125","NAV10",1986,7.92112328767123,19.8542739726027,315.75
"4126","NAV10",1987,8.85731506849315,20.2153698630137,456.32
"4127","NAV10",1988,8.12265027322404,19.7009836065574,367.67
"4128","NAV10",1989,9.37493150684931,20.9084109589041,491.94
"4129","NAV10",1990,8.95876712328767,20.5654246575342,272.91
"4130","NAV10",1991,8.10827397260274,19.916602739726,273.72
"4131","NAV10",1992,7.90289617486339,20.0664207650273,310.06
"4132","NAV10",1993,7.3866301369863,18.9689315068493,342.36
"4133","NAV10",1994,8.4618904109589,20.8255342465753,271.45
"4134","NAV10",1995,9.4638904109589,21.3198082191781,288.89
"4135","NAV10",1996,8.64505464480874,19.7467759562842,479.77
"4136","NAV10",1997,9.77175342465753,20.8772054794521,574.97
"4137","NAV10",1998,8.98495890410959,20.4787397260274,375.52
"4138","NAV10",1999,8.79638356164384,20.3410684931507,316.17
"4139","NAV10",2000,8.83617486338798,20.5010655737705,407.18
"4140","NAV10",2001,9.22997260273973,20.431397260274,345.64
"4141","NAV10",2002,9.4027397260274,20.4666849315069,415.57
"4142","NAV10",2003,9.69865753424657,21.0507123287671,416.17
"4143","NAV10",2004,8.88289617486339,20.4007650273224,377.62
"4144","NAV10",2005,8.71345205479452,20.8986575342466,261.6
"4145","NAV10",2006,9.94323287671233,21.2402191780822,373.53
"4146","NAV10",2007,8.48093150684931,20.2127671232877,377.98
"4147","NAV10",2008,8.77696721311475,20.081912568306,443.48
"4148","NAV10",2009,9.60484931506849,21.4496164383562,258.99
"4149","NAV10",2010,9.08487671232877,20,458.32
"4150","NAV10",2011,9.82101369863014,21.6638082191781,309.54
"4151","NAV10",2012,8.89677595628415,20.7346174863388,285.44
"4152","NAV10",2013,8.55421917808219,20.0667123287671,341.17
"4153","NAV10",2014,9.94104109589041,21.0665479452055,373.07
"4154","NAV10",2015,9.96265753424658,21.8844931506849,239.1
"4155","NAV10",2016,9.78666666666667,21.1298087431694,418.32
"4156","NAV10",2017,9.96739726027397,22.4893424657534,251.36
"4157","NAV10",2018,9.50580821917808,20.6368767123288,470.57
"4158","NAV10",2019,9.73408219178082,21.8990136986301,259.23
"4159","NAV10",2020,10.1647267759563,21.6451639344262,357.45
"4160","NAV10",2021,9.70471232876712,21.1657260273973,359.21
"4161","NAV10",2022,10.9135890410959,22.5012328767123,378.8
"4162","NAV11",1950,8.67424657534247,20.9195890410959,238.08
"4163","NAV11",1951,8.33939726027397,18.7943835616438,512.73
"4164","NAV11",1952,8.40986338797814,19.453087431694,363.01
"4165","NAV11",1953,7.7367397260274,20.4217808219178,262.3
"4166","NAV11",1954,8.27460273972603,19.694,211.61
"4167","NAV11",1955,9.73893150684932,20.2228493150685,460.1
"4168","NAV11",1956,7.27150273224044,18.0413114754098,391.03
"4169","NAV11",1957,8.0652602739726,19.038301369863,314.78
"4170","NAV11",1958,8.68495890410959,19.4939726027397,358.63
"4171","NAV11",1959,8.89043835616438,18.9964383561644,453.85
"4172","NAV11",1960,8.98122950819672,18.9787978142076,470.59
"4173","NAV11",1961,9.4818904109589,20.6926849315069,319.65
"4174","NAV11",1962,8.79054794520548,19.5584931506849,382.64
"4175","NAV11",1963,8.62134246575343,18.8065753424658,486.05
"4176","NAV11",1964,9.09792349726776,19.8774043715847,281.06
"4177","NAV11",1965,8.778,19.2422739726027,331.55
"4178","NAV11",1966,8.78739726027397,19.5034794520548,421.39
"4179","NAV11",1967,8.41268493150685,19.3568493150685,308.86
"4180","NAV11",1968,8.87994535519126,19.5159016393443,278.64
"4181","NAV11",1969,8.12430136986301,18.1058630136986,437.51
"4182","NAV11",1970,8.40564383561644,19.5404931506849,244.28
"4183","NAV11",1971,8.01715068493151,18.1271506849315,366.02
"4184","NAV11",1972,8.11926229508197,17.6758196721311,486.32
"4185","NAV11",1973,7.80786301369863,19.2039178082192,307.21
"4186","NAV11",1974,7.99021917808219,18.8543561643836,296.92
"4187","NAV11",1975,8.24257534246575,18.6735068493151,355.1
"4188","NAV11",1976,8.34122950819672,18.7237431693989,426.53
"4189","NAV11",1977,8.71065753424658,18.4370684931507,437.07
"4190","NAV11",1978,8.67668493150685,19.0190410958904,432.59
"4191","NAV11",1979,9.03169863013699,19.0724931506849,392.93
"4192","NAV11",1980,8.25256830601093,19.198825136612,294.07
"4193","NAV11",1981,8.81019178082192,20.153698630137,338.94
"4194","NAV11",1982,8.98358904109589,19.9703287671233,332.29
"4195","NAV11",1983,8.2433698630137,20.2074520547945,266.52
"4196","NAV11",1984,7.37677595628415,18.9601092896175,371.27
"4197","NAV11",1985,8.19320547945206,20.5652602739726,269.8
"4198","NAV11",1986,8.02884931506849,19.998602739726,313.43
"4199","NAV11",1987,8.96575342465753,20.3569863013699,453.7
"4200","NAV11",1988,8.23071038251366,19.8420491803279,366.19
"4201","NAV11",1989,9.4846301369863,21.0547945205479,484.96
"4202","NAV11",1990,9.06879452054794,20.7105479452055,270.94
"4203","NAV11",1991,8.2181095890411,20.0648767123288,272.54
"4204","NAV11",1992,8.00524590163934,20.2121038251366,307.53
"4205","NAV11",1993,7.49695890410959,19.1102191780822,340.8
"4206","NAV11",1994,8.57295890410959,20.9727397260274,267.97
"4207","NAV11",1995,9.58331506849315,21.4719178082192,285.67
"4208","NAV11",1996,8.75789617486339,19.8974863387978,475.09
"4209","NAV11",1997,9.87802739726027,21.0211780821918,571.39
"4210","NAV11",1998,9.08446575342466,20.6235342465753,370.95
"4211","NAV11",1999,8.9054794520548,20.4904657534247,314.11
"4212","NAV11",2000,8.93631147540984,20.6467213114754,401.94
"4213","NAV11",2001,9.33857534246575,20.5766301369863,343.38
"4214","NAV11",2002,9.51054794520548,20.6138630136986,412.19
"4215","NAV11",2003,9.80380821917808,21.1986301369863,413.18
"4216","NAV11",2004,8.98661202185792,20.5453005464481,373.85
"4217","NAV11",2005,8.81558904109589,21.0468767123288,258.61
"4218","NAV11",2006,10.049397260274,21.3860547945205,371.71
"4219","NAV11",2007,8.58657534246575,20.3561369863014,373.29
"4220","NAV11",2008,8.8825956284153,20.2293989071038,437.81
"4221","NAV11",2009,9.7127397260274,21.5915068493151,257.92
"4222","NAV11",2010,9.19495890410959,20.1424931506849,456.55
"4223","NAV11",2011,9.9253698630137,21.8073424657534,305.34
"4224","NAV11",2012,9.00325136612022,20.8851912568306,283.21
"4225","NAV11",2013,8.66383561643836,20.2135068493151,338.1
"4226","NAV11",2014,10.0509589041096,21.2159726027397,371.98
"4227","NAV11",2015,10.0649589041096,22.0308493150685,237.3
"4228","NAV11",2016,9.89459016393443,21.2770218579235,414.04
"4229","NAV11",2017,10.0697534246575,22.637095890411,250.15
"4230","NAV11",2018,9.61208219178082,20.7830684931507,465.18
"4231","NAV11",2019,9.84128767123288,22.0464383561644,257.29
"4232","NAV11",2020,10.2701092896175,21.7891530054645,353.01
"4233","NAV11",2021,9.80994520547945,21.3126301369863,356.85
"4234","NAV11",2022,11.0156712328767,22.6502191780822,375.05
"4235","OZA01",1950,3.79928767123288,13.343095890411,765.09
"4236","OZA01",1951,3.23131506849315,11.5635616438356,991.42
"4237","OZA01",1952,4.15715846994536,12.9582513661202,840.3
"4238","OZA01",1953,3.73860273972603,13.5012328767123,554.43
"4239","OZA01",1954,2.93753424657534,12.3072876712329,758.78
"4240","OZA01",1955,4.25849315068493,13.525698630137,706.04
"4241","OZA01",1956,2.30300546448087,11.4682786885246,696.05
"4242","OZA01",1957,3.45095890410959,12.9143561643836,688.78
"4243","OZA01",1958,2.53887671232877,13.0255342465753,780.69
"4244","OZA01",1959,2.47657534246575,13.1052328767123,1054.34
"4245","OZA01",1960,1.74114754098361,12.7347540983607,1084.48
"4246","OZA01",1961,1.96161643835616,14.9421643835616,949.54
"4247","OZA01",1962,1.31098630136986,13.8833150684932,831.47
"4248","OZA01",1963,0.542356164383562,12.6933424657534,1048.87
"4249","OZA01",1964,1.56158469945355,14.4474590163934,829.72
"4250","OZA01",1965,1.46197260273973,13.0946301369863,995.27
"4251","OZA01",1966,2.78353424657534,13.3601643835616,1201.4
"4252","OZA01",1967,2.34142465753425,13.9878356164384,821.23
"4253","OZA01",1968,2.72469945355191,13.4495081967213,945.91
"4254","OZA01",1969,2.62032876712329,12.1478356164384,1162.79
"4255","OZA01",1970,2.32065753424658,13.6373698630137,806.49
"4256","OZA01",1971,2.15991780821918,12.7286301369863,1082.68
"4257","OZA01",1972,1.50647540983607,11.8399180327869,1110.98
"4258","OZA01",1973,2.21649315068493,13.5618630136986,800.46
"4259","OZA01",1974,1.95471232876712,12.678602739726,974.96
"4260","OZA01",1975,1.89619178082192,13.1681917808219,845.25
"4261","OZA01",1976,1.69215846994536,13.3128142076503,991.21
"4262","OZA01",1977,1.77687671232877,12.8529315068493,1060.59
"4263","OZA01",1978,0.908958904109589,13.1925753424658,1033.24
"4264","OZA01",1979,2.56958904109589,12.5447397260274,1199.93
"4265","OZA01",1980,1.89295081967213,13.4610109289617,902.73
"4266","OZA01",1981,2.77698630136986,14.2404931506849,965.76
"4267","OZA01",1982,3.36276712328767,13.6656712328767,1060.92
"4268","OZA01",1983,3.50649315068493,14.5021917808219,711.36
"4269","OZA01",1984,2.36939890710383,12.5624316939891,1066.14
"4270","OZA01",1985,2.94282191780822,13.9636164383562,781.85
"4271","OZA01",1986,3.29024657534247,13.2791506849315,903.76
"4272","OZA01",1987,3.78879452054795,13.9225753424658,920.29
"4273","OZA01",1988,3.71265027322404,13.6930054644809,1014.26
"4274","OZA01",1989,4.92986301369863,14.8413150684932,787.6
"4275","OZA01",1990,4.28528767123288,14.6441369863014,870.09
"4276","OZA01",1991,3.61224657534247,13.2772328767123,840.19
"4277","OZA01",1992,3.54103825136612,13.3947540983607,1049.8
"4278","OZA01",1993,3.05786301369863,13.3911506849315,947.13
"4279","OZA01",1994,4.30668493150685,14.6882465753425,931.4
"4280","OZA01",1995,4.39076712328767,14.2560821917808,958.31
"4281","OZA01",1996,4.18901639344262,12.7713661202186,1115.33
"4282","OZA01",1997,5.5921095890411,14.2988493150685,1019.25
"4283","OZA01",1998,4.52232876712329,13.3822465753425,993.86
"4284","OZA01",1999,4.41457534246575,12.7372602739726,1088.33
"4285","OZA01",2000,4.58412568306011,13.5648633879781,1143.5
"4286","OZA01",2001,4.61364383561644,13.2188493150685,966.78
"4287","OZA01",2002,5.36123287671233,12.2241917808219,1563.45
"4288","OZA01",2003,5.73131506849315,12.9836438356164,1212.7
"4289","OZA01",2004,3.98696721311475,13.1839890710383,902.48
"4290","OZA01",2005,4.78032876712329,12.1771780821918,1061.73
"4291","OZA01",2006,6.17830136986301,13.799095890411,1030.81
"4292","OZA01",2007,4.79893150684932,12.8824931506849,1178.74
"4293","OZA01",2008,4.70699453551913,11.8972131147541,1455.93
"4294","OZA01",2009,5.29947945205479,12.7898904109589,1325.48
"4295","OZA01",2010,4.02106849315069,11.0134520547945,1201.47
"4296","OZA01",2011,6.02104109589041,13.4119178082192,1210.02
"4297","OZA01",2012,5.16696721311475,12.8083606557377,1237.24
"4298","OZA01",2013,4.55265753424657,11.2785753424658,1735.11
"4299","OZA01",2014,5.55345205479452,12.5015068493151,1565.19
"4300","OZA01",2015,5.70413698630137,13.5885479452055,1333.91
"4301","OZA01",2016,5.36699453551913,12.5463387978142,1237.97
"4302","OZA01",2017,5.36594520547945,13.4094246575342,1245.41
"4303","OZA01",2018,5.34687671232877,12.367698630137,1535.52
"4304","OZA01",2019,5.4067397260274,13.0571232876712,1424.52
"4305","OZA01",2020,6.09163934426229,13.6012568306011,1224.94
"4306","OZA01",2021,4.77890410958904,13.4975342465753,755.2
"4307","OZA01",2022,6.32893150684932,15.6478630136986,625.45
"4308","OZA02",1950,3.79928767123288,13.343095890411,765.09
"4309","OZA02",1951,3.23131506849315,11.5635616438356,991.42
"4310","OZA02",1952,4.15715846994536,12.9582513661202,840.3
"4311","OZA02",1953,3.73860273972603,13.5012328767123,554.43
"4312","OZA02",1954,2.93753424657534,12.3072876712329,758.78
"4313","OZA02",1955,4.25849315068493,13.525698630137,706.04
"4314","OZA02",1956,2.30300546448087,11.4682786885246,696.05
"4315","OZA02",1957,3.45095890410959,12.9143561643836,688.78
"4316","OZA02",1958,2.53887671232877,13.0255342465753,780.69
"4317","OZA02",1959,2.47657534246575,13.1052328767123,1054.34
"4318","OZA02",1960,1.74114754098361,12.7347540983607,1084.48
"4319","OZA02",1961,1.96161643835616,14.9421643835616,949.54
"4320","OZA02",1962,1.31098630136986,13.8833150684932,831.47
"4321","OZA02",1963,0.542356164383562,12.6933424657534,1048.87
"4322","OZA02",1964,1.56158469945355,14.4474590163934,829.72
"4323","OZA02",1965,1.46197260273973,13.0946301369863,995.27
"4324","OZA02",1966,2.78353424657534,13.3601643835616,1201.4
"4325","OZA02",1967,2.34142465753425,13.9878356164384,821.23
"4326","OZA02",1968,2.72469945355191,13.4495081967213,945.91
"4327","OZA02",1969,2.62032876712329,12.1478356164384,1162.79
"4328","OZA02",1970,2.32065753424658,13.6373698630137,806.49
"4329","OZA02",1971,2.15991780821918,12.7286301369863,1082.68
"4330","OZA02",1972,1.50647540983607,11.8399180327869,1110.98
"4331","OZA02",1973,2.21649315068493,13.5618630136986,800.46
"4332","OZA02",1974,1.95471232876712,12.678602739726,974.96
"4333","OZA02",1975,1.89619178082192,13.1681917808219,845.25
"4334","OZA02",1976,1.69215846994536,13.3128142076503,991.21
"4335","OZA02",1977,1.77687671232877,12.8529315068493,1060.59
"4336","OZA02",1978,0.908958904109589,13.1925753424658,1033.24
"4337","OZA02",1979,2.56958904109589,12.5447397260274,1199.93
"4338","OZA02",1980,1.89295081967213,13.4610109289617,902.73
"4339","OZA02",1981,2.77698630136986,14.2404931506849,965.76
"4340","OZA02",1982,3.36276712328767,13.6656712328767,1060.92
"4341","OZA02",1983,3.50649315068493,14.5021917808219,711.36
"4342","OZA02",1984,2.36939890710383,12.5624316939891,1066.14
"4343","OZA02",1985,2.94282191780822,13.9636164383562,781.85
"4344","OZA02",1986,3.29024657534247,13.2791506849315,903.76
"4345","OZA02",1987,3.78879452054795,13.9225753424658,920.29
"4346","OZA02",1988,3.71265027322404,13.6930054644809,1014.26
"4347","OZA02",1989,4.92986301369863,14.8413150684932,787.6
"4348","OZA02",1990,4.28528767123288,14.6441369863014,870.09
"4349","OZA02",1991,3.61224657534247,13.2772328767123,840.19
"4350","OZA02",1992,3.54103825136612,13.3947540983607,1049.8
"4351","OZA02",1993,3.05786301369863,13.3911506849315,947.13
"4352","OZA02",1994,4.30668493150685,14.6882465753425,931.4
"4353","OZA02",1995,4.39076712328767,14.2560821917808,958.31
"4354","OZA02",1996,4.18901639344262,12.7713661202186,1115.33
"4355","OZA02",1997,5.5921095890411,14.2988493150685,1019.25
"4356","OZA02",1998,4.52232876712329,13.3822465753425,993.86
"4357","OZA02",1999,4.41457534246575,12.7372602739726,1088.33
"4358","OZA02",2000,4.58412568306011,13.5648633879781,1143.5
"4359","OZA02",2001,4.61364383561644,13.2188493150685,966.78
"4360","OZA02",2002,5.36123287671233,12.2241917808219,1563.45
"4361","OZA02",2003,5.73131506849315,12.9836438356164,1212.7
"4362","OZA02",2004,3.98696721311475,13.1839890710383,902.48
"4363","OZA02",2005,4.78032876712329,12.1771780821918,1061.73
"4364","OZA02",2006,6.17830136986301,13.799095890411,1030.81
"4365","OZA02",2007,4.79893150684932,12.8824931506849,1178.74
"4366","OZA02",2008,4.70699453551913,11.8972131147541,1455.93
"4367","OZA02",2009,5.29947945205479,12.7898904109589,1325.48
"4368","OZA02",2010,4.02106849315069,11.0134520547945,1201.47
"4369","OZA02",2011,6.02104109589041,13.4119178082192,1210.02
"4370","OZA02",2012,5.16696721311475,12.8083606557377,1237.24
"4371","OZA02",2013,4.55265753424657,11.2785753424658,1735.11
"4372","OZA02",2014,5.55345205479452,12.5015068493151,1565.19
"4373","OZA02",2015,5.70413698630137,13.5885479452055,1333.91
"4374","OZA02",2016,5.36699453551913,12.5463387978142,1237.97
"4375","OZA02",2017,5.36594520547945,13.4094246575342,1245.41
"4376","OZA02",2018,5.34687671232877,12.367698630137,1535.52
"4377","OZA02",2019,5.4067397260274,13.0571232876712,1424.52
"4378","OZA02",2020,6.09163934426229,13.6012568306011,1224.94
"4379","OZA02",2021,4.77890410958904,13.4975342465753,755.2
"4380","OZA02",2022,6.32893150684932,15.6478630136986,625.45
"4381","OZA03",1950,3.79928767123288,13.343095890411,765.09
"4382","OZA03",1951,3.23131506849315,11.5635616438356,991.42
"4383","OZA03",1952,4.15715846994536,12.9582513661202,840.3
"4384","OZA03",1953,3.73860273972603,13.5012328767123,554.43
"4385","OZA03",1954,2.93753424657534,12.3072876712329,758.78
"4386","OZA03",1955,4.25849315068493,13.525698630137,706.04
"4387","OZA03",1956,2.30300546448087,11.4682786885246,696.05
"4388","OZA03",1957,3.45095890410959,12.9143561643836,688.78
"4389","OZA03",1958,2.53887671232877,13.0255342465753,780.69
"4390","OZA03",1959,2.47657534246575,13.1052328767123,1054.34
"4391","OZA03",1960,1.74114754098361,12.7347540983607,1084.48
"4392","OZA03",1961,1.96161643835616,14.9421643835616,949.54
"4393","OZA03",1962,1.31098630136986,13.8833150684932,831.47
"4394","OZA03",1963,0.542356164383562,12.6933424657534,1048.87
"4395","OZA03",1964,1.56158469945355,14.4474590163934,829.72
"4396","OZA03",1965,1.46197260273973,13.0946301369863,995.27
"4397","OZA03",1966,2.78353424657534,13.3601643835616,1201.4
"4398","OZA03",1967,2.34142465753425,13.9878356164384,821.23
"4399","OZA03",1968,2.72469945355191,13.4495081967213,945.91
"4400","OZA03",1969,2.62032876712329,12.1478356164384,1162.79
"4401","OZA03",1970,2.32065753424658,13.6373698630137,806.49
"4402","OZA03",1971,2.15991780821918,12.7286301369863,1082.68
"4403","OZA03",1972,1.50647540983607,11.8399180327869,1110.98
"4404","OZA03",1973,2.21649315068493,13.5618630136986,800.46
"4405","OZA03",1974,1.95471232876712,12.678602739726,974.96
"4406","OZA03",1975,1.89619178082192,13.1681917808219,845.25
"4407","OZA03",1976,1.69215846994536,13.3128142076503,991.21
"4408","OZA03",1977,1.77687671232877,12.8529315068493,1060.59
"4409","OZA03",1978,0.908958904109589,13.1925753424658,1033.24
"4410","OZA03",1979,2.56958904109589,12.5447397260274,1199.93
"4411","OZA03",1980,1.89295081967213,13.4610109289617,902.73
"4412","OZA03",1981,2.77698630136986,14.2404931506849,965.76
"4413","OZA03",1982,3.36276712328767,13.6656712328767,1060.92
"4414","OZA03",1983,3.50649315068493,14.5021917808219,711.36
"4415","OZA03",1984,2.36939890710383,12.5624316939891,1066.14
"4416","OZA03",1985,2.94282191780822,13.9636164383562,781.85
"4417","OZA03",1986,3.29024657534247,13.2791506849315,903.76
"4418","OZA03",1987,3.78879452054795,13.9225753424658,920.29
"4419","OZA03",1988,3.71265027322404,13.6930054644809,1014.26
"4420","OZA03",1989,4.92986301369863,14.8413150684932,787.6
"4421","OZA03",1990,4.28528767123288,14.6441369863014,870.09
"4422","OZA03",1991,3.61224657534247,13.2772328767123,840.19
"4423","OZA03",1992,3.54103825136612,13.3947540983607,1049.8
"4424","OZA03",1993,3.05786301369863,13.3911506849315,947.13
"4425","OZA03",1994,4.30668493150685,14.6882465753425,931.4
"4426","OZA03",1995,4.39076712328767,14.2560821917808,958.31
"4427","OZA03",1996,4.18901639344262,12.7713661202186,1115.33
"4428","OZA03",1997,5.5921095890411,14.2988493150685,1019.25
"4429","OZA03",1998,4.52232876712329,13.3822465753425,993.86
"4430","OZA03",1999,4.41457534246575,12.7372602739726,1088.33
"4431","OZA03",2000,4.58412568306011,13.5648633879781,1143.5
"4432","OZA03",2001,4.61364383561644,13.2188493150685,966.78
"4433","OZA03",2002,5.36123287671233,12.2241917808219,1563.45
"4434","OZA03",2003,5.73131506849315,12.9836438356164,1212.7
"4435","OZA03",2004,3.98696721311475,13.1839890710383,902.48
"4436","OZA03",2005,4.78032876712329,12.1771780821918,1061.73
"4437","OZA03",2006,6.17830136986301,13.799095890411,1030.81
"4438","OZA03",2007,4.79893150684932,12.8824931506849,1178.74
"4439","OZA03",2008,4.70699453551913,11.8972131147541,1455.93
"4440","OZA03",2009,5.29947945205479,12.7898904109589,1325.48
"4441","OZA03",2010,4.02106849315069,11.0134520547945,1201.47
"4442","OZA03",2011,6.02104109589041,13.4119178082192,1210.02
"4443","OZA03",2012,5.16696721311475,12.8083606557377,1237.24
"4444","OZA03",2013,4.55265753424657,11.2785753424658,1735.11
"4445","OZA03",2014,5.55345205479452,12.5015068493151,1565.19
"4446","OZA03",2015,5.70413698630137,13.5885479452055,1333.91
"4447","OZA03",2016,5.36699453551913,12.5463387978142,1237.97
"4448","OZA03",2017,5.36594520547945,13.4094246575342,1245.41
"4449","OZA03",2018,5.34687671232877,12.367698630137,1535.52
"4450","OZA03",2019,5.4067397260274,13.0571232876712,1424.52
"4451","OZA03",2020,6.09163934426229,13.6012568306011,1224.94
"4452","OZA03",2021,4.77890410958904,13.4975342465753,755.2
"4453","OZA03",2022,6.32893150684932,15.6478630136986,625.45
"4454","OZA04",1950,3.79928767123288,13.343095890411,765.09
"4455","OZA04",1951,3.23131506849315,11.5635616438356,991.42
"4456","OZA04",1952,4.15715846994536,12.9582513661202,840.3
"4457","OZA04",1953,3.73860273972603,13.5012328767123,554.43
"4458","OZA04",1954,2.93753424657534,12.3072876712329,758.78
"4459","OZA04",1955,4.25849315068493,13.525698630137,706.04
"4460","OZA04",1956,2.30300546448087,11.4682786885246,696.05
"4461","OZA04",1957,3.45095890410959,12.9143561643836,688.78
"4462","OZA04",1958,2.53887671232877,13.0255342465753,780.69
"4463","OZA04",1959,2.47657534246575,13.1052328767123,1054.34
"4464","OZA04",1960,1.74114754098361,12.7347540983607,1084.48
"4465","OZA04",1961,1.96161643835616,14.9421643835616,949.54
"4466","OZA04",1962,1.31098630136986,13.8833150684932,831.47
"4467","OZA04",1963,0.542356164383562,12.6933424657534,1048.87
"4468","OZA04",1964,1.56158469945355,14.4474590163934,829.72
"4469","OZA04",1965,1.46197260273973,13.0946301369863,995.27
"4470","OZA04",1966,2.78353424657534,13.3601643835616,1201.4
"4471","OZA04",1967,2.34142465753425,13.9878356164384,821.23
"4472","OZA04",1968,2.72469945355191,13.4495081967213,945.91
"4473","OZA04",1969,2.62032876712329,12.1478356164384,1162.79
"4474","OZA04",1970,2.32065753424658,13.6373698630137,806.49
"4475","OZA04",1971,2.15991780821918,12.7286301369863,1082.68
"4476","OZA04",1972,1.50647540983607,11.8399180327869,1110.98
"4477","OZA04",1973,2.21649315068493,13.5618630136986,800.46
"4478","OZA04",1974,1.95471232876712,12.678602739726,974.96
"4479","OZA04",1975,1.89619178082192,13.1681917808219,845.25
"4480","OZA04",1976,1.69215846994536,13.3128142076503,991.21
"4481","OZA04",1977,1.77687671232877,12.8529315068493,1060.59
"4482","OZA04",1978,0.908958904109589,13.1925753424658,1033.24
"4483","OZA04",1979,2.56958904109589,12.5447397260274,1199.93
"4484","OZA04",1980,1.89295081967213,13.4610109289617,902.73
"4485","OZA04",1981,2.77698630136986,14.2404931506849,965.76
"4486","OZA04",1982,3.36276712328767,13.6656712328767,1060.92
"4487","OZA04",1983,3.50649315068493,14.5021917808219,711.36
"4488","OZA04",1984,2.36939890710383,12.5624316939891,1066.14
"4489","OZA04",1985,2.94282191780822,13.9636164383562,781.85
"4490","OZA04",1986,3.29024657534247,13.2791506849315,903.76
"4491","OZA04",1987,3.78879452054795,13.9225753424658,920.29
"4492","OZA04",1988,3.71265027322404,13.6930054644809,1014.26
"4493","OZA04",1989,4.92986301369863,14.8413150684932,787.6
"4494","OZA04",1990,4.28528767123288,14.6441369863014,870.09
"4495","OZA04",1991,3.61224657534247,13.2772328767123,840.19
"4496","OZA04",1992,3.54103825136612,13.3947540983607,1049.8
"4497","OZA04",1993,3.05786301369863,13.3911506849315,947.13
"4498","OZA04",1994,4.30668493150685,14.6882465753425,931.4
"4499","OZA04",1995,4.39076712328767,14.2560821917808,958.31
"4500","OZA04",1996,4.18901639344262,12.7713661202186,1115.33
"4501","OZA04",1997,5.5921095890411,14.2988493150685,1019.25
"4502","OZA04",1998,4.52232876712329,13.3822465753425,993.86
"4503","OZA04",1999,4.41457534246575,12.7372602739726,1088.33
"4504","OZA04",2000,4.58412568306011,13.5648633879781,1143.5
"4505","OZA04",2001,4.61364383561644,13.2188493150685,966.78
"4506","OZA04",2002,5.36123287671233,12.2241917808219,1563.45
"4507","OZA04",2003,5.73131506849315,12.9836438356164,1212.7
"4508","OZA04",2004,3.98696721311475,13.1839890710383,902.48
"4509","OZA04",2005,4.78032876712329,12.1771780821918,1061.73
"4510","OZA04",2006,6.17830136986301,13.799095890411,1030.81
"4511","OZA04",2007,4.79893150684932,12.8824931506849,1178.74
"4512","OZA04",2008,4.70699453551913,11.8972131147541,1455.93
"4513","OZA04",2009,5.29947945205479,12.7898904109589,1325.48
"4514","OZA04",2010,4.02106849315069,11.0134520547945,1201.47
"4515","OZA04",2011,6.02104109589041,13.4119178082192,1210.02
"4516","OZA04",2012,5.16696721311475,12.8083606557377,1237.24
"4517","OZA04",2013,4.55265753424657,11.2785753424658,1735.11
"4518","OZA04",2014,5.55345205479452,12.5015068493151,1565.19
"4519","OZA04",2015,5.70413698630137,13.5885479452055,1333.91
"4520","OZA04",2016,5.36699453551913,12.5463387978142,1237.97
"4521","OZA04",2017,5.36594520547945,13.4094246575342,1245.41
"4522","OZA04",2018,5.34687671232877,12.367698630137,1535.52
"4523","OZA04",2019,5.4067397260274,13.0571232876712,1424.52
"4524","OZA04",2020,6.09163934426229,13.6012568306011,1224.94
"4525","OZA04",2021,4.77890410958904,13.4975342465753,755.2
"4526","OZA04",2022,6.32893150684932,15.6478630136986,625.45
"4527","OZA05",1950,3.79928767123288,13.343095890411,765.09
"4528","OZA05",1951,3.23131506849315,11.5635616438356,991.42
"4529","OZA05",1952,4.15715846994536,12.9582513661202,840.3
"4530","OZA05",1953,3.73860273972603,13.5012328767123,554.43
"4531","OZA05",1954,2.93753424657534,12.3072876712329,758.78
"4532","OZA05",1955,4.25849315068493,13.525698630137,706.04
"4533","OZA05",1956,2.30300546448087,11.4682786885246,696.05
"4534","OZA05",1957,3.45095890410959,12.9143561643836,688.78
"4535","OZA05",1958,2.53887671232877,13.0255342465753,780.69
"4536","OZA05",1959,2.47657534246575,13.1052328767123,1054.34
"4537","OZA05",1960,1.74114754098361,12.7347540983607,1084.48
"4538","OZA05",1961,1.96161643835616,14.9421643835616,949.54
"4539","OZA05",1962,1.31098630136986,13.8833150684932,831.47
"4540","OZA05",1963,0.542356164383562,12.6933424657534,1048.87
"4541","OZA05",1964,1.56158469945355,14.4474590163934,829.72
"4542","OZA05",1965,1.46197260273973,13.0946301369863,995.27
"4543","OZA05",1966,2.78353424657534,13.3601643835616,1201.4
"4544","OZA05",1967,2.34142465753425,13.9878356164384,821.23
"4545","OZA05",1968,2.72469945355191,13.4495081967213,945.91
"4546","OZA05",1969,2.62032876712329,12.1478356164384,1162.79
"4547","OZA05",1970,2.32065753424658,13.6373698630137,806.49
"4548","OZA05",1971,2.15991780821918,12.7286301369863,1082.68
"4549","OZA05",1972,1.50647540983607,11.8399180327869,1110.98
"4550","OZA05",1973,2.21649315068493,13.5618630136986,800.46
"4551","OZA05",1974,1.95471232876712,12.678602739726,974.96
"4552","OZA05",1975,1.89619178082192,13.1681917808219,845.25
"4553","OZA05",1976,1.69215846994536,13.3128142076503,991.21
"4554","OZA05",1977,1.77687671232877,12.8529315068493,1060.59
"4555","OZA05",1978,0.908958904109589,13.1925753424658,1033.24
"4556","OZA05",1979,2.56958904109589,12.5447397260274,1199.93
"4557","OZA05",1980,1.89295081967213,13.4610109289617,902.73
"4558","OZA05",1981,2.77698630136986,14.2404931506849,965.76
"4559","OZA05",1982,3.36276712328767,13.6656712328767,1060.92
"4560","OZA05",1983,3.50649315068493,14.5021917808219,711.36
"4561","OZA05",1984,2.36939890710383,12.5624316939891,1066.14
"4562","OZA05",1985,2.94282191780822,13.9636164383562,781.85
"4563","OZA05",1986,3.29024657534247,13.2791506849315,903.76
"4564","OZA05",1987,3.78879452054795,13.9225753424658,920.29
"4565","OZA05",1988,3.71265027322404,13.6930054644809,1014.26
"4566","OZA05",1989,4.92986301369863,14.8413150684932,787.6
"4567","OZA05",1990,4.28528767123288,14.6441369863014,870.09
"4568","OZA05",1991,3.61224657534247,13.2772328767123,840.19
"4569","OZA05",1992,3.54103825136612,13.3947540983607,1049.8
"4570","OZA05",1993,3.05786301369863,13.3911506849315,947.13
"4571","OZA05",1994,4.30668493150685,14.6882465753425,931.4
"4572","OZA05",1995,4.39076712328767,14.2560821917808,958.31
"4573","OZA05",1996,4.18901639344262,12.7713661202186,1115.33
"4574","OZA05",1997,5.5921095890411,14.2988493150685,1019.25
"4575","OZA05",1998,4.52232876712329,13.3822465753425,993.86
"4576","OZA05",1999,4.41457534246575,12.7372602739726,1088.33
"4577","OZA05",2000,4.58412568306011,13.5648633879781,1143.5
"4578","OZA05",2001,4.61364383561644,13.2188493150685,966.78
"4579","OZA05",2002,5.36123287671233,12.2241917808219,1563.45
"4580","OZA05",2003,5.73131506849315,12.9836438356164,1212.7
"4581","OZA05",2004,3.98696721311475,13.1839890710383,902.48
"4582","OZA05",2005,4.78032876712329,12.1771780821918,1061.73
"4583","OZA05",2006,6.17830136986301,13.799095890411,1030.81
"4584","OZA05",2007,4.79893150684932,12.8824931506849,1178.74
"4585","OZA05",2008,4.70699453551913,11.8972131147541,1455.93
"4586","OZA05",2009,5.29947945205479,12.7898904109589,1325.48
"4587","OZA05",2010,4.02106849315069,11.0134520547945,1201.47
"4588","OZA05",2011,6.02104109589041,13.4119178082192,1210.02
"4589","OZA05",2012,5.16696721311475,12.8083606557377,1237.24
"4590","OZA05",2013,4.55265753424657,11.2785753424658,1735.11
"4591","OZA05",2014,5.55345205479452,12.5015068493151,1565.19
"4592","OZA05",2015,5.70413698630137,13.5885479452055,1333.91
"4593","OZA05",2016,5.36699453551913,12.5463387978142,1237.97
"4594","OZA05",2017,5.36594520547945,13.4094246575342,1245.41
"4595","OZA05",2018,5.34687671232877,12.367698630137,1535.52
"4596","OZA05",2019,5.4067397260274,13.0571232876712,1424.52
"4597","OZA05",2020,6.09163934426229,13.6012568306011,1224.94
"4598","OZA05",2021,4.77890410958904,13.4975342465753,755.2
"4599","OZA05",2022,6.32893150684932,15.6478630136986,625.45
"4600","OZA06",1950,3.79928767123288,13.343095890411,765.09
"4601","OZA06",1951,3.23131506849315,11.5635616438356,991.42
"4602","OZA06",1952,4.15715846994536,12.9582513661202,840.3
"4603","OZA06",1953,3.73860273972603,13.5012328767123,554.43
"4604","OZA06",1954,2.93753424657534,12.3072876712329,758.78
"4605","OZA06",1955,4.25849315068493,13.525698630137,706.04
"4606","OZA06",1956,2.30300546448087,11.4682786885246,696.05
"4607","OZA06",1957,3.45095890410959,12.9143561643836,688.78
"4608","OZA06",1958,2.53887671232877,13.0255342465753,780.69
"4609","OZA06",1959,2.47657534246575,13.1052328767123,1054.34
"4610","OZA06",1960,1.74114754098361,12.7347540983607,1084.48
"4611","OZA06",1961,1.96161643835616,14.9421643835616,949.54
"4612","OZA06",1962,1.31098630136986,13.8833150684932,831.47
"4613","OZA06",1963,0.542356164383562,12.6933424657534,1048.87
"4614","OZA06",1964,1.56158469945355,14.4474590163934,829.72
"4615","OZA06",1965,1.46197260273973,13.0946301369863,995.27
"4616","OZA06",1966,2.78353424657534,13.3601643835616,1201.4
"4617","OZA06",1967,2.34142465753425,13.9878356164384,821.23
"4618","OZA06",1968,2.72469945355191,13.4495081967213,945.91
"4619","OZA06",1969,2.62032876712329,12.1478356164384,1162.79
"4620","OZA06",1970,2.32065753424658,13.6373698630137,806.49
"4621","OZA06",1971,2.15991780821918,12.7286301369863,1082.68
"4622","OZA06",1972,1.50647540983607,11.8399180327869,1110.98
"4623","OZA06",1973,2.21649315068493,13.5618630136986,800.46
"4624","OZA06",1974,1.95471232876712,12.678602739726,974.96
"4625","OZA06",1975,1.89619178082192,13.1681917808219,845.25
"4626","OZA06",1976,1.69215846994536,13.3128142076503,991.21
"4627","OZA06",1977,1.77687671232877,12.8529315068493,1060.59
"4628","OZA06",1978,0.908958904109589,13.1925753424658,1033.24
"4629","OZA06",1979,2.56958904109589,12.5447397260274,1199.93
"4630","OZA06",1980,1.89295081967213,13.4610109289617,902.73
"4631","OZA06",1981,2.77698630136986,14.2404931506849,965.76
"4632","OZA06",1982,3.36276712328767,13.6656712328767,1060.92
"4633","OZA06",1983,3.50649315068493,14.5021917808219,711.36
"4634","OZA06",1984,2.36939890710383,12.5624316939891,1066.14
"4635","OZA06",1985,2.94282191780822,13.9636164383562,781.85
"4636","OZA06",1986,3.29024657534247,13.2791506849315,903.76
"4637","OZA06",1987,3.78879452054795,13.9225753424658,920.29
"4638","OZA06",1988,3.71265027322404,13.6930054644809,1014.26
"4639","OZA06",1989,4.92986301369863,14.8413150684932,787.6
"4640","OZA06",1990,4.28528767123288,14.6441369863014,870.09
"4641","OZA06",1991,3.61224657534247,13.2772328767123,840.19
"4642","OZA06",1992,3.54103825136612,13.3947540983607,1049.8
"4643","OZA06",1993,3.05786301369863,13.3911506849315,947.13
"4644","OZA06",1994,4.30668493150685,14.6882465753425,931.4
"4645","OZA06",1995,4.39076712328767,14.2560821917808,958.31
"4646","OZA06",1996,4.18901639344262,12.7713661202186,1115.33
"4647","OZA06",1997,5.5921095890411,14.2988493150685,1019.25
"4648","OZA06",1998,4.52232876712329,13.3822465753425,993.86
"4649","OZA06",1999,4.41457534246575,12.7372602739726,1088.33
"4650","OZA06",2000,4.58412568306011,13.5648633879781,1143.5
"4651","OZA06",2001,4.61364383561644,13.2188493150685,966.78
"4652","OZA06",2002,5.36123287671233,12.2241917808219,1563.45
"4653","OZA06",2003,5.73131506849315,12.9836438356164,1212.7
"4654","OZA06",2004,3.98696721311475,13.1839890710383,902.48
"4655","OZA06",2005,4.78032876712329,12.1771780821918,1061.73
"4656","OZA06",2006,6.17830136986301,13.799095890411,1030.81
"4657","OZA06",2007,4.79893150684932,12.8824931506849,1178.74
"4658","OZA06",2008,4.70699453551913,11.8972131147541,1455.93
"4659","OZA06",2009,5.29947945205479,12.7898904109589,1325.48
"4660","OZA06",2010,4.02106849315069,11.0134520547945,1201.47
"4661","OZA06",2011,6.02104109589041,13.4119178082192,1210.02
"4662","OZA06",2012,5.16696721311475,12.8083606557377,1237.24
"4663","OZA06",2013,4.55265753424657,11.2785753424658,1735.11
"4664","OZA06",2014,5.55345205479452,12.5015068493151,1565.19
"4665","OZA06",2015,5.70413698630137,13.5885479452055,1333.91
"4666","OZA06",2016,5.36699453551913,12.5463387978142,1237.97
"4667","OZA06",2017,5.36594520547945,13.4094246575342,1245.41
"4668","OZA06",2018,5.34687671232877,12.367698630137,1535.52
"4669","OZA06",2019,5.4067397260274,13.0571232876712,1424.52
"4670","OZA06",2020,6.09163934426229,13.6012568306011,1224.94
"4671","OZA06",2021,4.77890410958904,13.4975342465753,755.2
"4672","OZA06",2022,6.32893150684932,15.6478630136986,625.45
"4673","PEL01",1950,8.0307397260274,20.0537808219178,250.08
"4674","PEL01",1951,7.6698904109589,17.9644931506849,528.77
"4675","PEL01",1952,7.73420765027322,18.5907103825137,397.1
"4676","PEL01",1953,7.13901369863014,19.5655616438356,273.17
"4677","PEL01",1954,7.60112328767123,18.8776438356164,221.32
"4678","PEL01",1955,9.07983561643836,19.3602465753425,492.37
"4679","PEL01",1956,6.64153005464481,17.1604918032787,407.49
"4680","PEL01",1957,7.44547945205479,18.1507123287671,329.93
"4681","PEL01",1958,8.03797260273973,18.6658904109589,379.99
"4682","PEL01",1959,8.24868493150685,18.1667671232877,469.41
"4683","PEL01",1960,8.30213114754098,18.1463387978142,495.52
"4684","PEL01",1961,8.77706849315068,19.8201369863014,339.01
"4685","PEL01",1962,8.1132602739726,18.7155068493151,405.11
"4686","PEL01",1963,7.94575342465753,17.9505479452055,508.26
"4687","PEL01",1964,8.3557650273224,19.0345628415301,292.58
"4688","PEL01",1965,8.09490410958904,18.4084383561644,344.51
"4689","PEL01",1966,8.10605479452055,18.6726849315069,436.5
"4690","PEL01",1967,7.69147945205479,18.5224109589041,326.44
"4691","PEL01",1968,8.15306010928962,18.6662568306011,293.77
"4692","PEL01",1969,7.43224657534247,17.2458356164384,459.47
"4693","PEL01",1970,7.68660273972603,18.6878630136986,250.53
"4694","PEL01",1971,7.28128767123288,17.2727671232877,389.54
"4695","PEL01",1972,7.4201912568306,16.8304644808743,497.48
"4696","PEL01",1973,7.07671232876712,18.348,323.83
"4697","PEL01",1974,7.26972602739726,18.0278630136986,321.57
"4698","PEL01",1975,7.50630136986301,17.8257534246575,374.82
"4699","PEL01",1976,7.6072131147541,17.8972131147541,448.66
"4700","PEL01",1977,7.99835616438356,17.585397260274,473.76
"4701","PEL01",1978,7.94104109589041,18.1907123287671,467.41
"4702","PEL01",1979,8.2986301369863,18.2412876712329,418.97
"4703","PEL01",1980,7.50639344262295,18.3908196721311,310.46
"4704","PEL01",1981,8.07591780821918,19.3666575342466,360.77
"4705","PEL01",1982,8.23531506849315,19.1811780821918,351.56
"4706","PEL01",1983,7.44531506849315,19.3849315068493,285.87
"4707","PEL01",1984,6.58945355191257,18.1624863387978,393.75
"4708","PEL01",1985,7.3261095890411,19.7678356164384,291.88
"4709","PEL01",1986,7.20169863013699,19.2139726027397,329.09
"4710","PEL01",1987,8.14854794520548,19.5527945205479,477.42
"4711","PEL01",1988,7.41054644808743,19.0060928961749,401.11
"4712","PEL01",1989,8.68545205479452,20.2598356164384,506.86
"4713","PEL01",1990,8.2701095890411,19.9147671232877,287.49
"4714","PEL01",1991,7.41665753424658,19.2826849315069,288.79
"4715","PEL01",1992,7.1529781420765,19.3962568306011,324.2
"4716","PEL01",1993,6.67504109589041,18.2772328767123,371.36
"4717","PEL01",1994,7.76994520547945,20.1911232876712,283.47
"4718","PEL01",1995,8.8286301369863,20.7131780821918,298.05
"4719","PEL01",1996,7.98292349726776,19.0933333333333,495.18
"4720","PEL01",1997,9.07761643835616,20.2065205479452,611.06
"4721","PEL01",1998,8.24046575342466,19.8127123287671,393.98
"4722","PEL01",1999,8.12312328767123,19.7034794520548,331.17
"4723","PEL01",2000,8.10232240437158,19.8415846994536,418.81
"4724","PEL01",2001,8.57372602739726,19.7746301369863,360.84
"4725","PEL01",2002,8.7387397260274,19.8373424657534,431.31
"4726","PEL01",2003,9.028,20.4199452054795,435.24
"4727","PEL01",2004,8.1820218579235,19.766174863388,395.34
"4728","PEL01",2005,8.00279452054795,20.2793424657534,267.36
"4729","PEL01",2006,9.26608219178082,20.6058630136986,395.83
"4730","PEL01",2007,7.77967123287671,19.5786575342466,400.82
"4731","PEL01",2008,8.10027322404372,19.4412021857923,464.5
"4732","PEL01",2009,8.95279452054795,20.7873150684932,275.06
"4733","PEL01",2010,8.44947945205479,19.3570684931507,492.53
"4734","PEL01",2011,9.11917808219178,21.021397260274,324.24
"4735","PEL01",2012,8.19978142076503,20.1061475409836,304.73
"4736","PEL01",2013,7.89786301369863,19.4255890410959,356.91
"4737","PEL01",2014,9.27841095890411,20.4381917808219,395.6
"4738","PEL01",2015,9.24172602739726,21.251095890411,246.84
"4739","PEL01",2016,9.1175956284153,20.4909289617486,435.59
"4740","PEL01",2017,9.2447397260274,21.8696164383562,268.96
"4741","PEL01",2018,8.82890410958904,19.9995890410959,487.62
"4742","PEL01",2019,9.05421917808219,21.279397260274,275.91
"4743","PEL01",2020,9.47355191256831,21.0152732240437,369.8
"4744","PEL01",2021,9.02468493150685,20.5277534246575,379.19
"4745","PEL01",2022,10.1950410958904,21.8725479452055,391.22
"4746","PEL02",1950,8.0307397260274,20.0537808219178,250.08
"4747","PEL02",1951,7.6698904109589,17.9644931506849,528.77
"4748","PEL02",1952,7.73420765027322,18.5907103825137,397.1
"4749","PEL02",1953,7.13901369863014,19.5655616438356,273.17
"4750","PEL02",1954,7.60112328767123,18.8776438356164,221.32
"4751","PEL02",1955,9.07983561643836,19.3602465753425,492.37
"4752","PEL02",1956,6.64153005464481,17.1604918032787,407.49
"4753","PEL02",1957,7.44547945205479,18.1507123287671,329.93
"4754","PEL02",1958,8.03797260273973,18.6658904109589,379.99
"4755","PEL02",1959,8.24868493150685,18.1667671232877,469.41
"4756","PEL02",1960,8.30213114754098,18.1463387978142,495.52
"4757","PEL02",1961,8.77706849315068,19.8201369863014,339.01
"4758","PEL02",1962,8.1132602739726,18.7155068493151,405.11
"4759","PEL02",1963,7.94575342465753,17.9505479452055,508.26
"4760","PEL02",1964,8.3557650273224,19.0345628415301,292.58
"4761","PEL02",1965,8.09490410958904,18.4084383561644,344.51
"4762","PEL02",1966,8.10605479452055,18.6726849315069,436.5
"4763","PEL02",1967,7.69147945205479,18.5224109589041,326.44
"4764","PEL02",1968,8.15306010928962,18.6662568306011,293.77
"4765","PEL02",1969,7.43224657534247,17.2458356164384,459.47
"4766","PEL02",1970,7.68660273972603,18.6878630136986,250.53
"4767","PEL02",1971,7.28128767123288,17.2727671232877,389.54
"4768","PEL02",1972,7.4201912568306,16.8304644808743,497.48
"4769","PEL02",1973,7.07671232876712,18.348,323.83
"4770","PEL02",1974,7.26972602739726,18.0278630136986,321.57
"4771","PEL02",1975,7.50630136986301,17.8257534246575,374.82
"4772","PEL02",1976,7.6072131147541,17.8972131147541,448.66
"4773","PEL02",1977,7.99835616438356,17.585397260274,473.76
"4774","PEL02",1978,7.94104109589041,18.1907123287671,467.41
"4775","PEL02",1979,8.2986301369863,18.2412876712329,418.97
"4776","PEL02",1980,7.50639344262295,18.3908196721311,310.46
"4777","PEL02",1981,8.07591780821918,19.3666575342466,360.77
"4778","PEL02",1982,8.23531506849315,19.1811780821918,351.56
"4779","PEL02",1983,7.44531506849315,19.3849315068493,285.87
"4780","PEL02",1984,6.58945355191257,18.1624863387978,393.75
"4781","PEL02",1985,7.3261095890411,19.7678356164384,291.88
"4782","PEL02",1986,7.20169863013699,19.2139726027397,329.09
"4783","PEL02",1987,8.14854794520548,19.5527945205479,477.42
"4784","PEL02",1988,7.41054644808743,19.0060928961749,401.11
"4785","PEL02",1989,8.68545205479452,20.2598356164384,506.86
"4786","PEL02",1990,8.2701095890411,19.9147671232877,287.49
"4787","PEL02",1991,7.41665753424658,19.2826849315069,288.79
"4788","PEL02",1992,7.1529781420765,19.3962568306011,324.2
"4789","PEL02",1993,6.67504109589041,18.2772328767123,371.36
"4790","PEL02",1994,7.76994520547945,20.1911232876712,283.47
"4791","PEL02",1995,8.8286301369863,20.7131780821918,298.05
"4792","PEL02",1996,7.98292349726776,19.0933333333333,495.18
"4793","PEL02",1997,9.07761643835616,20.2065205479452,611.06
"4794","PEL02",1998,8.24046575342466,19.8127123287671,393.98
"4795","PEL02",1999,8.12312328767123,19.7034794520548,331.17
"4796","PEL02",2000,8.10232240437158,19.8415846994536,418.81
"4797","PEL02",2001,8.57372602739726,19.7746301369863,360.84
"4798","PEL02",2002,8.7387397260274,19.8373424657534,431.31
"4799","PEL02",2003,9.028,20.4199452054795,435.24
"4800","PEL02",2004,8.1820218579235,19.766174863388,395.34
"4801","PEL02",2005,8.00279452054795,20.2793424657534,267.36
"4802","PEL02",2006,9.26608219178082,20.6058630136986,395.83
"4803","PEL02",2007,7.77967123287671,19.5786575342466,400.82
"4804","PEL02",2008,8.10027322404372,19.4412021857923,464.5
"4805","PEL02",2009,8.95279452054795,20.7873150684932,275.06
"4806","PEL02",2010,8.44947945205479,19.3570684931507,492.53
"4807","PEL02",2011,9.11917808219178,21.021397260274,324.24
"4808","PEL02",2012,8.19978142076503,20.1061475409836,304.73
"4809","PEL02",2013,7.89786301369863,19.4255890410959,356.91
"4810","PEL02",2014,9.27841095890411,20.4381917808219,395.6
"4811","PEL02",2015,9.24172602739726,21.251095890411,246.84
"4812","PEL02",2016,9.1175956284153,20.4909289617486,435.59
"4813","PEL02",2017,9.2447397260274,21.8696164383562,268.96
"4814","PEL02",2018,8.82890410958904,19.9995890410959,487.62
"4815","PEL02",2019,9.05421917808219,21.279397260274,275.91
"4816","PEL02",2020,9.47355191256831,21.0152732240437,369.8
"4817","PEL02",2021,9.02468493150685,20.5277534246575,379.19
"4818","PEL02",2022,10.1950410958904,21.8725479452055,391.22
"4819","PEL03",1950,8.0307397260274,20.0537808219178,250.08
"4820","PEL03",1951,7.6698904109589,17.9644931506849,528.77
"4821","PEL03",1952,7.73420765027322,18.5907103825137,397.1
"4822","PEL03",1953,7.13901369863014,19.5655616438356,273.17
"4823","PEL03",1954,7.60112328767123,18.8776438356164,221.32
"4824","PEL03",1955,9.07983561643836,19.3602465753425,492.37
"4825","PEL03",1956,6.64153005464481,17.1604918032787,407.49
"4826","PEL03",1957,7.44547945205479,18.1507123287671,329.93
"4827","PEL03",1958,8.03797260273973,18.6658904109589,379.99
"4828","PEL03",1959,8.24868493150685,18.1667671232877,469.41
"4829","PEL03",1960,8.30213114754098,18.1463387978142,495.52
"4830","PEL03",1961,8.77706849315068,19.8201369863014,339.01
"4831","PEL03",1962,8.1132602739726,18.7155068493151,405.11
"4832","PEL03",1963,7.94575342465753,17.9505479452055,508.26
"4833","PEL03",1964,8.3557650273224,19.0345628415301,292.58
"4834","PEL03",1965,8.09490410958904,18.4084383561644,344.51
"4835","PEL03",1966,8.10605479452055,18.6726849315069,436.5
"4836","PEL03",1967,7.69147945205479,18.5224109589041,326.44
"4837","PEL03",1968,8.15306010928962,18.6662568306011,293.77
"4838","PEL03",1969,7.43224657534247,17.2458356164384,459.47
"4839","PEL03",1970,7.68660273972603,18.6878630136986,250.53
"4840","PEL03",1971,7.28128767123288,17.2727671232877,389.54
"4841","PEL03",1972,7.4201912568306,16.8304644808743,497.48
"4842","PEL03",1973,7.07671232876712,18.348,323.83
"4843","PEL03",1974,7.26972602739726,18.0278630136986,321.57
"4844","PEL03",1975,7.50630136986301,17.8257534246575,374.82
"4845","PEL03",1976,7.6072131147541,17.8972131147541,448.66
"4846","PEL03",1977,7.99835616438356,17.585397260274,473.76
"4847","PEL03",1978,7.94104109589041,18.1907123287671,467.41
"4848","PEL03",1979,8.2986301369863,18.2412876712329,418.97
"4849","PEL03",1980,7.50639344262295,18.3908196721311,310.46
"4850","PEL03",1981,8.07591780821918,19.3666575342466,360.77
"4851","PEL03",1982,8.23531506849315,19.1811780821918,351.56
"4852","PEL03",1983,7.44531506849315,19.3849315068493,285.87
"4853","PEL03",1984,6.58945355191257,18.1624863387978,393.75
"4854","PEL03",1985,7.3261095890411,19.7678356164384,291.88
"4855","PEL03",1986,7.20169863013699,19.2139726027397,329.09
"4856","PEL03",1987,8.14854794520548,19.5527945205479,477.42
"4857","PEL03",1988,7.41054644808743,19.0060928961749,401.11
"4858","PEL03",1989,8.68545205479452,20.2598356164384,506.86
"4859","PEL03",1990,8.2701095890411,19.9147671232877,287.49
"4860","PEL03",1991,7.41665753424658,19.2826849315069,288.79
"4861","PEL03",1992,7.1529781420765,19.3962568306011,324.2
"4862","PEL03",1993,6.67504109589041,18.2772328767123,371.36
"4863","PEL03",1994,7.76994520547945,20.1911232876712,283.47
"4864","PEL03",1995,8.8286301369863,20.7131780821918,298.05
"4865","PEL03",1996,7.98292349726776,19.0933333333333,495.18
"4866","PEL03",1997,9.07761643835616,20.2065205479452,611.06
"4867","PEL03",1998,8.24046575342466,19.8127123287671,393.98
"4868","PEL03",1999,8.12312328767123,19.7034794520548,331.17
"4869","PEL03",2000,8.10232240437158,19.8415846994536,418.81
"4870","PEL03",2001,8.57372602739726,19.7746301369863,360.84
"4871","PEL03",2002,8.7387397260274,19.8373424657534,431.31
"4872","PEL03",2003,9.028,20.4199452054795,435.24
"4873","PEL03",2004,8.1820218579235,19.766174863388,395.34
"4874","PEL03",2005,8.00279452054795,20.2793424657534,267.36
"4875","PEL03",2006,9.26608219178082,20.6058630136986,395.83
"4876","PEL03",2007,7.77967123287671,19.5786575342466,400.82
"4877","PEL03",2008,8.10027322404372,19.4412021857923,464.5
"4878","PEL03",2009,8.95279452054795,20.7873150684932,275.06
"4879","PEL03",2010,8.44947945205479,19.3570684931507,492.53
"4880","PEL03",2011,9.11917808219178,21.021397260274,324.24
"4881","PEL03",2012,8.19978142076503,20.1061475409836,304.73
"4882","PEL03",2013,7.89786301369863,19.4255890410959,356.91
"4883","PEL03",2014,9.27841095890411,20.4381917808219,395.6
"4884","PEL03",2015,9.24172602739726,21.251095890411,246.84
"4885","PEL03",2016,9.1175956284153,20.4909289617486,435.59
"4886","PEL03",2017,9.2447397260274,21.8696164383562,268.96
"4887","PEL03",2018,8.82890410958904,19.9995890410959,487.62
"4888","PEL03",2019,9.05421917808219,21.279397260274,275.91
"4889","PEL03",2020,9.47355191256831,21.0152732240437,369.8
"4890","PEL03",2021,9.02468493150685,20.5277534246575,379.19
"4891","PEL03",2022,10.1950410958904,21.8725479452055,391.22
"4892","PEL04",1950,8.0307397260274,20.0537808219178,250.08
"4893","PEL04",1951,7.6698904109589,17.9644931506849,528.77
"4894","PEL04",1952,7.73420765027322,18.5907103825137,397.1
"4895","PEL04",1953,7.13901369863014,19.5655616438356,273.17
"4896","PEL04",1954,7.60112328767123,18.8776438356164,221.32
"4897","PEL04",1955,9.07983561643836,19.3602465753425,492.37
"4898","PEL04",1956,6.64153005464481,17.1604918032787,407.49
"4899","PEL04",1957,7.44547945205479,18.1507123287671,329.93
"4900","PEL04",1958,8.03797260273973,18.6658904109589,379.99
"4901","PEL04",1959,8.24868493150685,18.1667671232877,469.41
"4902","PEL04",1960,8.30213114754098,18.1463387978142,495.52
"4903","PEL04",1961,8.77706849315068,19.8201369863014,339.01
"4904","PEL04",1962,8.1132602739726,18.7155068493151,405.11
"4905","PEL04",1963,7.94575342465753,17.9505479452055,508.26
"4906","PEL04",1964,8.3557650273224,19.0345628415301,292.58
"4907","PEL04",1965,8.09490410958904,18.4084383561644,344.51
"4908","PEL04",1966,8.10605479452055,18.6726849315069,436.5
"4909","PEL04",1967,7.69147945205479,18.5224109589041,326.44
"4910","PEL04",1968,8.15306010928962,18.6662568306011,293.77
"4911","PEL04",1969,7.43224657534247,17.2458356164384,459.47
"4912","PEL04",1970,7.68660273972603,18.6878630136986,250.53
"4913","PEL04",1971,7.28128767123288,17.2727671232877,389.54
"4914","PEL04",1972,7.4201912568306,16.8304644808743,497.48
"4915","PEL04",1973,7.07671232876712,18.348,323.83
"4916","PEL04",1974,7.26972602739726,18.0278630136986,321.57
"4917","PEL04",1975,7.50630136986301,17.8257534246575,374.82
"4918","PEL04",1976,7.6072131147541,17.8972131147541,448.66
"4919","PEL04",1977,7.99835616438356,17.585397260274,473.76
"4920","PEL04",1978,7.94104109589041,18.1907123287671,467.41
"4921","PEL04",1979,8.2986301369863,18.2412876712329,418.97
"4922","PEL04",1980,7.50639344262295,18.3908196721311,310.46
"4923","PEL04",1981,8.07591780821918,19.3666575342466,360.77
"4924","PEL04",1982,8.23531506849315,19.1811780821918,351.56
"4925","PEL04",1983,7.44531506849315,19.3849315068493,285.87
"4926","PEL04",1984,6.58945355191257,18.1624863387978,393.75
"4927","PEL04",1985,7.3261095890411,19.7678356164384,291.88
"4928","PEL04",1986,7.20169863013699,19.2139726027397,329.09
"4929","PEL04",1987,8.14854794520548,19.5527945205479,477.42
"4930","PEL04",1988,7.41054644808743,19.0060928961749,401.11
"4931","PEL04",1989,8.68545205479452,20.2598356164384,506.86
"4932","PEL04",1990,8.2701095890411,19.9147671232877,287.49
"4933","PEL04",1991,7.41665753424658,19.2826849315069,288.79
"4934","PEL04",1992,7.1529781420765,19.3962568306011,324.2
"4935","PEL04",1993,6.67504109589041,18.2772328767123,371.36
"4936","PEL04",1994,7.76994520547945,20.1911232876712,283.47
"4937","PEL04",1995,8.8286301369863,20.7131780821918,298.05
"4938","PEL04",1996,7.98292349726776,19.0933333333333,495.18
"4939","PEL04",1997,9.07761643835616,20.2065205479452,611.06
"4940","PEL04",1998,8.24046575342466,19.8127123287671,393.98
"4941","PEL04",1999,8.12312328767123,19.7034794520548,331.17
"4942","PEL04",2000,8.10232240437158,19.8415846994536,418.81
"4943","PEL04",2001,8.57372602739726,19.7746301369863,360.84
"4944","PEL04",2002,8.7387397260274,19.8373424657534,431.31
"4945","PEL04",2003,9.028,20.4199452054795,435.24
"4946","PEL04",2004,8.1820218579235,19.766174863388,395.34
"4947","PEL04",2005,8.00279452054795,20.2793424657534,267.36
"4948","PEL04",2006,9.26608219178082,20.6058630136986,395.83
"4949","PEL04",2007,7.77967123287671,19.5786575342466,400.82
"4950","PEL04",2008,8.10027322404372,19.4412021857923,464.5
"4951","PEL04",2009,8.95279452054795,20.7873150684932,275.06
"4952","PEL04",2010,8.44947945205479,19.3570684931507,492.53
"4953","PEL04",2011,9.11917808219178,21.021397260274,324.24
"4954","PEL04",2012,8.19978142076503,20.1061475409836,304.73
"4955","PEL04",2013,7.89786301369863,19.4255890410959,356.91
"4956","PEL04",2014,9.27841095890411,20.4381917808219,395.6
"4957","PEL04",2015,9.24172602739726,21.251095890411,246.84
"4958","PEL04",2016,9.1175956284153,20.4909289617486,435.59
"4959","PEL04",2017,9.2447397260274,21.8696164383562,268.96
"4960","PEL04",2018,8.82890410958904,19.9995890410959,487.62
"4961","PEL04",2019,9.05421917808219,21.279397260274,275.91
"4962","PEL04",2020,9.47355191256831,21.0152732240437,369.8
"4963","PEL04",2021,9.02468493150685,20.5277534246575,379.19
"4964","PEL04",2022,10.1950410958904,21.8725479452055,391.22
"4965","PEL05",1950,8.0307397260274,20.0537808219178,250.08
"4966","PEL05",1951,7.6698904109589,17.9644931506849,528.77
"4967","PEL05",1952,7.73420765027322,18.5907103825137,397.1
"4968","PEL05",1953,7.13901369863014,19.5655616438356,273.17
"4969","PEL05",1954,7.60112328767123,18.8776438356164,221.32
"4970","PEL05",1955,9.07983561643836,19.3602465753425,492.37
"4971","PEL05",1956,6.64153005464481,17.1604918032787,407.49
"4972","PEL05",1957,7.44547945205479,18.1507123287671,329.93
"4973","PEL05",1958,8.03797260273973,18.6658904109589,379.99
"4974","PEL05",1959,8.24868493150685,18.1667671232877,469.41
"4975","PEL05",1960,8.30213114754098,18.1463387978142,495.52
"4976","PEL05",1961,8.77706849315068,19.8201369863014,339.01
"4977","PEL05",1962,8.1132602739726,18.7155068493151,405.11
"4978","PEL05",1963,7.94575342465753,17.9505479452055,508.26
"4979","PEL05",1964,8.3557650273224,19.0345628415301,292.58
"4980","PEL05",1965,8.09490410958904,18.4084383561644,344.51
"4981","PEL05",1966,8.10605479452055,18.6726849315069,436.5
"4982","PEL05",1967,7.69147945205479,18.5224109589041,326.44
"4983","PEL05",1968,8.15306010928962,18.6662568306011,293.77
"4984","PEL05",1969,7.43224657534247,17.2458356164384,459.47
"4985","PEL05",1970,7.68660273972603,18.6878630136986,250.53
"4986","PEL05",1971,7.28128767123288,17.2727671232877,389.54
"4987","PEL05",1972,7.4201912568306,16.8304644808743,497.48
"4988","PEL05",1973,7.07671232876712,18.348,323.83
"4989","PEL05",1974,7.26972602739726,18.0278630136986,321.57
"4990","PEL05",1975,7.50630136986301,17.8257534246575,374.82
"4991","PEL05",1976,7.6072131147541,17.8972131147541,448.66
"4992","PEL05",1977,7.99835616438356,17.585397260274,473.76
"4993","PEL05",1978,7.94104109589041,18.1907123287671,467.41
"4994","PEL05",1979,8.2986301369863,18.2412876712329,418.97
"4995","PEL05",1980,7.50639344262295,18.3908196721311,310.46
"4996","PEL05",1981,8.07591780821918,19.3666575342466,360.77
"4997","PEL05",1982,8.23531506849315,19.1811780821918,351.56
"4998","PEL05",1983,7.44531506849315,19.3849315068493,285.87
"4999","PEL05",1984,6.58945355191257,18.1624863387978,393.75
"5000","PEL05",1985,7.3261095890411,19.7678356164384,291.88
"5001","PEL05",1986,7.20169863013699,19.2139726027397,329.09
"5002","PEL05",1987,8.14854794520548,19.5527945205479,477.42
"5003","PEL05",1988,7.41054644808743,19.0060928961749,401.11
"5004","PEL05",1989,8.68545205479452,20.2598356164384,506.86
"5005","PEL05",1990,8.2701095890411,19.9147671232877,287.49
"5006","PEL05",1991,7.41665753424658,19.2826849315069,288.79
"5007","PEL05",1992,7.1529781420765,19.3962568306011,324.2
"5008","PEL05",1993,6.67504109589041,18.2772328767123,371.36
"5009","PEL05",1994,7.76994520547945,20.1911232876712,283.47
"5010","PEL05",1995,8.8286301369863,20.7131780821918,298.05
"5011","PEL05",1996,7.98292349726776,19.0933333333333,495.18
"5012","PEL05",1997,9.07761643835616,20.2065205479452,611.06
"5013","PEL05",1998,8.24046575342466,19.8127123287671,393.98
"5014","PEL05",1999,8.12312328767123,19.7034794520548,331.17
"5015","PEL05",2000,8.10232240437158,19.8415846994536,418.81
"5016","PEL05",2001,8.57372602739726,19.7746301369863,360.84
"5017","PEL05",2002,8.7387397260274,19.8373424657534,431.31
"5018","PEL05",2003,9.028,20.4199452054795,435.24
"5019","PEL05",2004,8.1820218579235,19.766174863388,395.34
"5020","PEL05",2005,8.00279452054795,20.2793424657534,267.36
"5021","PEL05",2006,9.26608219178082,20.6058630136986,395.83
"5022","PEL05",2007,7.77967123287671,19.5786575342466,400.82
"5023","PEL05",2008,8.10027322404372,19.4412021857923,464.5
"5024","PEL05",2009,8.95279452054795,20.7873150684932,275.06
"5025","PEL05",2010,8.44947945205479,19.3570684931507,492.53
"5026","PEL05",2011,9.11917808219178,21.021397260274,324.24
"5027","PEL05",2012,8.19978142076503,20.1061475409836,304.73
"5028","PEL05",2013,7.89786301369863,19.4255890410959,356.91
"5029","PEL05",2014,9.27841095890411,20.4381917808219,395.6
"5030","PEL05",2015,9.24172602739726,21.251095890411,246.84
"5031","PEL05",2016,9.1175956284153,20.4909289617486,435.59
"5032","PEL05",2017,9.2447397260274,21.8696164383562,268.96
"5033","PEL05",2018,8.82890410958904,19.9995890410959,487.62
"5034","PEL05",2019,9.05421917808219,21.279397260274,275.91
"5035","PEL05",2020,9.47355191256831,21.0152732240437,369.8
"5036","PEL05",2021,9.02468493150685,20.5277534246575,379.19
"5037","PEL05",2022,10.1950410958904,21.8725479452055,391.22
"5038","PEL06",1950,8.0307397260274,20.0537808219178,250.08
"5039","PEL06",1951,7.6698904109589,17.9644931506849,528.77
"5040","PEL06",1952,7.73420765027322,18.5907103825137,397.1
"5041","PEL06",1953,7.13901369863014,19.5655616438356,273.17
"5042","PEL06",1954,7.60112328767123,18.8776438356164,221.32
"5043","PEL06",1955,9.07983561643836,19.3602465753425,492.37
"5044","PEL06",1956,6.64153005464481,17.1604918032787,407.49
"5045","PEL06",1957,7.44547945205479,18.1507123287671,329.93
"5046","PEL06",1958,8.03797260273973,18.6658904109589,379.99
"5047","PEL06",1959,8.24868493150685,18.1667671232877,469.41
"5048","PEL06",1960,8.30213114754098,18.1463387978142,495.52
"5049","PEL06",1961,8.77706849315068,19.8201369863014,339.01
"5050","PEL06",1962,8.1132602739726,18.7155068493151,405.11
"5051","PEL06",1963,7.94575342465753,17.9505479452055,508.26
"5052","PEL06",1964,8.3557650273224,19.0345628415301,292.58
"5053","PEL06",1965,8.09490410958904,18.4084383561644,344.51
"5054","PEL06",1966,8.10605479452055,18.6726849315069,436.5
"5055","PEL06",1967,7.69147945205479,18.5224109589041,326.44
"5056","PEL06",1968,8.15306010928962,18.6662568306011,293.77
"5057","PEL06",1969,7.43224657534247,17.2458356164384,459.47
"5058","PEL06",1970,7.68660273972603,18.6878630136986,250.53
"5059","PEL06",1971,7.28128767123288,17.2727671232877,389.54
"5060","PEL06",1972,7.4201912568306,16.8304644808743,497.48
"5061","PEL06",1973,7.07671232876712,18.348,323.83
"5062","PEL06",1974,7.26972602739726,18.0278630136986,321.57
"5063","PEL06",1975,7.50630136986301,17.8257534246575,374.82
"5064","PEL06",1976,7.6072131147541,17.8972131147541,448.66
"5065","PEL06",1977,7.99835616438356,17.585397260274,473.76
"5066","PEL06",1978,7.94104109589041,18.1907123287671,467.41
"5067","PEL06",1979,8.2986301369863,18.2412876712329,418.97
"5068","PEL06",1980,7.50639344262295,18.3908196721311,310.46
"5069","PEL06",1981,8.07591780821918,19.3666575342466,360.77
"5070","PEL06",1982,8.23531506849315,19.1811780821918,351.56
"5071","PEL06",1983,7.44531506849315,19.3849315068493,285.87
"5072","PEL06",1984,6.58945355191257,18.1624863387978,393.75
"5073","PEL06",1985,7.3261095890411,19.7678356164384,291.88
"5074","PEL06",1986,7.20169863013699,19.2139726027397,329.09
"5075","PEL06",1987,8.14854794520548,19.5527945205479,477.42
"5076","PEL06",1988,7.41054644808743,19.0060928961749,401.11
"5077","PEL06",1989,8.68545205479452,20.2598356164384,506.86
"5078","PEL06",1990,8.2701095890411,19.9147671232877,287.49
"5079","PEL06",1991,7.41665753424658,19.2826849315069,288.79
"5080","PEL06",1992,7.1529781420765,19.3962568306011,324.2
"5081","PEL06",1993,6.67504109589041,18.2772328767123,371.36
"5082","PEL06",1994,7.76994520547945,20.1911232876712,283.47
"5083","PEL06",1995,8.8286301369863,20.7131780821918,298.05
"5084","PEL06",1996,7.98292349726776,19.0933333333333,495.18
"5085","PEL06",1997,9.07761643835616,20.2065205479452,611.06
"5086","PEL06",1998,8.24046575342466,19.8127123287671,393.98
"5087","PEL06",1999,8.12312328767123,19.7034794520548,331.17
"5088","PEL06",2000,8.10232240437158,19.8415846994536,418.81
"5089","PEL06",2001,8.57372602739726,19.7746301369863,360.84
"5090","PEL06",2002,8.7387397260274,19.8373424657534,431.31
"5091","PEL06",2003,9.028,20.4199452054795,435.24
"5092","PEL06",2004,8.1820218579235,19.766174863388,395.34
"5093","PEL06",2005,8.00279452054795,20.2793424657534,267.36
"5094","PEL06",2006,9.26608219178082,20.6058630136986,395.83
"5095","PEL06",2007,7.77967123287671,19.5786575342466,400.82
"5096","PEL06",2008,8.10027322404372,19.4412021857923,464.5
"5097","PEL06",2009,8.95279452054795,20.7873150684932,275.06
"5098","PEL06",2010,8.44947945205479,19.3570684931507,492.53
"5099","PEL06",2011,9.11917808219178,21.021397260274,324.24
"5100","PEL06",2012,8.19978142076503,20.1061475409836,304.73
"5101","PEL06",2013,7.89786301369863,19.4255890410959,356.91
"5102","PEL06",2014,9.27841095890411,20.4381917808219,395.6
"5103","PEL06",2015,9.24172602739726,21.251095890411,246.84
"5104","PEL06",2016,9.1175956284153,20.4909289617486,435.59
"5105","PEL06",2017,9.2447397260274,21.8696164383562,268.96
"5106","PEL06",2018,8.82890410958904,19.9995890410959,487.62
"5107","PEL06",2019,9.05421917808219,21.279397260274,275.91
"5108","PEL06",2020,9.47355191256831,21.0152732240437,369.8
"5109","PEL06",2021,9.02468493150685,20.5277534246575,379.19
"5110","PEL06",2022,10.1950410958904,21.8725479452055,391.22
"5111","RON01",1950,6.03353424657534,15.9839178082192,845.56
"5112","RON01",1951,5.34265753424657,14.4447671232877,1008.42
"5113","RON01",1952,6.15997267759563,15.5232513661202,877.25
"5114","RON01",1953,5.36432876712329,16.0520273972603,576.58
"5115","RON01",1954,4.76904109589041,14.9741369863014,766.68
"5116","RON01",1955,6.14567123287671,16.3290684931507,669.74
"5117","RON01",1956,4.26598360655738,14.233825136612,665.57
"5118","RON01",1957,5.30413698630137,15.6247671232877,632.62
"5119","RON01",1958,4.70542465753425,15.9047945205479,779.59
"5120","RON01",1959,4.57567123287671,15.9647397260274,1072.53
"5121","RON01",1960,3.92975409836066,15.5547267759563,1106.88
"5122","RON01",1961,4.15194520547945,17.5682739726027,974.2
"5123","RON01",1962,3.60441095890411,16.6169589041096,785.49
"5124","RON01",1963,2.70479452054795,15.4162191780822,997.63
"5125","RON01",1964,3.61379781420765,16.9157923497268,768.41
"5126","RON01",1965,3.58268493150685,15.7248767123288,947.51
"5127","RON01",1966,4.79961643835616,16.0497534246575,1107.23
"5128","RON01",1967,4.34117808219178,16.5352876712329,784.85
"5129","RON01",1968,4.93907103825137,16.0546448087432,910.26
"5130","RON01",1969,4.86523287671233,14.9029315068493,995.94
"5131","RON01",1970,4.6166301369863,16.1940273972603,711.45
"5132","RON01",1971,4.48802739726027,15.4411232876712,968.73
"5133","RON01",1972,3.80275956284153,14.6722677595628,1070.08
"5134","RON01",1973,4.44972602739726,16.1129589041096,752.94
"5135","RON01",1974,4.20997260273973,15.3979726027397,894.39
"5136","RON01",1975,4.15750684931507,15.8346849315068,825.44
"5137","RON01",1976,3.91360655737705,16.0227322404372,908.73
"5138","RON01",1977,4.08353424657534,15.6008219178082,942.78
"5139","RON01",1978,3.25523287671233,15.8571506849315,923.12
"5140","RON01",1979,4.7413698630137,15.2704109589041,1097.34
"5141","RON01",1980,4.10693989071038,16.003087431694,845.05
"5142","RON01",1981,5.07761643835616,16.9107671232877,866.32
"5143","RON01",1982,5.64468493150685,16.4675616438356,955.32
"5144","RON01",1983,5.66235616438356,17.0684657534247,667.71
"5145","RON01",1984,4.66068306010929,15.3377049180328,981.21
"5146","RON01",1985,5.01827397260274,16.6216438356164,702.14
"5147","RON01",1986,5.34706849315068,15.9676712328767,828.25
"5148","RON01",1987,5.90515068493151,16.4247945205479,808.86
"5149","RON01",1988,5.82418032786885,16.3310655737705,893.12
"5150","RON01",1989,6.71953424657534,17.4512054794521,708.2
"5151","RON01",1990,6.18841095890411,17.2642739726027,793.7
"5152","RON01",1991,5.61249315068493,15.9169589041096,723.01
"5153","RON01",1992,5.58005464480874,15.9014754098361,945.82
"5154","RON01",1993,5.06230136986301,15.9976164383562,848.55
"5155","RON01",1994,6.30767123287671,17.2469863013699,822.71
"5156","RON01",1995,6.33808219178082,17.1553698630137,770.71
"5157","RON01",1996,6.12166666666667,15.5046994535519,1003.22
"5158","RON01",1997,7.38295890410959,17.0291780821918,921.66
"5159","RON01",1998,6.36252054794521,16.0197534246575,849.85
"5160","RON01",1999,6.42252054794521,15.3609589041096,954.85
"5161","RON01",2000,6.42734972677596,16.2763661202186,1033.21
"5162","RON01",2001,6.50994520547945,16.0349315068493,799.49
"5163","RON01",2002,7.13150684931507,15.3803561643836,1355.27
"5164","RON01",2003,7.53249315068493,16.0646849315069,1078.92
"5165","RON01",2004,6.00877049180328,15.9821857923497,833.87
"5166","RON01",2005,6.24972602739726,15.049698630137,1001.96
"5167","RON01",2006,7.46528767123288,16.4555068493151,932.15
"5168","RON01",2007,6.16356164383562,15.6269589041096,1134.54
"5169","RON01",2008,6.23008196721312,14.903306010929,1418
"5170","RON01",2009,6.88597260273973,15.790301369863,1316.83
"5171","RON01",2010,5.92980821917808,14.1871232876712,1172.15
"5172","RON01",2011,7.68120547945206,16.5832602739726,1177.79
"5173","RON01",2012,6.8572131147541,15.9587431693989,1209.14
"5174","RON01",2013,6.49071232876712,14.6125753424658,1674.94
"5175","RON01",2014,7.47134246575342,15.8459726027397,1565.41
"5176","RON01",2015,7.36019178082192,16.5517260273973,1326.39
"5177","RON01",2016,7.01265027322404,15.6755464480874,1173.49
"5178","RON01",2017,7.00252054794521,16.5058082191781,1251.92
"5179","RON01",2018,7.26460273972603,15.5514246575342,1531.27
"5180","RON01",2019,6.93654794520548,16.331397260274,1438.68
"5181","RON01",2020,7.46743169398907,16.825737704918,1197.17
"5182","RON01",2021,6.65468493150685,16.5025479452055,729.51
"5183","RON01",2022,8.05827397260274,18.7635342465753,531.09
"5184","RON02",1950,6.03353424657534,15.9839178082192,845.56
"5185","RON02",1951,5.34265753424657,14.4447671232877,1008.42
"5186","RON02",1952,6.15997267759563,15.5232513661202,877.25
"5187","RON02",1953,5.36432876712329,16.0520273972603,576.58
"5188","RON02",1954,4.76904109589041,14.9741369863014,766.68
"5189","RON02",1955,6.14567123287671,16.3290684931507,669.74
"5190","RON02",1956,4.26598360655738,14.233825136612,665.57
"5191","RON02",1957,5.30413698630137,15.6247671232877,632.62
"5192","RON02",1958,4.70542465753425,15.9047945205479,779.59
"5193","RON02",1959,4.57567123287671,15.9647397260274,1072.53
"5194","RON02",1960,3.92975409836066,15.5547267759563,1106.88
"5195","RON02",1961,4.15194520547945,17.5682739726027,974.2
"5196","RON02",1962,3.60441095890411,16.6169589041096,785.49
"5197","RON02",1963,2.70479452054795,15.4162191780822,997.63
"5198","RON02",1964,3.61379781420765,16.9157923497268,768.41
"5199","RON02",1965,3.58268493150685,15.7248767123288,947.51
"5200","RON02",1966,4.79961643835616,16.0497534246575,1107.23
"5201","RON02",1967,4.34117808219178,16.5352876712329,784.85
"5202","RON02",1968,4.93907103825137,16.0546448087432,910.26
"5203","RON02",1969,4.86523287671233,14.9029315068493,995.94
"5204","RON02",1970,4.6166301369863,16.1940273972603,711.45
"5205","RON02",1971,4.48802739726027,15.4411232876712,968.73
"5206","RON02",1972,3.80275956284153,14.6722677595628,1070.08
"5207","RON02",1973,4.44972602739726,16.1129589041096,752.94
"5208","RON02",1974,4.20997260273973,15.3979726027397,894.39
"5209","RON02",1975,4.15750684931507,15.8346849315068,825.44
"5210","RON02",1976,3.91360655737705,16.0227322404372,908.73
"5211","RON02",1977,4.08353424657534,15.6008219178082,942.78
"5212","RON02",1978,3.25523287671233,15.8571506849315,923.12
"5213","RON02",1979,4.7413698630137,15.2704109589041,1097.34
"5214","RON02",1980,4.10693989071038,16.003087431694,845.05
"5215","RON02",1981,5.07761643835616,16.9107671232877,866.32
"5216","RON02",1982,5.64468493150685,16.4675616438356,955.32
"5217","RON02",1983,5.66235616438356,17.0684657534247,667.71
"5218","RON02",1984,4.66068306010929,15.3377049180328,981.21
"5219","RON02",1985,5.01827397260274,16.6216438356164,702.14
"5220","RON02",1986,5.34706849315068,15.9676712328767,828.25
"5221","RON02",1987,5.90515068493151,16.4247945205479,808.86
"5222","RON02",1988,5.82418032786885,16.3310655737705,893.12
"5223","RON02",1989,6.71953424657534,17.4512054794521,708.2
"5224","RON02",1990,6.18841095890411,17.2642739726027,793.7
"5225","RON02",1991,5.61249315068493,15.9169589041096,723.01
"5226","RON02",1992,5.58005464480874,15.9014754098361,945.82
"5227","RON02",1993,5.06230136986301,15.9976164383562,848.55
"5228","RON02",1994,6.30767123287671,17.2469863013699,822.71
"5229","RON02",1995,6.33808219178082,17.1553698630137,770.71
"5230","RON02",1996,6.12166666666667,15.5046994535519,1003.22
"5231","RON02",1997,7.38295890410959,17.0291780821918,921.66
"5232","RON02",1998,6.36252054794521,16.0197534246575,849.85
"5233","RON02",1999,6.42252054794521,15.3609589041096,954.85
"5234","RON02",2000,6.42734972677596,16.2763661202186,1033.21
"5235","RON02",2001,6.50994520547945,16.0349315068493,799.49
"5236","RON02",2002,7.13150684931507,15.3803561643836,1355.27
"5237","RON02",2003,7.53249315068493,16.0646849315069,1078.92
"5238","RON02",2004,6.00877049180328,15.9821857923497,833.87
"5239","RON02",2005,6.24972602739726,15.049698630137,1001.96
"5240","RON02",2006,7.46528767123288,16.4555068493151,932.15
"5241","RON02",2007,6.16356164383562,15.6269589041096,1134.54
"5242","RON02",2008,6.23008196721312,14.903306010929,1418
"5243","RON02",2009,6.88597260273973,15.790301369863,1316.83
"5244","RON02",2010,5.92980821917808,14.1871232876712,1172.15
"5245","RON02",2011,7.68120547945206,16.5832602739726,1177.79
"5246","RON02",2012,6.8572131147541,15.9587431693989,1209.14
"5247","RON02",2013,6.49071232876712,14.6125753424658,1674.94
"5248","RON02",2014,7.47134246575342,15.8459726027397,1565.41
"5249","RON02",2015,7.36019178082192,16.5517260273973,1326.39
"5250","RON02",2016,7.01265027322404,15.6755464480874,1173.49
"5251","RON02",2017,7.00252054794521,16.5058082191781,1251.92
"5252","RON02",2018,7.26460273972603,15.5514246575342,1531.27
"5253","RON02",2019,6.93654794520548,16.331397260274,1438.68
"5254","RON02",2020,7.46743169398907,16.825737704918,1197.17
"5255","RON02",2021,6.65468493150685,16.5025479452055,729.51
"5256","RON02",2022,8.05827397260274,18.7635342465753,531.09
"5257","RON03",1950,5.7607397260274,15.7138904109589,848.09
"5258","RON03",1951,5.07293150684932,14.1650410958904,1013
"5259","RON03",1952,5.89510928961749,15.2552459016393,879.74
"5260","RON03",1953,5.11334246575342,15.7843561643836,580.22
"5261","RON03",1954,4.50942465753425,14.7010684931507,771.81
"5262","RON03",1955,5.88649315068493,16.0514246575342,676.47
"5263","RON03",1956,4.00286885245902,13.9576775956284,671.07
"5264","RON03",1957,5.04443835616438,15.351095890411,639.98
"5265","RON03",1958,4.42950684931507,15.6279452054795,783.61
"5266","RON03",1959,4.29783561643836,15.6866575342466,1076.69
"5267","RON03",1960,3.65021857923497,15.2796994535519,1114.35
"5268","RON03",1961,3.86882191780822,17.3029863013699,978.17
"5269","RON03",1962,3.3201095890411,16.3481917808219,790.83
"5270","RON03",1963,2.42484931506849,15.1487671232877,1004.76
"5271","RON03",1964,3.33789617486339,16.6584153005464,774.4
"5272","RON03",1965,3.3087397260274,15.4614246575342,952.85
"5273","RON03",1966,4.53205479452055,15.7820273972603,1118
"5274","RON03",1967,4.07279452054795,16.2758904109589,789.77
"5275","RON03",1968,4.66273224043716,15.7908196721311,915.18
"5276","RON03",1969,4.58835616438356,14.6333698630137,1005.75
"5277","RON03",1970,4.33635616438356,15.9329589041096,720
"5278","RON03",1971,4.20756164383562,15.174,978.74
"5279","RON03",1972,3.52177595628415,14.4003825136612,1076.38
"5280","RON03",1973,4.17032876712329,15.853095890411,758.88
"5281","RON03",1974,3.92753424657534,15.1319452054795,901.31
"5282","RON03",1975,3.87435616438356,15.5702465753425,830.74
"5283","RON03",1976,3.62994535519126,15.7555737704918,914.83
"5284","RON03",1977,3.79687671232877,15.3324109589041,952.66
"5285","RON03",1978,2.9638904109589,15.5924931506849,932.98
"5286","RON03",1979,4.46567123287671,15.0015616438356,1109.07
"5287","RON03",1980,3.82852459016393,15.7441256830601,852.16
"5288","RON03",1981,4.79854794520548,16.6452328767123,874.73
"5289","RON03",1982,5.36701369863014,16.1952876712329,963.74
"5290","RON03",1983,5.39032876712329,16.8047945205479,672.3
"5291","RON03",1984,4.38385245901639,15.0658469945355,990.02
"5292","RON03",1985,4.74915068493151,16.3546849315068,709.61
"5293","RON03",1986,5.07994520547945,15.6985753424658,835.91
"5294","RON03",1987,5.63441095890411,16.1639726027397,817.32
"5295","RON03",1988,5.55393442622951,16.0660655737705,901.61
"5296","RON03",1989,6.46298630136986,17.1858082191781,713.87
"5297","RON03",1990,5.92578082191781,16.9995068493151,802.12
"5298","RON03",1991,5.34542465753425,15.65,728.47
"5299","RON03",1992,5.3094262295082,15.6396448087432,954.75
"5300","RON03",1993,4.79175342465753,15.7312602739726,856.97
"5301","RON03",1994,6.04079452054795,16.9807397260274,831.68
"5302","RON03",1995,6.07509589041096,16.8770136986301,782.02
"5303","RON03",1996,5.86073770491803,15.231174863388,1012.09
"5304","RON03",1997,7.1281095890411,16.7532054794521,930.73
"5305","RON03",1998,6.1046301369863,15.748,857.38
"5306","RON03",1999,6.15838356164384,15.0895616438356,963.49
"5307","RON03",2000,6.16868852459016,16.001393442623,1041.57
"5308","RON03",2001,6.25268493150685,15.7546575342466,808.75
"5309","RON03",2002,6.87983561643836,15.0815616438356,1374.44
"5310","RON03",2003,7.27991780821918,15.7690684931507,1093.2
"5311","RON03",2004,5.74412568306011,15.7052732240437,840.33
"5312","RON03",2005,6.00649315068493,14.7605205479452,1010.01
"5313","RON03",2006,7.22523287671233,16.1740547945205,938.85
"5314","RON03",2007,5.92265753424658,15.3478904109589,1142.95
"5315","RON03",2008,5.9855737704918,14.6096174863388,1430.46
"5316","RON03",2009,6.63890410958904,15.497698630137,1326.14
"5317","RON03",2010,5.67375342465753,13.8847671232877,1181.05
"5318","RON03",2011,7.43758904109589,16.2868493150685,1186.95
"5319","RON03",2012,6.6124043715847,15.6638797814208,1219.81
"5320","RON03",2013,6.23408219178082,14.307397260274,1689.98
"5321","RON03",2014,7.21512328767123,15.5440821917808,1576.6
"5322","RON03",2015,7.11350684931507,16.2645205479452,1334.91
"5323","RON03",2016,6.76554644808743,15.3768032786885,1182.8
"5324","RON03",2017,6.75619178082192,16.2124383561644,1260.11
"5325","RON03",2018,7.00876712328767,15.2524657534247,1544.18
"5326","RON03",2019,6.69580821917808,16.0327945205479,1448.92
"5327","RON03",2020,7.2325956284153,16.5275409836066,1207.06
"5328","RON03",2021,6.39298630136986,16.2201369863014,736.28
"5329","RON03",2022,7.80224657534247,18.4780547945205,535.42
"5330","RON04",1950,5.7607397260274,15.7138904109589,848.09
"5331","RON04",1951,5.07293150684932,14.1650410958904,1013
"5332","RON04",1952,5.89510928961749,15.2552459016393,879.74
"5333","RON04",1953,5.11334246575342,15.7843561643836,580.22
"5334","RON04",1954,4.50942465753425,14.7010684931507,771.81
"5335","RON04",1955,5.88649315068493,16.0514246575342,676.47
"5336","RON04",1956,4.00286885245902,13.9576775956284,671.07
"5337","RON04",1957,5.04443835616438,15.351095890411,639.98
"5338","RON04",1958,4.42950684931507,15.6279452054795,783.61
"5339","RON04",1959,4.29783561643836,15.6866575342466,1076.69
"5340","RON04",1960,3.65021857923497,15.2796994535519,1114.35
"5341","RON04",1961,3.86882191780822,17.3029863013699,978.17
"5342","RON04",1962,3.3201095890411,16.3481917808219,790.83
"5343","RON04",1963,2.42484931506849,15.1487671232877,1004.76
"5344","RON04",1964,3.33789617486339,16.6584153005464,774.4
"5345","RON04",1965,3.3087397260274,15.4614246575342,952.85
"5346","RON04",1966,4.53205479452055,15.7820273972603,1118
"5347","RON04",1967,4.07279452054795,16.2758904109589,789.77
"5348","RON04",1968,4.66273224043716,15.7908196721311,915.18
"5349","RON04",1969,4.58835616438356,14.6333698630137,1005.75
"5350","RON04",1970,4.33635616438356,15.9329589041096,720
"5351","RON04",1971,4.20756164383562,15.174,978.74
"5352","RON04",1972,3.52177595628415,14.4003825136612,1076.38
"5353","RON04",1973,4.17032876712329,15.853095890411,758.88
"5354","RON04",1974,3.92753424657534,15.1319452054795,901.31
"5355","RON04",1975,3.87435616438356,15.5702465753425,830.74
"5356","RON04",1976,3.62994535519126,15.7555737704918,914.83
"5357","RON04",1977,3.79687671232877,15.3324109589041,952.66
"5358","RON04",1978,2.9638904109589,15.5924931506849,932.98
"5359","RON04",1979,4.46567123287671,15.0015616438356,1109.07
"5360","RON04",1980,3.82852459016393,15.7441256830601,852.16
"5361","RON04",1981,4.79854794520548,16.6452328767123,874.73
"5362","RON04",1982,5.36701369863014,16.1952876712329,963.74
"5363","RON04",1983,5.39032876712329,16.8047945205479,672.3
"5364","RON04",1984,4.38385245901639,15.0658469945355,990.02
"5365","RON04",1985,4.74915068493151,16.3546849315068,709.61
"5366","RON04",1986,5.07994520547945,15.6985753424658,835.91
"5367","RON04",1987,5.63441095890411,16.1639726027397,817.32
"5368","RON04",1988,5.55393442622951,16.0660655737705,901.61
"5369","RON04",1989,6.46298630136986,17.1858082191781,713.87
"5370","RON04",1990,5.92578082191781,16.9995068493151,802.12
"5371","RON04",1991,5.34542465753425,15.65,728.47
"5372","RON04",1992,5.3094262295082,15.6396448087432,954.75
"5373","RON04",1993,4.79175342465753,15.7312602739726,856.97
"5374","RON04",1994,6.04079452054795,16.9807397260274,831.68
"5375","RON04",1995,6.07509589041096,16.8770136986301,782.02
"5376","RON04",1996,5.86073770491803,15.231174863388,1012.09
"5377","RON04",1997,7.1281095890411,16.7532054794521,930.73
"5378","RON04",1998,6.1046301369863,15.748,857.38
"5379","RON04",1999,6.15838356164384,15.0895616438356,963.49
"5380","RON04",2000,6.16868852459016,16.001393442623,1041.57
"5381","RON04",2001,6.25268493150685,15.7546575342466,808.75
"5382","RON04",2002,6.87983561643836,15.0815616438356,1374.44
"5383","RON04",2003,7.27991780821918,15.7690684931507,1093.2
"5384","RON04",2004,5.74412568306011,15.7052732240437,840.33
"5385","RON04",2005,6.00649315068493,14.7605205479452,1010.01
"5386","RON04",2006,7.22523287671233,16.1740547945205,938.85
"5387","RON04",2007,5.92265753424658,15.3478904109589,1142.95
"5388","RON04",2008,5.9855737704918,14.6096174863388,1430.46
"5389","RON04",2009,6.63890410958904,15.497698630137,1326.14
"5390","RON04",2010,5.67375342465753,13.8847671232877,1181.05
"5391","RON04",2011,7.43758904109589,16.2868493150685,1186.95
"5392","RON04",2012,6.6124043715847,15.6638797814208,1219.81
"5393","RON04",2013,6.23408219178082,14.307397260274,1689.98
"5394","RON04",2014,7.21512328767123,15.5440821917808,1576.6
"5395","RON04",2015,7.11350684931507,16.2645205479452,1334.91
"5396","RON04",2016,6.76554644808743,15.3768032786885,1182.8
"5397","RON04",2017,6.75619178082192,16.2124383561644,1260.11
"5398","RON04",2018,7.00876712328767,15.2524657534247,1544.18
"5399","RON04",2019,6.69580821917808,16.0327945205479,1448.92
"5400","RON04",2020,7.2325956284153,16.5275409836066,1207.06
"5401","RON04",2021,6.39298630136986,16.2201369863014,736.28
"5402","RON04",2022,7.80224657534247,18.4780547945205,535.42
"5403","RON05",1950,6.03353424657534,15.9839178082192,845.56
"5404","RON05",1951,5.34265753424657,14.4447671232877,1008.42
"5405","RON05",1952,6.15997267759563,15.5232513661202,877.25
"5406","RON05",1953,5.36432876712329,16.0520273972603,576.58
"5407","RON05",1954,4.76904109589041,14.9741369863014,766.68
"5408","RON05",1955,6.14567123287671,16.3290684931507,669.74
"5409","RON05",1956,4.26598360655738,14.233825136612,665.57
"5410","RON05",1957,5.30413698630137,15.6247671232877,632.62
"5411","RON05",1958,4.70542465753425,15.9047945205479,779.59
"5412","RON05",1959,4.57567123287671,15.9647397260274,1072.53
"5413","RON05",1960,3.92975409836066,15.5547267759563,1106.88
"5414","RON05",1961,4.15194520547945,17.5682739726027,974.2
"5415","RON05",1962,3.60441095890411,16.6169589041096,785.49
"5416","RON05",1963,2.70479452054795,15.4162191780822,997.63
"5417","RON05",1964,3.61379781420765,16.9157923497268,768.41
"5418","RON05",1965,3.58268493150685,15.7248767123288,947.51
"5419","RON05",1966,4.79961643835616,16.0497534246575,1107.23
"5420","RON05",1967,4.34117808219178,16.5352876712329,784.85
"5421","RON05",1968,4.93907103825137,16.0546448087432,910.26
"5422","RON05",1969,4.86523287671233,14.9029315068493,995.94
"5423","RON05",1970,4.6166301369863,16.1940273972603,711.45
"5424","RON05",1971,4.48802739726027,15.4411232876712,968.73
"5425","RON05",1972,3.80275956284153,14.6722677595628,1070.08
"5426","RON05",1973,4.44972602739726,16.1129589041096,752.94
"5427","RON05",1974,4.20997260273973,15.3979726027397,894.39
"5428","RON05",1975,4.15750684931507,15.8346849315068,825.44
"5429","RON05",1976,3.91360655737705,16.0227322404372,908.73
"5430","RON05",1977,4.08353424657534,15.6008219178082,942.78
"5431","RON05",1978,3.25523287671233,15.8571506849315,923.12
"5432","RON05",1979,4.7413698630137,15.2704109589041,1097.34
"5433","RON05",1980,4.10693989071038,16.003087431694,845.05
"5434","RON05",1981,5.07761643835616,16.9107671232877,866.32
"5435","RON05",1982,5.64468493150685,16.4675616438356,955.32
"5436","RON05",1983,5.66235616438356,17.0684657534247,667.71
"5437","RON05",1984,4.66068306010929,15.3377049180328,981.21
"5438","RON05",1985,5.01827397260274,16.6216438356164,702.14
"5439","RON05",1986,5.34706849315068,15.9676712328767,828.25
"5440","RON05",1987,5.90515068493151,16.4247945205479,808.86
"5441","RON05",1988,5.82418032786885,16.3310655737705,893.12
"5442","RON05",1989,6.71953424657534,17.4512054794521,708.2
"5443","RON05",1990,6.18841095890411,17.2642739726027,793.7
"5444","RON05",1991,5.61249315068493,15.9169589041096,723.01
"5445","RON05",1992,5.58005464480874,15.9014754098361,945.82
"5446","RON05",1993,5.06230136986301,15.9976164383562,848.55
"5447","RON05",1994,6.30767123287671,17.2469863013699,822.71
"5448","RON05",1995,6.33808219178082,17.1553698630137,770.71
"5449","RON05",1996,6.12166666666667,15.5046994535519,1003.22
"5450","RON05",1997,7.38295890410959,17.0291780821918,921.66
"5451","RON05",1998,6.36252054794521,16.0197534246575,849.85
"5452","RON05",1999,6.42252054794521,15.3609589041096,954.85
"5453","RON05",2000,6.42734972677596,16.2763661202186,1033.21
"5454","RON05",2001,6.50994520547945,16.0349315068493,799.49
"5455","RON05",2002,7.13150684931507,15.3803561643836,1355.27
"5456","RON05",2003,7.53249315068493,16.0646849315069,1078.92
"5457","RON05",2004,6.00877049180328,15.9821857923497,833.87
"5458","RON05",2005,6.24972602739726,15.049698630137,1001.96
"5459","RON05",2006,7.46528767123288,16.4555068493151,932.15
"5460","RON05",2007,6.16356164383562,15.6269589041096,1134.54
"5461","RON05",2008,6.23008196721312,14.903306010929,1418
"5462","RON05",2009,6.88597260273973,15.790301369863,1316.83
"5463","RON05",2010,5.92980821917808,14.1871232876712,1172.15
"5464","RON05",2011,7.68120547945206,16.5832602739726,1177.79
"5465","RON05",2012,6.8572131147541,15.9587431693989,1209.14
"5466","RON05",2013,6.49071232876712,14.6125753424658,1674.94
"5467","RON05",2014,7.47134246575342,15.8459726027397,1565.41
"5468","RON05",2015,7.36019178082192,16.5517260273973,1326.39
"5469","RON05",2016,7.01265027322404,15.6755464480874,1173.49
"5470","RON05",2017,7.00252054794521,16.5058082191781,1251.92
"5471","RON05",2018,7.26460273972603,15.5514246575342,1531.27
"5472","RON05",2019,6.93654794520548,16.331397260274,1438.68
"5473","RON05",2020,7.46743169398907,16.825737704918,1197.17
"5474","RON05",2021,6.65468493150685,16.5025479452055,729.51
"5475","RON05",2022,8.05827397260274,18.7635342465753,531.09
"5476","RON06",1950,5.7607397260274,15.7138904109589,848.09
"5477","RON06",1951,5.07293150684932,14.1650410958904,1013
"5478","RON06",1952,5.89510928961749,15.2552459016393,879.74
"5479","RON06",1953,5.11334246575342,15.7843561643836,580.22
"5480","RON06",1954,4.50942465753425,14.7010684931507,771.81
"5481","RON06",1955,5.88649315068493,16.0514246575342,676.47
"5482","RON06",1956,4.00286885245902,13.9576775956284,671.07
"5483","RON06",1957,5.04443835616438,15.351095890411,639.98
"5484","RON06",1958,4.42950684931507,15.6279452054795,783.61
"5485","RON06",1959,4.29783561643836,15.6866575342466,1076.69
"5486","RON06",1960,3.65021857923497,15.2796994535519,1114.35
"5487","RON06",1961,3.86882191780822,17.3029863013699,978.17
"5488","RON06",1962,3.3201095890411,16.3481917808219,790.83
"5489","RON06",1963,2.42484931506849,15.1487671232877,1004.76
"5490","RON06",1964,3.33789617486339,16.6584153005464,774.4
"5491","RON06",1965,3.3087397260274,15.4614246575342,952.85
"5492","RON06",1966,4.53205479452055,15.7820273972603,1118
"5493","RON06",1967,4.07279452054795,16.2758904109589,789.77
"5494","RON06",1968,4.66273224043716,15.7908196721311,915.18
"5495","RON06",1969,4.58835616438356,14.6333698630137,1005.75
"5496","RON06",1970,4.33635616438356,15.9329589041096,720
"5497","RON06",1971,4.20756164383562,15.174,978.74
"5498","RON06",1972,3.52177595628415,14.4003825136612,1076.38
"5499","RON06",1973,4.17032876712329,15.853095890411,758.88
"5500","RON06",1974,3.92753424657534,15.1319452054795,901.31
"5501","RON06",1975,3.87435616438356,15.5702465753425,830.74
"5502","RON06",1976,3.62994535519126,15.7555737704918,914.83
"5503","RON06",1977,3.79687671232877,15.3324109589041,952.66
"5504","RON06",1978,2.9638904109589,15.5924931506849,932.98
"5505","RON06",1979,4.46567123287671,15.0015616438356,1109.07
"5506","RON06",1980,3.82852459016393,15.7441256830601,852.16
"5507","RON06",1981,4.79854794520548,16.6452328767123,874.73
"5508","RON06",1982,5.36701369863014,16.1952876712329,963.74
"5509","RON06",1983,5.39032876712329,16.8047945205479,672.3
"5510","RON06",1984,4.38385245901639,15.0658469945355,990.02
"5511","RON06",1985,4.74915068493151,16.3546849315068,709.61
"5512","RON06",1986,5.07994520547945,15.6985753424658,835.91
"5513","RON06",1987,5.63441095890411,16.1639726027397,817.32
"5514","RON06",1988,5.55393442622951,16.0660655737705,901.61
"5515","RON06",1989,6.46298630136986,17.1858082191781,713.87
"5516","RON06",1990,5.92578082191781,16.9995068493151,802.12
"5517","RON06",1991,5.34542465753425,15.65,728.47
"5518","RON06",1992,5.3094262295082,15.6396448087432,954.75
"5519","RON06",1993,4.79175342465753,15.7312602739726,856.97
"5520","RON06",1994,6.04079452054795,16.9807397260274,831.68
"5521","RON06",1995,6.07509589041096,16.8770136986301,782.02
"5522","RON06",1996,5.86073770491803,15.231174863388,1012.09
"5523","RON06",1997,7.1281095890411,16.7532054794521,930.73
"5524","RON06",1998,6.1046301369863,15.748,857.38
"5525","RON06",1999,6.15838356164384,15.0895616438356,963.49
"5526","RON06",2000,6.16868852459016,16.001393442623,1041.57
"5527","RON06",2001,6.25268493150685,15.7546575342466,808.75
"5528","RON06",2002,6.87983561643836,15.0815616438356,1374.44
"5529","RON06",2003,7.27991780821918,15.7690684931507,1093.2
"5530","RON06",2004,5.74412568306011,15.7052732240437,840.33
"5531","RON06",2005,6.00649315068493,14.7605205479452,1010.01
"5532","RON06",2006,7.22523287671233,16.1740547945205,938.85
"5533","RON06",2007,5.92265753424658,15.3478904109589,1142.95
"5534","RON06",2008,5.9855737704918,14.6096174863388,1430.46
"5535","RON06",2009,6.63890410958904,15.497698630137,1326.14
"5536","RON06",2010,5.67375342465753,13.8847671232877,1181.05
"5537","RON06",2011,7.43758904109589,16.2868493150685,1186.95
"5538","RON06",2012,6.6124043715847,15.6638797814208,1219.81
"5539","RON06",2013,6.23408219178082,14.307397260274,1689.98
"5540","RON06",2014,7.21512328767123,15.5440821917808,1576.6
"5541","RON06",2015,7.11350684931507,16.2645205479452,1334.91
"5542","RON06",2016,6.76554644808743,15.3768032786885,1182.8
"5543","RON06",2017,6.75619178082192,16.2124383561644,1260.11
"5544","RON06",2018,7.00876712328767,15.2524657534247,1544.18
"5545","RON06",2019,6.69580821917808,16.0327945205479,1448.92
"5546","RON06",2020,7.2325956284153,16.5275409836066,1207.06
"5547","RON06",2021,6.39298630136986,16.2201369863014,736.28
"5548","RON06",2022,7.80224657534247,18.4780547945205,535.42
"5549","SAR01",1950,5.9341095890411,15.7806575342466,901.9
"5550","SAR01",1951,5.26117808219178,14.297397260274,1036.05
"5551","SAR01",1952,6.01502732240437,15.3075136612022,898.06
"5552","SAR01",1953,5.18241095890411,15.8935068493151,592.07
"5553","SAR01",1954,4.61008219178082,14.8679178082192,772.08
"5554","SAR01",1955,5.99331506849315,16.2458082191781,702.29
"5555","SAR01",1956,4.09322404371585,14.1369672131148,667.4
"5556","SAR01",1957,5.14134246575343,15.4940821917808,643.41
"5557","SAR01",1958,4.72454794520548,15.7376438356164,803.83
"5558","SAR01",1959,4.68169863013699,15.8302465753425,1082.48
"5559","SAR01",1960,4.01606557377049,15.3797540983607,1103.56
"5560","SAR01",1961,4.29575342465753,17.3404931506849,1007.6
"5561","SAR01",1962,3.67961643835616,16.4024931506849,779.03
"5562","SAR01",1963,2.79572602739726,15.1271780821918,1018.26
"5563","SAR01",1964,3.6679781420765,16.5720765027322,763.84
"5564","SAR01",1965,3.58602739726027,15.3861917808219,977.07
"5565","SAR01",1966,4.69167123287671,15.7426575342466,1112.94
"5566","SAR01",1967,4.25005479452055,16.1658356164384,840.93
"5567","SAR01",1968,4.90562841530055,15.7249453551913,944.52
"5568","SAR01",1969,4.86594520547945,14.5891780821918,1010.39
"5569","SAR01",1970,4.62441095890411,15.8428493150685,725.46
"5570","SAR01",1971,4.52808219178082,15.1306575342466,977.58
"5571","SAR01",1972,3.87158469945355,14.3362295081967,1078.67
"5572","SAR01",1973,4.53824657534247,15.7438630136986,756.2
"5573","SAR01",1974,4.30405479452055,15.0591506849315,916.67
"5574","SAR01",1975,4.28106849315069,15.4934520547945,871.4
"5575","SAR01",1976,4.10144808743169,15.6820218579235,919.05
"5576","SAR01",1977,4.23279452054795,15.2598356164384,920.67
"5577","SAR01",1978,3.4987397260274,15.5025479452055,920.62
"5578","SAR01",1979,4.74772602739726,14.9692054794521,1124.74
"5579","SAR01",1980,4.14393442622951,15.5995355191257,870.27
"5580","SAR01",1981,5.05350684931507,16.5789589041096,877.74
"5581","SAR01",1982,5.61501369863014,16.1811780821918,958.58
"5582","SAR01",1983,5.60591780821918,16.7424109589041,691.62
"5583","SAR01",1984,4.63196721311475,14.9986338797814,1019.18
"5584","SAR01",1985,4.94123287671233,16.2934794520548,704.57
"5585","SAR01",1986,5.24772602739726,15.6473424657534,832.96
"5586","SAR01",1987,5.8007397260274,16.093698630137,798.77
"5587","SAR01",1988,5.72245901639344,15.9773770491803,902.24
"5588","SAR01",1989,6.57860273972603,17.1386301369863,700.86
"5589","SAR01",1990,6.06117808219178,16.9572054794521,791.16
"5590","SAR01",1991,5.54334246575342,15.6226849315068,738.36
"5591","SAR01",1992,5.53445355191257,15.6043715846995,948.97
"5592","SAR01",1993,5.05241095890411,15.7049863013699,872.79
"5593","SAR01",1994,6.24331506849315,16.9462465753425,809.01
"5594","SAR01",1995,6.18339726027397,16.9082465753425,758.52
"5595","SAR01",1996,5.93937158469945,15.2717213114754,1012.36
"5596","SAR01",1997,7.17704109589041,16.8738082191781,971.44
"5597","SAR01",1998,6.17413698630137,15.8138356164384,856.04
"5598","SAR01",1999,6.29372602739726,15.1403561643836,941.38
"5599","SAR01",2000,6.28439890710383,16.1301912568306,1037.06
"5600","SAR01",2001,6.36597260273973,15.8926849315068,804.21
"5601","SAR01",2002,6.93569863013699,15.2335890410959,1337.42
"5602","SAR01",2003,7.39098630136986,15.9295890410959,1082.46
"5603","SAR01",2004,5.87213114754098,15.81,846.29
"5604","SAR01",2005,6.08309589041096,14.8805205479452,1042.94
"5605","SAR01",2006,7.32249315068493,16.2636164383562,934.8
"5606","SAR01",2007,5.93783561643836,15.4346301369863,1153.68
"5607","SAR01",2008,5.9957650273224,14.7393989071038,1445.62
"5608","SAR01",2009,6.67350684931507,15.6366301369863,1343.61
"5609","SAR01",2010,5.73731506849315,14.0178630136986,1215.43
"5610","SAR01",2011,7.50553424657534,16.469397260274,1179.36
"5611","SAR01",2012,6.69210382513661,15.8047267759563,1234.57
"5612","SAR01",2013,6.35334246575342,14.4459178082192,1748.53
"5613","SAR01",2014,7.28356164383562,15.6428219178082,1649.59
"5614","SAR01",2015,7.14764383561644,16.3755616438356,1366.97
"5615","SAR01",2016,6.83748633879781,15.4984153005464,1191.32
"5616","SAR01",2017,6.84145205479452,16.4146575342466,1296.62
"5617","SAR01",2018,7.11123287671233,15.3878904109589,1570.44
"5618","SAR01",2019,6.78643835616438,16.1779452054795,1487.55
"5619","SAR01",2020,7.30292349726776,16.6841530054645,1220.47
"5620","SAR01",2021,6.50676712328767,16.3585205479452,744.85
"5621","SAR01",2022,7.88983561643836,18.6150410958904,545.3
"5622","SAR02",1950,5.9341095890411,15.7806575342466,901.9
"5623","SAR02",1951,5.26117808219178,14.297397260274,1036.05
"5624","SAR02",1952,6.01502732240437,15.3075136612022,898.06
"5625","SAR02",1953,5.18241095890411,15.8935068493151,592.07
"5626","SAR02",1954,4.61008219178082,14.8679178082192,772.08
"5627","SAR02",1955,5.99331506849315,16.2458082191781,702.29
"5628","SAR02",1956,4.09322404371585,14.1369672131148,667.4
"5629","SAR02",1957,5.14134246575343,15.4940821917808,643.41
"5630","SAR02",1958,4.72454794520548,15.7376438356164,803.83
"5631","SAR02",1959,4.68169863013699,15.8302465753425,1082.48
"5632","SAR02",1960,4.01606557377049,15.3797540983607,1103.56
"5633","SAR02",1961,4.29575342465753,17.3404931506849,1007.6
"5634","SAR02",1962,3.67961643835616,16.4024931506849,779.03
"5635","SAR02",1963,2.79572602739726,15.1271780821918,1018.26
"5636","SAR02",1964,3.6679781420765,16.5720765027322,763.84
"5637","SAR02",1965,3.58602739726027,15.3861917808219,977.07
"5638","SAR02",1966,4.69167123287671,15.7426575342466,1112.94
"5639","SAR02",1967,4.25005479452055,16.1658356164384,840.93
"5640","SAR02",1968,4.90562841530055,15.7249453551913,944.52
"5641","SAR02",1969,4.86594520547945,14.5891780821918,1010.39
"5642","SAR02",1970,4.62441095890411,15.8428493150685,725.46
"5643","SAR02",1971,4.52808219178082,15.1306575342466,977.58
"5644","SAR02",1972,3.87158469945355,14.3362295081967,1078.67
"5645","SAR02",1973,4.53824657534247,15.7438630136986,756.2
"5646","SAR02",1974,4.30405479452055,15.0591506849315,916.67
"5647","SAR02",1975,4.28106849315069,15.4934520547945,871.4
"5648","SAR02",1976,4.10144808743169,15.6820218579235,919.05
"5649","SAR02",1977,4.23279452054795,15.2598356164384,920.67
"5650","SAR02",1978,3.4987397260274,15.5025479452055,920.62
"5651","SAR02",1979,4.74772602739726,14.9692054794521,1124.74
"5652","SAR02",1980,4.14393442622951,15.5995355191257,870.27
"5653","SAR02",1981,5.05350684931507,16.5789589041096,877.74
"5654","SAR02",1982,5.61501369863014,16.1811780821918,958.58
"5655","SAR02",1983,5.60591780821918,16.7424109589041,691.62
"5656","SAR02",1984,4.63196721311475,14.9986338797814,1019.18
"5657","SAR02",1985,4.94123287671233,16.2934794520548,704.57
"5658","SAR02",1986,5.24772602739726,15.6473424657534,832.96
"5659","SAR02",1987,5.8007397260274,16.093698630137,798.77
"5660","SAR02",1988,5.72245901639344,15.9773770491803,902.24
"5661","SAR02",1989,6.57860273972603,17.1386301369863,700.86
"5662","SAR02",1990,6.06117808219178,16.9572054794521,791.16
"5663","SAR02",1991,5.54334246575342,15.6226849315068,738.36
"5664","SAR02",1992,5.53445355191257,15.6043715846995,948.97
"5665","SAR02",1993,5.05241095890411,15.7049863013699,872.79
"5666","SAR02",1994,6.24331506849315,16.9462465753425,809.01
"5667","SAR02",1995,6.18339726027397,16.9082465753425,758.52
"5668","SAR02",1996,5.93937158469945,15.2717213114754,1012.36
"5669","SAR02",1997,7.17704109589041,16.8738082191781,971.44
"5670","SAR02",1998,6.17413698630137,15.8138356164384,856.04
"5671","SAR02",1999,6.29372602739726,15.1403561643836,941.38
"5672","SAR02",2000,6.28439890710383,16.1301912568306,1037.06
"5673","SAR02",2001,6.36597260273973,15.8926849315068,804.21
"5674","SAR02",2002,6.93569863013699,15.2335890410959,1337.42
"5675","SAR02",2003,7.39098630136986,15.9295890410959,1082.46
"5676","SAR02",2004,5.87213114754098,15.81,846.29
"5677","SAR02",2005,6.08309589041096,14.8805205479452,1042.94
"5678","SAR02",2006,7.32249315068493,16.2636164383562,934.8
"5679","SAR02",2007,5.93783561643836,15.4346301369863,1153.68
"5680","SAR02",2008,5.9957650273224,14.7393989071038,1445.62
"5681","SAR02",2009,6.67350684931507,15.6366301369863,1343.61
"5682","SAR02",2010,5.73731506849315,14.0178630136986,1215.43
"5683","SAR02",2011,7.50553424657534,16.469397260274,1179.36
"5684","SAR02",2012,6.69210382513661,15.8047267759563,1234.57
"5685","SAR02",2013,6.35334246575342,14.4459178082192,1748.53
"5686","SAR02",2014,7.28356164383562,15.6428219178082,1649.59
"5687","SAR02",2015,7.14764383561644,16.3755616438356,1366.97
"5688","SAR02",2016,6.83748633879781,15.4984153005464,1191.32
"5689","SAR02",2017,6.84145205479452,16.4146575342466,1296.62
"5690","SAR02",2018,7.11123287671233,15.3878904109589,1570.44
"5691","SAR02",2019,6.78643835616438,16.1779452054795,1487.55
"5692","SAR02",2020,7.30292349726776,16.6841530054645,1220.47
"5693","SAR02",2021,6.50676712328767,16.3585205479452,744.85
"5694","SAR02",2022,7.88983561643836,18.6150410958904,545.3
"5695","SAR03",1950,5.9341095890411,15.7806575342466,901.9
"5696","SAR03",1951,5.26117808219178,14.297397260274,1036.05
"5697","SAR03",1952,6.01502732240437,15.3075136612022,898.06
"5698","SAR03",1953,5.18241095890411,15.8935068493151,592.07
"5699","SAR03",1954,4.61008219178082,14.8679178082192,772.08
"5700","SAR03",1955,5.99331506849315,16.2458082191781,702.29
"5701","SAR03",1956,4.09322404371585,14.1369672131148,667.4
"5702","SAR03",1957,5.14134246575343,15.4940821917808,643.41
"5703","SAR03",1958,4.72454794520548,15.7376438356164,803.83
"5704","SAR03",1959,4.68169863013699,15.8302465753425,1082.48
"5705","SAR03",1960,4.01606557377049,15.3797540983607,1103.56
"5706","SAR03",1961,4.29575342465753,17.3404931506849,1007.6
"5707","SAR03",1962,3.67961643835616,16.4024931506849,779.03
"5708","SAR03",1963,2.79572602739726,15.1271780821918,1018.26
"5709","SAR03",1964,3.6679781420765,16.5720765027322,763.84
"5710","SAR03",1965,3.58602739726027,15.3861917808219,977.07
"5711","SAR03",1966,4.69167123287671,15.7426575342466,1112.94
"5712","SAR03",1967,4.25005479452055,16.1658356164384,840.93
"5713","SAR03",1968,4.90562841530055,15.7249453551913,944.52
"5714","SAR03",1969,4.86594520547945,14.5891780821918,1010.39
"5715","SAR03",1970,4.62441095890411,15.8428493150685,725.46
"5716","SAR03",1971,4.52808219178082,15.1306575342466,977.58
"5717","SAR03",1972,3.87158469945355,14.3362295081967,1078.67
"5718","SAR03",1973,4.53824657534247,15.7438630136986,756.2
"5719","SAR03",1974,4.30405479452055,15.0591506849315,916.67
"5720","SAR03",1975,4.28106849315069,15.4934520547945,871.4
"5721","SAR03",1976,4.10144808743169,15.6820218579235,919.05
"5722","SAR03",1977,4.23279452054795,15.2598356164384,920.67
"5723","SAR03",1978,3.4987397260274,15.5025479452055,920.62
"5724","SAR03",1979,4.74772602739726,14.9692054794521,1124.74
"5725","SAR03",1980,4.14393442622951,15.5995355191257,870.27
"5726","SAR03",1981,5.05350684931507,16.5789589041096,877.74
"5727","SAR03",1982,5.61501369863014,16.1811780821918,958.58
"5728","SAR03",1983,5.60591780821918,16.7424109589041,691.62
"5729","SAR03",1984,4.63196721311475,14.9986338797814,1019.18
"5730","SAR03",1985,4.94123287671233,16.2934794520548,704.57
"5731","SAR03",1986,5.24772602739726,15.6473424657534,832.96
"5732","SAR03",1987,5.8007397260274,16.093698630137,798.77
"5733","SAR03",1988,5.72245901639344,15.9773770491803,902.24
"5734","SAR03",1989,6.57860273972603,17.1386301369863,700.86
"5735","SAR03",1990,6.06117808219178,16.9572054794521,791.16
"5736","SAR03",1991,5.54334246575342,15.6226849315068,738.36
"5737","SAR03",1992,5.53445355191257,15.6043715846995,948.97
"5738","SAR03",1993,5.05241095890411,15.7049863013699,872.79
"5739","SAR03",1994,6.24331506849315,16.9462465753425,809.01
"5740","SAR03",1995,6.18339726027397,16.9082465753425,758.52
"5741","SAR03",1996,5.93937158469945,15.2717213114754,1012.36
"5742","SAR03",1997,7.17704109589041,16.8738082191781,971.44
"5743","SAR03",1998,6.17413698630137,15.8138356164384,856.04
"5744","SAR03",1999,6.29372602739726,15.1403561643836,941.38
"5745","SAR03",2000,6.28439890710383,16.1301912568306,1037.06
"5746","SAR03",2001,6.36597260273973,15.8926849315068,804.21
"5747","SAR03",2002,6.93569863013699,15.2335890410959,1337.42
"5748","SAR03",2003,7.39098630136986,15.9295890410959,1082.46
"5749","SAR03",2004,5.87213114754098,15.81,846.29
"5750","SAR03",2005,6.08309589041096,14.8805205479452,1042.94
"5751","SAR03",2006,7.32249315068493,16.2636164383562,934.8
"5752","SAR03",2007,5.93783561643836,15.4346301369863,1153.68
"5753","SAR03",2008,5.9957650273224,14.7393989071038,1445.62
"5754","SAR03",2009,6.67350684931507,15.6366301369863,1343.61
"5755","SAR03",2010,5.73731506849315,14.0178630136986,1215.43
"5756","SAR03",2011,7.50553424657534,16.469397260274,1179.36
"5757","SAR03",2012,6.69210382513661,15.8047267759563,1234.57
"5758","SAR03",2013,6.35334246575342,14.4459178082192,1748.53
"5759","SAR03",2014,7.28356164383562,15.6428219178082,1649.59
"5760","SAR03",2015,7.14764383561644,16.3755616438356,1366.97
"5761","SAR03",2016,6.83748633879781,15.4984153005464,1191.32
"5762","SAR03",2017,6.84145205479452,16.4146575342466,1296.62
"5763","SAR03",2018,7.11123287671233,15.3878904109589,1570.44
"5764","SAR03",2019,6.78643835616438,16.1779452054795,1487.55
"5765","SAR03",2020,7.30292349726776,16.6841530054645,1220.47
"5766","SAR03",2021,6.50676712328767,16.3585205479452,744.85
"5767","SAR03",2022,7.88983561643836,18.6150410958904,545.3
"5768","SAR04",1950,5.9341095890411,15.7806575342466,901.9
"5769","SAR04",1951,5.26117808219178,14.297397260274,1036.05
"5770","SAR04",1952,6.01502732240437,15.3075136612022,898.06
"5771","SAR04",1953,5.18241095890411,15.8935068493151,592.07
"5772","SAR04",1954,4.61008219178082,14.8679178082192,772.08
"5773","SAR04",1955,5.99331506849315,16.2458082191781,702.29
"5774","SAR04",1956,4.09322404371585,14.1369672131148,667.4
"5775","SAR04",1957,5.14134246575343,15.4940821917808,643.41
"5776","SAR04",1958,4.72454794520548,15.7376438356164,803.83
"5777","SAR04",1959,4.68169863013699,15.8302465753425,1082.48
"5778","SAR04",1960,4.01606557377049,15.3797540983607,1103.56
"5779","SAR04",1961,4.29575342465753,17.3404931506849,1007.6
"5780","SAR04",1962,3.67961643835616,16.4024931506849,779.03
"5781","SAR04",1963,2.79572602739726,15.1271780821918,1018.26
"5782","SAR04",1964,3.6679781420765,16.5720765027322,763.84
"5783","SAR04",1965,3.58602739726027,15.3861917808219,977.07
"5784","SAR04",1966,4.69167123287671,15.7426575342466,1112.94
"5785","SAR04",1967,4.25005479452055,16.1658356164384,840.93
"5786","SAR04",1968,4.90562841530055,15.7249453551913,944.52
"5787","SAR04",1969,4.86594520547945,14.5891780821918,1010.39
"5788","SAR04",1970,4.62441095890411,15.8428493150685,725.46
"5789","SAR04",1971,4.52808219178082,15.1306575342466,977.58
"5790","SAR04",1972,3.87158469945355,14.3362295081967,1078.67
"5791","SAR04",1973,4.53824657534247,15.7438630136986,756.2
"5792","SAR04",1974,4.30405479452055,15.0591506849315,916.67
"5793","SAR04",1975,4.28106849315069,15.4934520547945,871.4
"5794","SAR04",1976,4.10144808743169,15.6820218579235,919.05
"5795","SAR04",1977,4.23279452054795,15.2598356164384,920.67
"5796","SAR04",1978,3.4987397260274,15.5025479452055,920.62
"5797","SAR04",1979,4.74772602739726,14.9692054794521,1124.74
"5798","SAR04",1980,4.14393442622951,15.5995355191257,870.27
"5799","SAR04",1981,5.05350684931507,16.5789589041096,877.74
"5800","SAR04",1982,5.61501369863014,16.1811780821918,958.58
"5801","SAR04",1983,5.60591780821918,16.7424109589041,691.62
"5802","SAR04",1984,4.63196721311475,14.9986338797814,1019.18
"5803","SAR04",1985,4.94123287671233,16.2934794520548,704.57
"5804","SAR04",1986,5.24772602739726,15.6473424657534,832.96
"5805","SAR04",1987,5.8007397260274,16.093698630137,798.77
"5806","SAR04",1988,5.72245901639344,15.9773770491803,902.24
"5807","SAR04",1989,6.57860273972603,17.1386301369863,700.86
"5808","SAR04",1990,6.06117808219178,16.9572054794521,791.16
"5809","SAR04",1991,5.54334246575342,15.6226849315068,738.36
"5810","SAR04",1992,5.53445355191257,15.6043715846995,948.97
"5811","SAR04",1993,5.05241095890411,15.7049863013699,872.79
"5812","SAR04",1994,6.24331506849315,16.9462465753425,809.01
"5813","SAR04",1995,6.18339726027397,16.9082465753425,758.52
"5814","SAR04",1996,5.93937158469945,15.2717213114754,1012.36
"5815","SAR04",1997,7.17704109589041,16.8738082191781,971.44
"5816","SAR04",1998,6.17413698630137,15.8138356164384,856.04
"5817","SAR04",1999,6.29372602739726,15.1403561643836,941.38
"5818","SAR04",2000,6.28439890710383,16.1301912568306,1037.06
"5819","SAR04",2001,6.36597260273973,15.8926849315068,804.21
"5820","SAR04",2002,6.93569863013699,15.2335890410959,1337.42
"5821","SAR04",2003,7.39098630136986,15.9295890410959,1082.46
"5822","SAR04",2004,5.87213114754098,15.81,846.29
"5823","SAR04",2005,6.08309589041096,14.8805205479452,1042.94
"5824","SAR04",2006,7.32249315068493,16.2636164383562,934.8
"5825","SAR04",2007,5.93783561643836,15.4346301369863,1153.68
"5826","SAR04",2008,5.9957650273224,14.7393989071038,1445.62
"5827","SAR04",2009,6.67350684931507,15.6366301369863,1343.61
"5828","SAR04",2010,5.73731506849315,14.0178630136986,1215.43
"5829","SAR04",2011,7.50553424657534,16.469397260274,1179.36
"5830","SAR04",2012,6.69210382513661,15.8047267759563,1234.57
"5831","SAR04",2013,6.35334246575342,14.4459178082192,1748.53
"5832","SAR04",2014,7.28356164383562,15.6428219178082,1649.59
"5833","SAR04",2015,7.14764383561644,16.3755616438356,1366.97
"5834","SAR04",2016,6.83748633879781,15.4984153005464,1191.32
"5835","SAR04",2017,6.84145205479452,16.4146575342466,1296.62
"5836","SAR04",2018,7.11123287671233,15.3878904109589,1570.44
"5837","SAR04",2019,6.78643835616438,16.1779452054795,1487.55
"5838","SAR04",2020,7.30292349726776,16.6841530054645,1220.47
"5839","SAR04",2021,6.50676712328767,16.3585205479452,744.85
"5840","SAR04",2022,7.88983561643836,18.6150410958904,545.3
"5841","SAR05",1950,5.9341095890411,15.7806575342466,901.9
"5842","SAR05",1951,5.26117808219178,14.297397260274,1036.05
"5843","SAR05",1952,6.01502732240437,15.3075136612022,898.06
"5844","SAR05",1953,5.18241095890411,15.8935068493151,592.07
"5845","SAR05",1954,4.61008219178082,14.8679178082192,772.08
"5846","SAR05",1955,5.99331506849315,16.2458082191781,702.29
"5847","SAR05",1956,4.09322404371585,14.1369672131148,667.4
"5848","SAR05",1957,5.14134246575343,15.4940821917808,643.41
"5849","SAR05",1958,4.72454794520548,15.7376438356164,803.83
"5850","SAR05",1959,4.68169863013699,15.8302465753425,1082.48
"5851","SAR05",1960,4.01606557377049,15.3797540983607,1103.56
"5852","SAR05",1961,4.29575342465753,17.3404931506849,1007.6
"5853","SAR05",1962,3.67961643835616,16.4024931506849,779.03
"5854","SAR05",1963,2.79572602739726,15.1271780821918,1018.26
"5855","SAR05",1964,3.6679781420765,16.5720765027322,763.84
"5856","SAR05",1965,3.58602739726027,15.3861917808219,977.07
"5857","SAR05",1966,4.69167123287671,15.7426575342466,1112.94
"5858","SAR05",1967,4.25005479452055,16.1658356164384,840.93
"5859","SAR05",1968,4.90562841530055,15.7249453551913,944.52
"5860","SAR05",1969,4.86594520547945,14.5891780821918,1010.39
"5861","SAR05",1970,4.62441095890411,15.8428493150685,725.46
"5862","SAR05",1971,4.52808219178082,15.1306575342466,977.58
"5863","SAR05",1972,3.87158469945355,14.3362295081967,1078.67
"5864","SAR05",1973,4.53824657534247,15.7438630136986,756.2
"5865","SAR05",1974,4.30405479452055,15.0591506849315,916.67
"5866","SAR05",1975,4.28106849315069,15.4934520547945,871.4
"5867","SAR05",1976,4.10144808743169,15.6820218579235,919.05
"5868","SAR05",1977,4.23279452054795,15.2598356164384,920.67
"5869","SAR05",1978,3.4987397260274,15.5025479452055,920.62
"5870","SAR05",1979,4.74772602739726,14.9692054794521,1124.74
"5871","SAR05",1980,4.14393442622951,15.5995355191257,870.27
"5872","SAR05",1981,5.05350684931507,16.5789589041096,877.74
"5873","SAR05",1982,5.61501369863014,16.1811780821918,958.58
"5874","SAR05",1983,5.60591780821918,16.7424109589041,691.62
"5875","SAR05",1984,4.63196721311475,14.9986338797814,1019.18
"5876","SAR05",1985,4.94123287671233,16.2934794520548,704.57
"5877","SAR05",1986,5.24772602739726,15.6473424657534,832.96
"5878","SAR05",1987,5.8007397260274,16.093698630137,798.77
"5879","SAR05",1988,5.72245901639344,15.9773770491803,902.24
"5880","SAR05",1989,6.57860273972603,17.1386301369863,700.86
"5881","SAR05",1990,6.06117808219178,16.9572054794521,791.16
"5882","SAR05",1991,5.54334246575342,15.6226849315068,738.36
"5883","SAR05",1992,5.53445355191257,15.6043715846995,948.97
"5884","SAR05",1993,5.05241095890411,15.7049863013699,872.79
"5885","SAR05",1994,6.24331506849315,16.9462465753425,809.01
"5886","SAR05",1995,6.18339726027397,16.9082465753425,758.52
"5887","SAR05",1996,5.93937158469945,15.2717213114754,1012.36
"5888","SAR05",1997,7.17704109589041,16.8738082191781,971.44
"5889","SAR05",1998,6.17413698630137,15.8138356164384,856.04
"5890","SAR05",1999,6.29372602739726,15.1403561643836,941.38
"5891","SAR05",2000,6.28439890710383,16.1301912568306,1037.06
"5892","SAR05",2001,6.36597260273973,15.8926849315068,804.21
"5893","SAR05",2002,6.93569863013699,15.2335890410959,1337.42
"5894","SAR05",2003,7.39098630136986,15.9295890410959,1082.46
"5895","SAR05",2004,5.87213114754098,15.81,846.29
"5896","SAR05",2005,6.08309589041096,14.8805205479452,1042.94
"5897","SAR05",2006,7.32249315068493,16.2636164383562,934.8
"5898","SAR05",2007,5.93783561643836,15.4346301369863,1153.68
"5899","SAR05",2008,5.9957650273224,14.7393989071038,1445.62
"5900","SAR05",2009,6.67350684931507,15.6366301369863,1343.61
"5901","SAR05",2010,5.73731506849315,14.0178630136986,1215.43
"5902","SAR05",2011,7.50553424657534,16.469397260274,1179.36
"5903","SAR05",2012,6.69210382513661,15.8047267759563,1234.57
"5904","SAR05",2013,6.35334246575342,14.4459178082192,1748.53
"5905","SAR05",2014,7.28356164383562,15.6428219178082,1649.59
"5906","SAR05",2015,7.14764383561644,16.3755616438356,1366.97
"5907","SAR05",2016,6.83748633879781,15.4984153005464,1191.32
"5908","SAR05",2017,6.84145205479452,16.4146575342466,1296.62
"5909","SAR05",2018,7.11123287671233,15.3878904109589,1570.44
"5910","SAR05",2019,6.78643835616438,16.1779452054795,1487.55
"5911","SAR05",2020,7.30292349726776,16.6841530054645,1220.47
"5912","SAR05",2021,6.50676712328767,16.3585205479452,744.85
"5913","SAR05",2022,7.88983561643836,18.6150410958904,545.3
"5914","SAR06",1950,5.9341095890411,15.7806575342466,901.9
"5915","SAR06",1951,5.26117808219178,14.297397260274,1036.05
"5916","SAR06",1952,6.01502732240437,15.3075136612022,898.06
"5917","SAR06",1953,5.18241095890411,15.8935068493151,592.07
"5918","SAR06",1954,4.61008219178082,14.8679178082192,772.08
"5919","SAR06",1955,5.99331506849315,16.2458082191781,702.29
"5920","SAR06",1956,4.09322404371585,14.1369672131148,667.4
"5921","SAR06",1957,5.14134246575343,15.4940821917808,643.41
"5922","SAR06",1958,4.72454794520548,15.7376438356164,803.83
"5923","SAR06",1959,4.68169863013699,15.8302465753425,1082.48
"5924","SAR06",1960,4.01606557377049,15.3797540983607,1103.56
"5925","SAR06",1961,4.29575342465753,17.3404931506849,1007.6
"5926","SAR06",1962,3.67961643835616,16.4024931506849,779.03
"5927","SAR06",1963,2.79572602739726,15.1271780821918,1018.26
"5928","SAR06",1964,3.6679781420765,16.5720765027322,763.84
"5929","SAR06",1965,3.58602739726027,15.3861917808219,977.07
"5930","SAR06",1966,4.69167123287671,15.7426575342466,1112.94
"5931","SAR06",1967,4.25005479452055,16.1658356164384,840.93
"5932","SAR06",1968,4.90562841530055,15.7249453551913,944.52
"5933","SAR06",1969,4.86594520547945,14.5891780821918,1010.39
"5934","SAR06",1970,4.62441095890411,15.8428493150685,725.46
"5935","SAR06",1971,4.52808219178082,15.1306575342466,977.58
"5936","SAR06",1972,3.87158469945355,14.3362295081967,1078.67
"5937","SAR06",1973,4.53824657534247,15.7438630136986,756.2
"5938","SAR06",1974,4.30405479452055,15.0591506849315,916.67
"5939","SAR06",1975,4.28106849315069,15.4934520547945,871.4
"5940","SAR06",1976,4.10144808743169,15.6820218579235,919.05
"5941","SAR06",1977,4.23279452054795,15.2598356164384,920.67
"5942","SAR06",1978,3.4987397260274,15.5025479452055,920.62
"5943","SAR06",1979,4.74772602739726,14.9692054794521,1124.74
"5944","SAR06",1980,4.14393442622951,15.5995355191257,870.27
"5945","SAR06",1981,5.05350684931507,16.5789589041096,877.74
"5946","SAR06",1982,5.61501369863014,16.1811780821918,958.58
"5947","SAR06",1983,5.60591780821918,16.7424109589041,691.62
"5948","SAR06",1984,4.63196721311475,14.9986338797814,1019.18
"5949","SAR06",1985,4.94123287671233,16.2934794520548,704.57
"5950","SAR06",1986,5.24772602739726,15.6473424657534,832.96
"5951","SAR06",1987,5.8007397260274,16.093698630137,798.77
"5952","SAR06",1988,5.72245901639344,15.9773770491803,902.24
"5953","SAR06",1989,6.57860273972603,17.1386301369863,700.86
"5954","SAR06",1990,6.06117808219178,16.9572054794521,791.16
"5955","SAR06",1991,5.54334246575342,15.6226849315068,738.36
"5956","SAR06",1992,5.53445355191257,15.6043715846995,948.97
"5957","SAR06",1993,5.05241095890411,15.7049863013699,872.79
"5958","SAR06",1994,6.24331506849315,16.9462465753425,809.01
"5959","SAR06",1995,6.18339726027397,16.9082465753425,758.52
"5960","SAR06",1996,5.93937158469945,15.2717213114754,1012.36
"5961","SAR06",1997,7.17704109589041,16.8738082191781,971.44
"5962","SAR06",1998,6.17413698630137,15.8138356164384,856.04
"5963","SAR06",1999,6.29372602739726,15.1403561643836,941.38
"5964","SAR06",2000,6.28439890710383,16.1301912568306,1037.06
"5965","SAR06",2001,6.36597260273973,15.8926849315068,804.21
"5966","SAR06",2002,6.93569863013699,15.2335890410959,1337.42
"5967","SAR06",2003,7.39098630136986,15.9295890410959,1082.46
"5968","SAR06",2004,5.87213114754098,15.81,846.29
"5969","SAR06",2005,6.08309589041096,14.8805205479452,1042.94
"5970","SAR06",2006,7.32249315068493,16.2636164383562,934.8
"5971","SAR06",2007,5.93783561643836,15.4346301369863,1153.68
"5972","SAR06",2008,5.9957650273224,14.7393989071038,1445.62
"5973","SAR06",2009,6.67350684931507,15.6366301369863,1343.61
"5974","SAR06",2010,5.73731506849315,14.0178630136986,1215.43
"5975","SAR06",2011,7.50553424657534,16.469397260274,1179.36
"5976","SAR06",2012,6.69210382513661,15.8047267759563,1234.57
"5977","SAR06",2013,6.35334246575342,14.4459178082192,1748.53
"5978","SAR06",2014,7.28356164383562,15.6428219178082,1649.59
"5979","SAR06",2015,7.14764383561644,16.3755616438356,1366.97
"5980","SAR06",2016,6.83748633879781,15.4984153005464,1191.32
"5981","SAR06",2017,6.84145205479452,16.4146575342466,1296.62
"5982","SAR06",2018,7.11123287671233,15.3878904109589,1570.44
"5983","SAR06",2019,6.78643835616438,16.1779452054795,1487.55
"5984","SAR06",2020,7.30292349726776,16.6841530054645,1220.47
"5985","SAR06",2021,6.50676712328767,16.3585205479452,744.85
"5986","SAR06",2022,7.88983561643836,18.6150410958904,545.3
"5987","TRA01",1950,3.44860273972603,15.5702739726027,334.04
"5988","TRA01",1951,2.30419178082192,13.2296438356164,672.27
"5989","TRA01",1952,2.0594262295082,14.6798360655738,505.24
"5990","TRA01",1953,3.08553424657534,15.0914246575342,330.31
"5991","TRA01",1954,2.74120547945205,14.5888493150685,384.34
"5992","TRA01",1955,4.46572602739726,15.2782465753425,619.57
"5993","TRA01",1956,1.9951912568306,13.3519398907104,488.15
"5994","TRA01",1957,2.76457534246575,14.6435068493151,497.96
"5995","TRA01",1958,3.73128767123288,14.7111232876712,440.56
"5996","TRA01",1959,3.95221917808219,14.0599178082192,728.79
"5997","TRA01",1960,3.56786885245902,14.1330054644809,741.91
"5998","TRA01",1961,2.08295890410959,16.2809863013699,528.79
"5999","TRA01",1962,1.50202739726027,15.1321643835616,561
"6000","TRA01",1963,1.29347945205479,13.9097534246575,735.62
"6001","TRA01",1964,1.35068306010929,15.7238797814208,532.31
"6002","TRA01",1965,1.38076712328767,14.702904109589,584.03
"6003","TRA01",1966,2.02071232876712,14.8947397260274,618.21
"6004","TRA01",1967,0.933287671232877,15.32,447.28
"6005","TRA01",1968,1.68893442622951,15.0231147540984,515.61
"6006","TRA01",1969,1.28150684931507,13.137698630137,855.31
"6007","TRA01",1970,0.701041095890411,14.8055616438356,517
"6008","TRA01",1971,0.736821917808219,13.2388219178082,813.34
"6009","TRA01",1972,1.19131147540984,12.8879508196721,663.06
"6010","TRA01",1973,0.811041095890411,14.7386301369863,442.52
"6011","TRA01",1974,1.22668493150685,14.1862739726027,567.62
"6012","TRA01",1975,1.16904109589041,14.2995342465753,645.9
"6013","TRA01",1976,1.03795081967213,14.2422950819672,662.9
"6014","TRA01",1977,1.72449315068493,14.0687123287671,695.3
"6015","TRA01",1978,1.01109589041096,14.5659726027397,506.17
"6016","TRA01",1979,2.03671232876712,14.5437534246575,693.36
"6017","TRA01",1980,0.818579234972678,14.980956284153,462.09
"6018","TRA01",1981,1.21602739726027,16.0065205479452,451.04
"6019","TRA01",1982,2.2352602739726,15.2718082191781,583.61
"6020","TRA01",1983,1.56953424657534,16.206602739726,354.72
"6021","TRA01",1984,1.12407103825137,14.0916666666667,590.87
"6022","TRA01",1985,2.10005479452055,15.4285205479452,440.4
"6023","TRA01",1986,1.98594520547945,14.8513424657534,568.32
"6024","TRA01",1987,2.71821917808219,15.5803287671233,545.99
"6025","TRA01",1988,1.80114754098361,15.4253551912568,580.67
"6026","TRA01",1989,2.87728767123288,16.1439726027397,604.5
"6027","TRA01",1990,2.51043835616438,16.1173150684932,410.55
"6028","TRA01",1991,1.80232876712329,14.938301369863,525.73
"6029","TRA01",1992,1.28901639344262,15.3605464480874,405.95
"6030","TRA01",1993,1.03791780821918,14.9575890410959,485.34
"6031","TRA01",1994,2.41021917808219,16.878301369863,360.2
"6032","TRA01",1995,2.15224657534247,16.4133698630137,475.71
"6033","TRA01",1996,1.91931693989071,15.0807650273224,672.45
"6034","TRA01",1997,2.83252054794521,16.3274520547945,622.63
"6035","TRA01",1998,2.03895890410959,15.8650136986301,460.18
"6036","TRA01",1999,1.96446575342466,15.4040821917808,548.75
"6037","TRA01",2000,1.64680327868852,16.1159836065574,478.9
"6038","TRA01",2001,2.0841095890411,15.8176438356164,351.82
"6039","TRA01",2002,2.76369863013699,15.743397260274,638.86
"6040","TRA01",2003,2.88515068493151,16.0796164383562,595.85
"6041","TRA01",2004,1.98185792349727,15.6964480874317,528.98
"6042","TRA01",2005,1.47178082191781,16.3173698630137,358.99
"6043","TRA01",2006,3.08164383561644,16.8355342465753,525.46
"6044","TRA01",2007,1.83112328767123,15.8773424657534,455.02
"6045","TRA01",2008,2.15125683060109,15.333087431694,653.86
"6046","TRA01",2009,2.94706849315068,17.008301369863,442.64
"6047","TRA01",2010,2.51367123287671,15.016,665.64
"6048","TRA01",2011,2.98545205479452,17.1581917808219,446.59
"6049","TRA01",2012,2.15415300546448,16.3564480874317,424.55
"6050","TRA01",2013,2.20016438356164,15.0406301369863,577.34
"6051","TRA01",2014,3.33383561643836,16.3724657534247,540.26
"6052","TRA01",2015,3.09430136986301,17.4039726027397,395.24
"6053","TRA01",2016,3.03879781420765,16.6032240437158,492.89
"6054","TRA01",2017,2.66268493150685,17.9373150684932,340.78
"6055","TRA01",2018,3.24775342465753,15.8549315068493,727.91
"6056","TRA01",2019,2.72591780821918,17.0549863013699,433.12
"6057","TRA01",2020,3.4433606557377,16.9314754098361,559.61
"6058","TRA01",2021,2.79120547945205,16.2734246575342,575.64
"6059","TRA01",2022,3.83945205479452,17.9583287671233,418.18
"6060","TRA02",1950,3.44860273972603,15.5702739726027,334.04
"6061","TRA02",1951,2.30419178082192,13.2296438356164,672.27
"6062","TRA02",1952,2.0594262295082,14.6798360655738,505.24
"6063","TRA02",1953,3.08553424657534,15.0914246575342,330.31
"6064","TRA02",1954,2.74120547945205,14.5888493150685,384.34
"6065","TRA02",1955,4.46572602739726,15.2782465753425,619.57
"6066","TRA02",1956,1.9951912568306,13.3519398907104,488.15
"6067","TRA02",1957,2.76457534246575,14.6435068493151,497.96
"6068","TRA02",1958,3.73128767123288,14.7111232876712,440.56
"6069","TRA02",1959,3.95221917808219,14.0599178082192,728.79
"6070","TRA02",1960,3.56786885245902,14.1330054644809,741.91
"6071","TRA02",1961,2.08295890410959,16.2809863013699,528.79
"6072","TRA02",1962,1.50202739726027,15.1321643835616,561
"6073","TRA02",1963,1.29347945205479,13.9097534246575,735.62
"6074","TRA02",1964,1.35068306010929,15.7238797814208,532.31
"6075","TRA02",1965,1.38076712328767,14.702904109589,584.03
"6076","TRA02",1966,2.02071232876712,14.8947397260274,618.21
"6077","TRA02",1967,0.933287671232877,15.32,447.28
"6078","TRA02",1968,1.68893442622951,15.0231147540984,515.61
"6079","TRA02",1969,1.28150684931507,13.137698630137,855.31
"6080","TRA02",1970,0.701041095890411,14.8055616438356,517
"6081","TRA02",1971,0.736821917808219,13.2388219178082,813.34
"6082","TRA02",1972,1.19131147540984,12.8879508196721,663.06
"6083","TRA02",1973,0.811041095890411,14.7386301369863,442.52
"6084","TRA02",1974,1.22668493150685,14.1862739726027,567.62
"6085","TRA02",1975,1.16904109589041,14.2995342465753,645.9
"6086","TRA02",1976,1.03795081967213,14.2422950819672,662.9
"6087","TRA02",1977,1.72449315068493,14.0687123287671,695.3
"6088","TRA02",1978,1.01109589041096,14.5659726027397,506.17
"6089","TRA02",1979,2.03671232876712,14.5437534246575,693.36
"6090","TRA02",1980,0.818579234972678,14.980956284153,462.09
"6091","TRA02",1981,1.21602739726027,16.0065205479452,451.04
"6092","TRA02",1982,2.2352602739726,15.2718082191781,583.61
"6093","TRA02",1983,1.56953424657534,16.206602739726,354.72
"6094","TRA02",1984,1.12407103825137,14.0916666666667,590.87
"6095","TRA02",1985,2.10005479452055,15.4285205479452,440.4
"6096","TRA02",1986,1.98594520547945,14.8513424657534,568.32
"6097","TRA02",1987,2.71821917808219,15.5803287671233,545.99
"6098","TRA02",1988,1.80114754098361,15.4253551912568,580.67
"6099","TRA02",1989,2.87728767123288,16.1439726027397,604.5
"6100","TRA02",1990,2.51043835616438,16.1173150684932,410.55
"6101","TRA02",1991,1.80232876712329,14.938301369863,525.73
"6102","TRA02",1992,1.28901639344262,15.3605464480874,405.95
"6103","TRA02",1993,1.03791780821918,14.9575890410959,485.34
"6104","TRA02",1994,2.41021917808219,16.878301369863,360.2
"6105","TRA02",1995,2.15224657534247,16.4133698630137,475.71
"6106","TRA02",1996,1.91931693989071,15.0807650273224,672.45
"6107","TRA02",1997,2.83252054794521,16.3274520547945,622.63
"6108","TRA02",1998,2.03895890410959,15.8650136986301,460.18
"6109","TRA02",1999,1.96446575342466,15.4040821917808,548.75
"6110","TRA02",2000,1.64680327868852,16.1159836065574,478.9
"6111","TRA02",2001,2.0841095890411,15.8176438356164,351.82
"6112","TRA02",2002,2.76369863013699,15.743397260274,638.86
"6113","TRA02",2003,2.88515068493151,16.0796164383562,595.85
"6114","TRA02",2004,1.98185792349727,15.6964480874317,528.98
"6115","TRA02",2005,1.47178082191781,16.3173698630137,358.99
"6116","TRA02",2006,3.08164383561644,16.8355342465753,525.46
"6117","TRA02",2007,1.83112328767123,15.8773424657534,455.02
"6118","TRA02",2008,2.15125683060109,15.333087431694,653.86
"6119","TRA02",2009,2.94706849315068,17.008301369863,442.64
"6120","TRA02",2010,2.51367123287671,15.016,665.64
"6121","TRA02",2011,2.98545205479452,17.1581917808219,446.59
"6122","TRA02",2012,2.15415300546448,16.3564480874317,424.55
"6123","TRA02",2013,2.20016438356164,15.0406301369863,577.34
"6124","TRA02",2014,3.33383561643836,16.3724657534247,540.26
"6125","TRA02",2015,3.09430136986301,17.4039726027397,395.24
"6126","TRA02",2016,3.03879781420765,16.6032240437158,492.89
"6127","TRA02",2017,2.66268493150685,17.9373150684932,340.78
"6128","TRA02",2018,3.24775342465753,15.8549315068493,727.91
"6129","TRA02",2019,2.72591780821918,17.0549863013699,433.12
"6130","TRA02",2020,3.4433606557377,16.9314754098361,559.61
"6131","TRA02",2021,2.79120547945205,16.2734246575342,575.64
"6132","TRA02",2022,3.83945205479452,17.9583287671233,418.18
"6133","TRA03",1950,3.44860273972603,15.5702739726027,334.04
"6134","TRA03",1951,2.30419178082192,13.2296438356164,672.27
"6135","TRA03",1952,2.0594262295082,14.6798360655738,505.24
"6136","TRA03",1953,3.08553424657534,15.0914246575342,330.31
"6137","TRA03",1954,2.74120547945205,14.5888493150685,384.34
"6138","TRA03",1955,4.46572602739726,15.2782465753425,619.57
"6139","TRA03",1956,1.9951912568306,13.3519398907104,488.15
"6140","TRA03",1957,2.76457534246575,14.6435068493151,497.96
"6141","TRA03",1958,3.73128767123288,14.7111232876712,440.56
"6142","TRA03",1959,3.95221917808219,14.0599178082192,728.79
"6143","TRA03",1960,3.56786885245902,14.1330054644809,741.91
"6144","TRA03",1961,2.08295890410959,16.2809863013699,528.79
"6145","TRA03",1962,1.50202739726027,15.1321643835616,561
"6146","TRA03",1963,1.29347945205479,13.9097534246575,735.62
"6147","TRA03",1964,1.35068306010929,15.7238797814208,532.31
"6148","TRA03",1965,1.38076712328767,14.702904109589,584.03
"6149","TRA03",1966,2.02071232876712,14.8947397260274,618.21
"6150","TRA03",1967,0.933287671232877,15.32,447.28
"6151","TRA03",1968,1.68893442622951,15.0231147540984,515.61
"6152","TRA03",1969,1.28150684931507,13.137698630137,855.31
"6153","TRA03",1970,0.701041095890411,14.8055616438356,517
"6154","TRA03",1971,0.736821917808219,13.2388219178082,813.34
"6155","TRA03",1972,1.19131147540984,12.8879508196721,663.06
"6156","TRA03",1973,0.811041095890411,14.7386301369863,442.52
"6157","TRA03",1974,1.22668493150685,14.1862739726027,567.62
"6158","TRA03",1975,1.16904109589041,14.2995342465753,645.9
"6159","TRA03",1976,1.03795081967213,14.2422950819672,662.9
"6160","TRA03",1977,1.72449315068493,14.0687123287671,695.3
"6161","TRA03",1978,1.01109589041096,14.5659726027397,506.17
"6162","TRA03",1979,2.03671232876712,14.5437534246575,693.36
"6163","TRA03",1980,0.818579234972678,14.980956284153,462.09
"6164","TRA03",1981,1.21602739726027,16.0065205479452,451.04
"6165","TRA03",1982,2.2352602739726,15.2718082191781,583.61
"6166","TRA03",1983,1.56953424657534,16.206602739726,354.72
"6167","TRA03",1984,1.12407103825137,14.0916666666667,590.87
"6168","TRA03",1985,2.10005479452055,15.4285205479452,440.4
"6169","TRA03",1986,1.98594520547945,14.8513424657534,568.32
"6170","TRA03",1987,2.71821917808219,15.5803287671233,545.99
"6171","TRA03",1988,1.80114754098361,15.4253551912568,580.67
"6172","TRA03",1989,2.87728767123288,16.1439726027397,604.5
"6173","TRA03",1990,2.51043835616438,16.1173150684932,410.55
"6174","TRA03",1991,1.80232876712329,14.938301369863,525.73
"6175","TRA03",1992,1.28901639344262,15.3605464480874,405.95
"6176","TRA03",1993,1.03791780821918,14.9575890410959,485.34
"6177","TRA03",1994,2.41021917808219,16.878301369863,360.2
"6178","TRA03",1995,2.15224657534247,16.4133698630137,475.71
"6179","TRA03",1996,1.91931693989071,15.0807650273224,672.45
"6180","TRA03",1997,2.83252054794521,16.3274520547945,622.63
"6181","TRA03",1998,2.03895890410959,15.8650136986301,460.18
"6182","TRA03",1999,1.96446575342466,15.4040821917808,548.75
"6183","TRA03",2000,1.64680327868852,16.1159836065574,478.9
"6184","TRA03",2001,2.0841095890411,15.8176438356164,351.82
"6185","TRA03",2002,2.76369863013699,15.743397260274,638.86
"6186","TRA03",2003,2.88515068493151,16.0796164383562,595.85
"6187","TRA03",2004,1.98185792349727,15.6964480874317,528.98
"6188","TRA03",2005,1.47178082191781,16.3173698630137,358.99
"6189","TRA03",2006,3.08164383561644,16.8355342465753,525.46
"6190","TRA03",2007,1.83112328767123,15.8773424657534,455.02
"6191","TRA03",2008,2.15125683060109,15.333087431694,653.86
"6192","TRA03",2009,2.94706849315068,17.008301369863,442.64
"6193","TRA03",2010,2.51367123287671,15.016,665.64
"6194","TRA03",2011,2.98545205479452,17.1581917808219,446.59
"6195","TRA03",2012,2.15415300546448,16.3564480874317,424.55
"6196","TRA03",2013,2.20016438356164,15.0406301369863,577.34
"6197","TRA03",2014,3.33383561643836,16.3724657534247,540.26
"6198","TRA03",2015,3.09430136986301,17.4039726027397,395.24
"6199","TRA03",2016,3.03879781420765,16.6032240437158,492.89
"6200","TRA03",2017,2.66268493150685,17.9373150684932,340.78
"6201","TRA03",2018,3.24775342465753,15.8549315068493,727.91
"6202","TRA03",2019,2.72591780821918,17.0549863013699,433.12
"6203","TRA03",2020,3.4433606557377,16.9314754098361,559.61
"6204","TRA03",2021,2.79120547945205,16.2734246575342,575.64
"6205","TRA03",2022,3.83945205479452,17.9583287671233,418.18
"6206","TRA04",1950,3.44860273972603,15.5702739726027,334.04
"6207","TRA04",1951,2.30419178082192,13.2296438356164,672.27
"6208","TRA04",1952,2.0594262295082,14.6798360655738,505.24
"6209","TRA04",1953,3.08553424657534,15.0914246575342,330.31
"6210","TRA04",1954,2.74120547945205,14.5888493150685,384.34
"6211","TRA04",1955,4.46572602739726,15.2782465753425,619.57
"6212","TRA04",1956,1.9951912568306,13.3519398907104,488.15
"6213","TRA04",1957,2.76457534246575,14.6435068493151,497.96
"6214","TRA04",1958,3.73128767123288,14.7111232876712,440.56
"6215","TRA04",1959,3.95221917808219,14.0599178082192,728.79
"6216","TRA04",1960,3.56786885245902,14.1330054644809,741.91
"6217","TRA04",1961,2.08295890410959,16.2809863013699,528.79
"6218","TRA04",1962,1.50202739726027,15.1321643835616,561
"6219","TRA04",1963,1.29347945205479,13.9097534246575,735.62
"6220","TRA04",1964,1.35068306010929,15.7238797814208,532.31
"6221","TRA04",1965,1.38076712328767,14.702904109589,584.03
"6222","TRA04",1966,2.02071232876712,14.8947397260274,618.21
"6223","TRA04",1967,0.933287671232877,15.32,447.28
"6224","TRA04",1968,1.68893442622951,15.0231147540984,515.61
"6225","TRA04",1969,1.28150684931507,13.137698630137,855.31
"6226","TRA04",1970,0.701041095890411,14.8055616438356,517
"6227","TRA04",1971,0.736821917808219,13.2388219178082,813.34
"6228","TRA04",1972,1.19131147540984,12.8879508196721,663.06
"6229","TRA04",1973,0.811041095890411,14.7386301369863,442.52
"6230","TRA04",1974,1.22668493150685,14.1862739726027,567.62
"6231","TRA04",1975,1.16904109589041,14.2995342465753,645.9
"6232","TRA04",1976,1.03795081967213,14.2422950819672,662.9
"6233","TRA04",1977,1.72449315068493,14.0687123287671,695.3
"6234","TRA04",1978,1.01109589041096,14.5659726027397,506.17
"6235","TRA04",1979,2.03671232876712,14.5437534246575,693.36
"6236","TRA04",1980,0.818579234972678,14.980956284153,462.09
"6237","TRA04",1981,1.21602739726027,16.0065205479452,451.04
"6238","TRA04",1982,2.2352602739726,15.2718082191781,583.61
"6239","TRA04",1983,1.56953424657534,16.206602739726,354.72
"6240","TRA04",1984,1.12407103825137,14.0916666666667,590.87
"6241","TRA04",1985,2.10005479452055,15.4285205479452,440.4
"6242","TRA04",1986,1.98594520547945,14.8513424657534,568.32
"6243","TRA04",1987,2.71821917808219,15.5803287671233,545.99
"6244","TRA04",1988,1.80114754098361,15.4253551912568,580.67
"6245","TRA04",1989,2.87728767123288,16.1439726027397,604.5
"6246","TRA04",1990,2.51043835616438,16.1173150684932,410.55
"6247","TRA04",1991,1.80232876712329,14.938301369863,525.73
"6248","TRA04",1992,1.28901639344262,15.3605464480874,405.95
"6249","TRA04",1993,1.03791780821918,14.9575890410959,485.34
"6250","TRA04",1994,2.41021917808219,16.878301369863,360.2
"6251","TRA04",1995,2.15224657534247,16.4133698630137,475.71
"6252","TRA04",1996,1.91931693989071,15.0807650273224,672.45
"6253","TRA04",1997,2.83252054794521,16.3274520547945,622.63
"6254","TRA04",1998,2.03895890410959,15.8650136986301,460.18
"6255","TRA04",1999,1.96446575342466,15.4040821917808,548.75
"6256","TRA04",2000,1.64680327868852,16.1159836065574,478.9
"6257","TRA04",2001,2.0841095890411,15.8176438356164,351.82
"6258","TRA04",2002,2.76369863013699,15.743397260274,638.86
"6259","TRA04",2003,2.88515068493151,16.0796164383562,595.85
"6260","TRA04",2004,1.98185792349727,15.6964480874317,528.98
"6261","TRA04",2005,1.47178082191781,16.3173698630137,358.99
"6262","TRA04",2006,3.08164383561644,16.8355342465753,525.46
"6263","TRA04",2007,1.83112328767123,15.8773424657534,455.02
"6264","TRA04",2008,2.15125683060109,15.333087431694,653.86
"6265","TRA04",2009,2.94706849315068,17.008301369863,442.64
"6266","TRA04",2010,2.51367123287671,15.016,665.64
"6267","TRA04",2011,2.98545205479452,17.1581917808219,446.59
"6268","TRA04",2012,2.15415300546448,16.3564480874317,424.55
"6269","TRA04",2013,2.20016438356164,15.0406301369863,577.34
"6270","TRA04",2014,3.33383561643836,16.3724657534247,540.26
"6271","TRA04",2015,3.09430136986301,17.4039726027397,395.24
"6272","TRA04",2016,3.03879781420765,16.6032240437158,492.89
"6273","TRA04",2017,2.66268493150685,17.9373150684932,340.78
"6274","TRA04",2018,3.24775342465753,15.8549315068493,727.91
"6275","TRA04",2019,2.72591780821918,17.0549863013699,433.12
"6276","TRA04",2020,3.4433606557377,16.9314754098361,559.61
"6277","TRA04",2021,2.79120547945205,16.2734246575342,575.64
"6278","TRA04",2022,3.83945205479452,17.9583287671233,418.18
"6279","URZ01",1950,3.51495890410959,13.6126849315069,934.55
"6280","URZ01",1951,2.84580821917808,12.0314794520548,1125.04
"6281","URZ01",1952,3.68062841530055,13.1653551912568,969.95
"6282","URZ01",1953,2.95112328767123,13.6963835616438,645.31
"6283","URZ01",1954,2.3161095890411,12.5954794520548,863.32
"6284","URZ01",1955,3.69254794520548,13.928904109589,762.29
"6285","URZ01",1956,1.79390710382514,11.8396721311475,757.17
"6286","URZ01",1957,2.8506301369863,13.2455342465753,730.77
"6287","URZ01",1958,2.18052054794521,13.5013150684932,881.16
"6288","URZ01",1959,2.05008219178082,13.5623835616438,1203.28
"6289","URZ01",1960,1.3922131147541,13.1637704918033,1242
"6290","URZ01",1961,1.6018904109589,15.2210684931507,1082.43
"6291","URZ01",1962,1.04038356164384,14.2513698630137,888.01
"6292","URZ01",1963,0.166684931506849,13.0520821917808,1138.63
"6293","URZ01",1964,1.09510928961749,14.6002459016393,869.68
"6294","URZ01",1965,1.06947945205479,13.3750136986301,1069.53
"6295","URZ01",1966,2.31328767123288,13.6847945205479,1255
"6296","URZ01",1967,1.8501095890411,14.2054246575342,882.8
"6297","URZ01",1968,2.4120218579235,13.7062295081967,1023.84
"6298","URZ01",1969,2.33756164383562,12.5318082191781,1152.71
"6299","URZ01",1970,2.07334246575342,13.8590136986301,815.54
"6300","URZ01",1971,1.94252054794521,13.0807123287671,1113.2
"6301","URZ01",1972,1.2575956284153,12.2869672131148,1202.2
"6302","URZ01",1973,1.914,13.7833150684932,858.03
"6303","URZ01",1974,1.66347945205479,13.0388767123288,1017.18
"6304","URZ01",1975,1.60695890410959,13.4872876712329,934.96
"6305","URZ01",1976,1.36489071038251,13.6618579234973,1026.56
"6306","URZ01",1977,1.52071232876712,13.2315342465753,1080.15
"6307","URZ01",1978,0.673561643835616,13.5029589041096,1055.36
"6308","URZ01",1979,2.22008219178082,12.9014794520548,1246.44
"6309","URZ01",1980,1.5744262295082,13.6745081967213,958.71
"6310","URZ01",1981,2.53643835616438,14.5520273972603,990.89
"6311","URZ01",1982,3.11243835616438,14.0832328767123,1086.9
"6312","URZ01",1983,3.15720547945205,14.7229315068493,755.26
"6313","URZ01",1984,2.13265027322404,12.9512841530055,1114.61
"6314","URZ01",1985,2.52682191780822,14.2571780821918,802.05
"6315","URZ01",1986,2.86060273972603,13.5924931506849,940.91
"6316","URZ01",1987,3.40361643835616,14.0887671232877,919.69
"6317","URZ01",1988,3.32592896174863,13.9739071038251,1015.43
"6318","URZ01",1989,4.28484931506849,15.0984109589041,805.62
"6319","URZ01",1990,3.72865753424658,14.9104383561644,905.6
"6320","URZ01",1991,3.13134246575342,13.5555890410959,828.14
"6321","URZ01",1992,3.08357923497268,13.5625136612022,1082.13
"6322","URZ01",1993,2.56947945205479,13.6408493150685,972.69
"6323","URZ01",1994,3.8266301369863,14.8850410958904,937.15
"6324","URZ01",1995,3.87027397260274,14.7392876712329,900.39
"6325","URZ01",1996,3.66084699453552,13.1125683060109,1146.17
"6326","URZ01",1997,4.95391780821918,14.6372602739726,1058.75
"6327","URZ01",1998,3.9181095890411,13.6415616438356,975.77
"6328","URZ01",1999,3.95205479452055,12.987095890411,1102.09
"6329","URZ01",2000,3.98043715846995,13.8841256830601,1174.12
"6330","URZ01",2001,4.0733698630137,13.6129863013699,929.13
"6331","URZ01",2002,4.72498630136986,12.8592602739726,1585.37
"6332","URZ01",2003,5.12052054794521,13.5632054794521,1250.85
"6333","URZ01",2004,3.53060109289618,13.5775409836066,942.29
"6334","URZ01",2005,3.88731506849315,12.5702739726027,1146.14
"6335","URZ01",2006,5.11852054794521,14.0198356164384,1074.22
"6336","URZ01",2007,3.80353424657534,13.2009589041096,1284.2
"6337","URZ01",2008,3.85387978142077,12.403087431694,1623.38
"6338","URZ01",2009,4.49742465753425,13.2941095890411,1489.93
"6339","URZ01",2010,3.49731506849315,11.6385205479452,1334.87
"6340","URZ01",2011,5.32068493150685,14.0745753424658,1353.45
"6341","URZ01",2012,4.48699453551913,13.4496721311475,1371.62
"6342","URZ01",2013,4.06052054794521,12.049095890411,1910.27
"6343","URZ01",2014,5.04290410958904,13.2947123287671,1776.16
"6344","URZ01",2015,4.97608219178082,14.0868219178082,1503.62
"6345","URZ01",2016,4.63273224043716,13.1479234972678,1332.77
"6346","URZ01",2017,4.62832876712329,14.0078630136986,1422.15
"6347","URZ01",2018,4.83813698630137,13.0267671232877,1738.29
"6348","URZ01",2019,4.59106849315068,13.8086575342466,1629.74
"6349","URZ01",2020,5.14459016393443,14.3127322404372,1365.35
"6350","URZ01",2021,4.19235616438356,14.074301369863,834.31
"6351","URZ01",2022,5.62243835616438,16.3207123287671,606.71
"6352","URZ02",1950,3.51495890410959,13.6126849315069,934.55
"6353","URZ02",1951,2.84580821917808,12.0314794520548,1125.04
"6354","URZ02",1952,3.68062841530055,13.1653551912568,969.95
"6355","URZ02",1953,2.95112328767123,13.6963835616438,645.31
"6356","URZ02",1954,2.3161095890411,12.5954794520548,863.32
"6357","URZ02",1955,3.69254794520548,13.928904109589,762.29
"6358","URZ02",1956,1.79390710382514,11.8396721311475,757.17
"6359","URZ02",1957,2.8506301369863,13.2455342465753,730.77
"6360","URZ02",1958,2.18052054794521,13.5013150684932,881.16
"6361","URZ02",1959,2.05008219178082,13.5623835616438,1203.28
"6362","URZ02",1960,1.3922131147541,13.1637704918033,1242
"6363","URZ02",1961,1.6018904109589,15.2210684931507,1082.43
"6364","URZ02",1962,1.04038356164384,14.2513698630137,888.01
"6365","URZ02",1963,0.166684931506849,13.0520821917808,1138.63
"6366","URZ02",1964,1.09510928961749,14.6002459016393,869.68
"6367","URZ02",1965,1.06947945205479,13.3750136986301,1069.53
"6368","URZ02",1966,2.31328767123288,13.6847945205479,1255
"6369","URZ02",1967,1.8501095890411,14.2054246575342,882.8
"6370","URZ02",1968,2.4120218579235,13.7062295081967,1023.84
"6371","URZ02",1969,2.33756164383562,12.5318082191781,1152.71
"6372","URZ02",1970,2.07334246575342,13.8590136986301,815.54
"6373","URZ02",1971,1.94252054794521,13.0807123287671,1113.2
"6374","URZ02",1972,1.2575956284153,12.2869672131148,1202.2
"6375","URZ02",1973,1.914,13.7833150684932,858.03
"6376","URZ02",1974,1.66347945205479,13.0388767123288,1017.18
"6377","URZ02",1975,1.60695890410959,13.4872876712329,934.96
"6378","URZ02",1976,1.36489071038251,13.6618579234973,1026.56
"6379","URZ02",1977,1.52071232876712,13.2315342465753,1080.15
"6380","URZ02",1978,0.673561643835616,13.5029589041096,1055.36
"6381","URZ02",1979,2.22008219178082,12.9014794520548,1246.44
"6382","URZ02",1980,1.5744262295082,13.6745081967213,958.71
"6383","URZ02",1981,2.53643835616438,14.5520273972603,990.89
"6384","URZ02",1982,3.11243835616438,14.0832328767123,1086.9
"6385","URZ02",1983,3.15720547945205,14.7229315068493,755.26
"6386","URZ02",1984,2.13265027322404,12.9512841530055,1114.61
"6387","URZ02",1985,2.52682191780822,14.2571780821918,802.05
"6388","URZ02",1986,2.86060273972603,13.5924931506849,940.91
"6389","URZ02",1987,3.40361643835616,14.0887671232877,919.69
"6390","URZ02",1988,3.32592896174863,13.9739071038251,1015.43
"6391","URZ02",1989,4.28484931506849,15.0984109589041,805.62
"6392","URZ02",1990,3.72865753424658,14.9104383561644,905.6
"6393","URZ02",1991,3.13134246575342,13.5555890410959,828.14
"6394","URZ02",1992,3.08357923497268,13.5625136612022,1082.13
"6395","URZ02",1993,2.56947945205479,13.6408493150685,972.69
"6396","URZ02",1994,3.8266301369863,14.8850410958904,937.15
"6397","URZ02",1995,3.87027397260274,14.7392876712329,900.39
"6398","URZ02",1996,3.66084699453552,13.1125683060109,1146.17
"6399","URZ02",1997,4.95391780821918,14.6372602739726,1058.75
"6400","URZ02",1998,3.9181095890411,13.6415616438356,975.77
"6401","URZ02",1999,3.95205479452055,12.987095890411,1102.09
"6402","URZ02",2000,3.98043715846995,13.8841256830601,1174.12
"6403","URZ02",2001,4.0733698630137,13.6129863013699,929.13
"6404","URZ02",2002,4.72498630136986,12.8592602739726,1585.37
"6405","URZ02",2003,5.12052054794521,13.5632054794521,1250.85
"6406","URZ02",2004,3.53060109289618,13.5775409836066,942.29
"6407","URZ02",2005,3.88731506849315,12.5702739726027,1146.14
"6408","URZ02",2006,5.11852054794521,14.0198356164384,1074.22
"6409","URZ02",2007,3.80353424657534,13.2009589041096,1284.2
"6410","URZ02",2008,3.85387978142077,12.403087431694,1623.38
"6411","URZ02",2009,4.49742465753425,13.2941095890411,1489.93
"6412","URZ02",2010,3.49731506849315,11.6385205479452,1334.87
"6413","URZ02",2011,5.32068493150685,14.0745753424658,1353.45
"6414","URZ02",2012,4.48699453551913,13.4496721311475,1371.62
"6415","URZ02",2013,4.06052054794521,12.049095890411,1910.27
"6416","URZ02",2014,5.04290410958904,13.2947123287671,1776.16
"6417","URZ02",2015,4.97608219178082,14.0868219178082,1503.62
"6418","URZ02",2016,4.63273224043716,13.1479234972678,1332.77
"6419","URZ02",2017,4.62832876712329,14.0078630136986,1422.15
"6420","URZ02",2018,4.83813698630137,13.0267671232877,1738.29
"6421","URZ02",2019,4.59106849315068,13.8086575342466,1629.74
"6422","URZ02",2020,5.14459016393443,14.3127322404372,1365.35
"6423","URZ02",2021,4.19235616438356,14.074301369863,834.31
"6424","URZ02",2022,5.62243835616438,16.3207123287671,606.71
"6425","URZ03",1950,3.51495890410959,13.6126849315069,934.55
"6426","URZ03",1951,2.84580821917808,12.0314794520548,1125.04
"6427","URZ03",1952,3.68062841530055,13.1653551912568,969.95
"6428","URZ03",1953,2.95112328767123,13.6963835616438,645.31
"6429","URZ03",1954,2.3161095890411,12.5954794520548,863.32
"6430","URZ03",1955,3.69254794520548,13.928904109589,762.29
"6431","URZ03",1956,1.79390710382514,11.8396721311475,757.17
"6432","URZ03",1957,2.8506301369863,13.2455342465753,730.77
"6433","URZ03",1958,2.18052054794521,13.5013150684932,881.16
"6434","URZ03",1959,2.05008219178082,13.5623835616438,1203.28
"6435","URZ03",1960,1.3922131147541,13.1637704918033,1242
"6436","URZ03",1961,1.6018904109589,15.2210684931507,1082.43
"6437","URZ03",1962,1.04038356164384,14.2513698630137,888.01
"6438","URZ03",1963,0.166684931506849,13.0520821917808,1138.63
"6439","URZ03",1964,1.09510928961749,14.6002459016393,869.68
"6440","URZ03",1965,1.06947945205479,13.3750136986301,1069.53
"6441","URZ03",1966,2.31328767123288,13.6847945205479,1255
"6442","URZ03",1967,1.8501095890411,14.2054246575342,882.8
"6443","URZ03",1968,2.4120218579235,13.7062295081967,1023.84
"6444","URZ03",1969,2.33756164383562,12.5318082191781,1152.71
"6445","URZ03",1970,2.07334246575342,13.8590136986301,815.54
"6446","URZ03",1971,1.94252054794521,13.0807123287671,1113.2
"6447","URZ03",1972,1.2575956284153,12.2869672131148,1202.2
"6448","URZ03",1973,1.914,13.7833150684932,858.03
"6449","URZ03",1974,1.66347945205479,13.0388767123288,1017.18
"6450","URZ03",1975,1.60695890410959,13.4872876712329,934.96
"6451","URZ03",1976,1.36489071038251,13.6618579234973,1026.56
"6452","URZ03",1977,1.52071232876712,13.2315342465753,1080.15
"6453","URZ03",1978,0.673561643835616,13.5029589041096,1055.36
"6454","URZ03",1979,2.22008219178082,12.9014794520548,1246.44
"6455","URZ03",1980,1.5744262295082,13.6745081967213,958.71
"6456","URZ03",1981,2.53643835616438,14.5520273972603,990.89
"6457","URZ03",1982,3.11243835616438,14.0832328767123,1086.9
"6458","URZ03",1983,3.15720547945205,14.7229315068493,755.26
"6459","URZ03",1984,2.13265027322404,12.9512841530055,1114.61
"6460","URZ03",1985,2.52682191780822,14.2571780821918,802.05
"6461","URZ03",1986,2.86060273972603,13.5924931506849,940.91
"6462","URZ03",1987,3.40361643835616,14.0887671232877,919.69
"6463","URZ03",1988,3.32592896174863,13.9739071038251,1015.43
"6464","URZ03",1989,4.28484931506849,15.0984109589041,805.62
"6465","URZ03",1990,3.72865753424658,14.9104383561644,905.6
"6466","URZ03",1991,3.13134246575342,13.5555890410959,828.14
"6467","URZ03",1992,3.08357923497268,13.5625136612022,1082.13
"6468","URZ03",1993,2.56947945205479,13.6408493150685,972.69
"6469","URZ03",1994,3.8266301369863,14.8850410958904,937.15
"6470","URZ03",1995,3.87027397260274,14.7392876712329,900.39
"6471","URZ03",1996,3.66084699453552,13.1125683060109,1146.17
"6472","URZ03",1997,4.95391780821918,14.6372602739726,1058.75
"6473","URZ03",1998,3.9181095890411,13.6415616438356,975.77
"6474","URZ03",1999,3.95205479452055,12.987095890411,1102.09
"6475","URZ03",2000,3.98043715846995,13.8841256830601,1174.12
"6476","URZ03",2001,4.0733698630137,13.6129863013699,929.13
"6477","URZ03",2002,4.72498630136986,12.8592602739726,1585.37
"6478","URZ03",2003,5.12052054794521,13.5632054794521,1250.85
"6479","URZ03",2004,3.53060109289618,13.5775409836066,942.29
"6480","URZ03",2005,3.88731506849315,12.5702739726027,1146.14
"6481","URZ03",2006,5.11852054794521,14.0198356164384,1074.22
"6482","URZ03",2007,3.80353424657534,13.2009589041096,1284.2
"6483","URZ03",2008,3.85387978142077,12.403087431694,1623.38
"6484","URZ03",2009,4.49742465753425,13.2941095890411,1489.93
"6485","URZ03",2010,3.49731506849315,11.6385205479452,1334.87
"6486","URZ03",2011,5.32068493150685,14.0745753424658,1353.45
"6487","URZ03",2012,4.48699453551913,13.4496721311475,1371.62
"6488","URZ03",2013,4.06052054794521,12.049095890411,1910.27
"6489","URZ03",2014,5.04290410958904,13.2947123287671,1776.16
"6490","URZ03",2015,4.97608219178082,14.0868219178082,1503.62
"6491","URZ03",2016,4.63273224043716,13.1479234972678,1332.77
"6492","URZ03",2017,4.62832876712329,14.0078630136986,1422.15
"6493","URZ03",2018,4.83813698630137,13.0267671232877,1738.29
"6494","URZ03",2019,4.59106849315068,13.8086575342466,1629.74
"6495","URZ03",2020,5.14459016393443,14.3127322404372,1365.35
"6496","URZ03",2021,4.19235616438356,14.074301369863,834.31
"6497","URZ03",2022,5.62243835616438,16.3207123287671,606.71
"6498","URZ04",1950,3.70339726027397,13.8249315068493,930.33
"6499","URZ04",1951,3.03161643835616,12.2534246575342,1118.21
"6500","URZ04",1952,3.86109289617486,13.375218579235,965.01
"6501","URZ04",1953,3.11693150684932,13.9062739726027,640.39
"6502","URZ04",1954,2.4907397260274,12.8098904109589,856
"6503","URZ04",1955,3.86709589041096,14.1493698630137,754.93
"6504","URZ04",1956,1.9720218579235,12.0579781420765,749.36
"6505","URZ04",1957,3.02567123287671,13.4615342465753,721.33
"6506","URZ04",1958,2.37090410958904,13.7209863013699,873.41
"6507","URZ04",1959,2.24213698630137,13.783095890411,1194.4
"6508","URZ04",1960,1.58631147540984,13.3815573770492,1232.63
"6509","URZ04",1961,1.79901369863014,15.4288493150685,1074.79
"6510","URZ04",1962,1.23961643835616,14.463095890411,878.2
"6511","URZ04",1963,0.361260273972603,13.2626575342466,1126.47
"6512","URZ04",1964,1.28516393442623,14.8001639344262,861.44
"6513","URZ04",1965,1.25832876712329,13.5816712328767,1059.1
"6514","URZ04",1966,2.49602739726027,13.8951232876712,1241.84
"6515","URZ04",1967,2.03356164383562,14.4075616438356,874.72
"6516","URZ04",1968,2.6031693989071,13.9130601092896,1015.63
"6517","URZ04",1969,2.53032876712329,12.7442465753425,1135.48
"6518","URZ04",1970,2.26909589041096,14.062602739726,805.55
"6519","URZ04",1971,2.13906849315068,13.2910684931507,1098.53
"6520","URZ04",1972,1.45393442622951,12.502349726776,1193.02
"6521","URZ04",1973,2.10890410958904,13.9858630136986,849.73
"6522","URZ04",1974,1.86090410958904,13.2476164383562,1005.15
"6523","URZ04",1975,1.80523287671233,13.6948219178082,926.49
"6524","URZ04",1976,1.56300546448087,13.8724590163934,1016.85
"6525","URZ04",1977,1.72169863013699,13.4428767123288,1068.25
"6526","URZ04",1978,0.879315068493151,13.7104931506849,1041.87
"6527","URZ04",1979,2.41115068493151,13.1130684931507,1232.32
"6528","URZ04",1980,1.76811475409836,13.8765846994536,949.71
"6529","URZ04",1981,2.73101369863014,14.7602739726027,980.32
"6530","URZ04",1982,3.30504109589041,14.2982465753425,1075.62
"6531","URZ04",1983,3.34452054794521,14.9299178082192,748.34
"6532","URZ04",1984,2.32505464480874,13.1662295081967,1102.72
"6533","URZ04",1985,2.71139726027397,14.4666575342466,792.48
"6534","URZ04",1986,3.0432602739726,13.8042191780822,929.4
"6535","URZ04",1987,3.58917808219178,14.292904109589,909.65
"6536","URZ04",1988,3.51172131147541,14.1817213114754,1004.82
"6537","URZ04",1989,4.45635616438356,15.3068767123288,795.1
"6538","URZ04",1990,3.90652054794521,15.1177260273973,895.64
"6539","URZ04",1991,3.31372602739726,13.7650410958904,817.24
"6540","URZ04",1992,3.26928961748634,13.7668306010929,1071.34
"6541","URZ04",1993,2.75539726027397,13.8491780821918,962.16
"6542","URZ04",1994,4.0092602739726,15.0938904109589,926.36
"6543","URZ04",1995,4.04819178082192,14.960904109589,885.51
"6544","URZ04",1996,3.83754098360656,13.3292349726776,1132.44
"6545","URZ04",1997,5.12408219178082,14.8553698630137,1046.23
"6546","URZ04",1998,4.0912602739726,13.8553424657534,963.37
"6547","URZ04",1999,4.13194520547945,13.2001369863014,1086.84
"6548","URZ04",2000,4.15448087431694,14.1012021857923,1161
"6549","URZ04",2001,4.24572602739726,13.8361643835616,913.06
"6550","URZ04",2002,4.8913698630137,13.1009315068493,1561.77
"6551","URZ04",2003,5.28824657534247,13.8022465753425,1233.05
"6552","URZ04",2004,3.71112021857923,13.7970218579235,933.09
"6553","URZ04",2005,4.04465753424657,12.8027123287671,1133.79
"6554","URZ04",2006,5.27243835616438,14.2440547945205,1060.06
"6555","URZ04",2007,3.95923287671233,13.4222739726027,1273.32
"6556","URZ04",2008,4.01355191256831,12.6399726775956,1606.07
"6557","URZ04",2009,4.65950684931507,13.5292876712329,1475.52
"6558","URZ04",2010,3.66876712328767,11.884602739726,1321.62
"6559","URZ04",2011,5.47920547945205,14.3144657534247,1336.67
"6560","URZ04",2012,4.64669398907104,13.6881420765027,1357.75
"6561","URZ04",2013,4.23205479452055,12.2982739726027,1889.86
"6562","URZ04",2014,5.21452054794521,13.5409863013699,1757.86
"6563","URZ04",2015,5.1378904109589,14.316602739726,1488.29
"6564","URZ04",2016,4.79450819672131,13.3902459016393,1315.98
"6565","URZ04",2017,4.78912328767123,14.2444931506849,1408.27
"6566","URZ04",2018,5.00986301369863,13.2688493150685,1720.64
"6567","URZ04",2019,4.74578082191781,14.0506849315068,1614.63
"6568","URZ04",2020,5.29404371584699,14.5543169398907,1351.61
"6569","URZ04",2021,4.36980821917808,14.2994520547945,825.02
"6570","URZ04",2022,5.79353424657534,16.5489589041096,598.41
"6571","URZ05",1950,3.51495890410959,13.6126849315069,934.55
"6572","URZ05",1951,2.84580821917808,12.0314794520548,1125.04
"6573","URZ05",1952,3.68062841530055,13.1653551912568,969.95
"6574","URZ05",1953,2.95112328767123,13.6963835616438,645.31
"6575","URZ05",1954,2.3161095890411,12.5954794520548,863.32
"6576","URZ05",1955,3.69254794520548,13.928904109589,762.29
"6577","URZ05",1956,1.79390710382514,11.8396721311475,757.17
"6578","URZ05",1957,2.8506301369863,13.2455342465753,730.77
"6579","URZ05",1958,2.18052054794521,13.5013150684932,881.16
"6580","URZ05",1959,2.05008219178082,13.5623835616438,1203.28
"6581","URZ05",1960,1.3922131147541,13.1637704918033,1242
"6582","URZ05",1961,1.6018904109589,15.2210684931507,1082.43
"6583","URZ05",1962,1.04038356164384,14.2513698630137,888.01
"6584","URZ05",1963,0.166684931506849,13.0520821917808,1138.63
"6585","URZ05",1964,1.09510928961749,14.6002459016393,869.68
"6586","URZ05",1965,1.06947945205479,13.3750136986301,1069.53
"6587","URZ05",1966,2.31328767123288,13.6847945205479,1255
"6588","URZ05",1967,1.8501095890411,14.2054246575342,882.8
"6589","URZ05",1968,2.4120218579235,13.7062295081967,1023.84
"6590","URZ05",1969,2.33756164383562,12.5318082191781,1152.71
"6591","URZ05",1970,2.07334246575342,13.8590136986301,815.54
"6592","URZ05",1971,1.94252054794521,13.0807123287671,1113.2
"6593","URZ05",1972,1.2575956284153,12.2869672131148,1202.2
"6594","URZ05",1973,1.914,13.7833150684932,858.03
"6595","URZ05",1974,1.66347945205479,13.0388767123288,1017.18
"6596","URZ05",1975,1.60695890410959,13.4872876712329,934.96
"6597","URZ05",1976,1.36489071038251,13.6618579234973,1026.56
"6598","URZ05",1977,1.52071232876712,13.2315342465753,1080.15
"6599","URZ05",1978,0.673561643835616,13.5029589041096,1055.36
"6600","URZ05",1979,2.22008219178082,12.9014794520548,1246.44
"6601","URZ05",1980,1.5744262295082,13.6745081967213,958.71
"6602","URZ05",1981,2.53643835616438,14.5520273972603,990.89
"6603","URZ05",1982,3.11243835616438,14.0832328767123,1086.9
"6604","URZ05",1983,3.15720547945205,14.7229315068493,755.26
"6605","URZ05",1984,2.13265027322404,12.9512841530055,1114.61
"6606","URZ05",1985,2.52682191780822,14.2571780821918,802.05
"6607","URZ05",1986,2.86060273972603,13.5924931506849,940.91
"6608","URZ05",1987,3.40361643835616,14.0887671232877,919.69
"6609","URZ05",1988,3.32592896174863,13.9739071038251,1015.43
"6610","URZ05",1989,4.28484931506849,15.0984109589041,805.62
"6611","URZ05",1990,3.72865753424658,14.9104383561644,905.6
"6612","URZ05",1991,3.13134246575342,13.5555890410959,828.14
"6613","URZ05",1992,3.08357923497268,13.5625136612022,1082.13
"6614","URZ05",1993,2.56947945205479,13.6408493150685,972.69
"6615","URZ05",1994,3.8266301369863,14.8850410958904,937.15
"6616","URZ05",1995,3.87027397260274,14.7392876712329,900.39
"6617","URZ05",1996,3.66084699453552,13.1125683060109,1146.17
"6618","URZ05",1997,4.95391780821918,14.6372602739726,1058.75
"6619","URZ05",1998,3.9181095890411,13.6415616438356,975.77
"6620","URZ05",1999,3.95205479452055,12.987095890411,1102.09
"6621","URZ05",2000,3.98043715846995,13.8841256830601,1174.12
"6622","URZ05",2001,4.0733698630137,13.6129863013699,929.13
"6623","URZ05",2002,4.72498630136986,12.8592602739726,1585.37
"6624","URZ05",2003,5.12052054794521,13.5632054794521,1250.85
"6625","URZ05",2004,3.53060109289618,13.5775409836066,942.29
"6626","URZ05",2005,3.88731506849315,12.5702739726027,1146.14
"6627","URZ05",2006,5.11852054794521,14.0198356164384,1074.22
"6628","URZ05",2007,3.80353424657534,13.2009589041096,1284.2
"6629","URZ05",2008,3.85387978142077,12.403087431694,1623.38
"6630","URZ05",2009,4.49742465753425,13.2941095890411,1489.93
"6631","URZ05",2010,3.49731506849315,11.6385205479452,1334.87
"6632","URZ05",2011,5.32068493150685,14.0745753424658,1353.45
"6633","URZ05",2012,4.48699453551913,13.4496721311475,1371.62
"6634","URZ05",2013,4.06052054794521,12.049095890411,1910.27
"6635","URZ05",2014,5.04290410958904,13.2947123287671,1776.16
"6636","URZ05",2015,4.97608219178082,14.0868219178082,1503.62
"6637","URZ05",2016,4.63273224043716,13.1479234972678,1332.77
"6638","URZ05",2017,4.62832876712329,14.0078630136986,1422.15
"6639","URZ05",2018,4.83813698630137,13.0267671232877,1738.29
"6640","URZ05",2019,4.59106849315068,13.8086575342466,1629.74
"6641","URZ05",2020,5.14459016393443,14.3127322404372,1365.35
"6642","URZ05",2021,4.19235616438356,14.074301369863,834.31
"6643","URZ05",2022,5.62243835616438,16.3207123287671,606.71
"6644","URZ06",1950,4.64353424657534,14.5842465753425,878.39
"6645","URZ06",1951,3.98452054794521,12.9984931506849,1059.15
"6646","URZ06",1952,4.81715846994536,14.1426229508197,913.39
"6647","URZ06",1953,4.09838356164384,14.6741369863014,604.91
"6648","URZ06",1954,3.4581095890411,13.5698356164384,811.83
"6649","URZ06",1955,4.83252054794521,14.902904109589,715.94
"6650","URZ06",1956,2.93035519125683,12.8133606557377,717.77
"6651","URZ06",1957,3.99290410958904,14.2225205479452,689.03
"6652","URZ06",1958,3.31550684931507,14.4677808219178,829.37
"6653","URZ06",1959,3.19109589041096,14.5342465753425,1133.52
"6654","URZ06",1960,2.52994535519126,14.1350819672131,1169.26
"6655","URZ06",1961,2.74117808219178,16.1972328767123,1020.73
"6656","URZ06",1962,2.17115068493151,15.2230136986301,839.19
"6657","URZ06",1963,1.30501369863014,14.0211780821918,1075.36
"6658","URZ06",1964,2.23535519125683,15.5771857923497,821.11
"6659","URZ06",1965,2.20879452054795,14.3421643835616,1008.49
"6660","URZ06",1966,3.45380821917808,14.6527945205479,1190.13
"6661","URZ06",1967,2.99019178082192,15.1752328767123,836.24
"6662","URZ06",1968,3.54669398907104,14.6772404371585,965.63
"6663","URZ06",1969,3.47441095890411,13.5005205479452,1087.67
"6664","URZ06",1970,3.20797260273973,14.830602739726,769.75
"6665","URZ06",1971,3.078,14.0508219178082,1048.83
"6666","URZ06",1972,2.39377049180328,13.252349726776,1132.49
"6667","URZ06",1973,3.05342465753425,14.7554246575342,807.63
"6668","URZ06",1974,2.80394520547945,14.0053150684932,961.73
"6669","URZ06",1975,2.74586301369863,14.4587671232877,882.12
"6670","URZ06",1976,2.50743169398907,14.632650273224,973.5
"6671","URZ06",1977,2.65980821917808,14.197095890411,1018.56
"6672","URZ06",1978,1.81441095890411,14.4692328767123,995.72
"6673","URZ06",1979,3.35958904109589,13.8699726027397,1179.45
"6674","URZ06",1980,2.71284153005464,14.6448087431694,905.48
"6675","URZ06",1981,3.66920547945205,15.5168219178082,933.99
"6676","URZ06",1982,4.24712328767123,15.0500547945205,1026.75
"6677","URZ06",1983,4.29712328767123,15.6952876712329,716.18
"6678","URZ06",1984,3.26898907103825,13.9159836065574,1054.08
"6679","URZ06",1985,3.66904109589041,15.222301369863,758.29
"6680","URZ06",1986,3.99934246575342,14.5556164383562,891.88
"6681","URZ06",1987,4.54079452054795,15.0593424657534,874.51
"6682","URZ06",1988,4.46546448087432,14.94,956.79
"6683","URZ06",1989,5.43260273972603,16.0697808219178,763.73
"6684","URZ06",1990,4.87652054794521,15.8781643835616,854
"6685","URZ06",1991,4.27476712328767,14.5238630136986,785.24
"6686","URZ06",1992,4.22573770491803,14.5354644808743,1024.61
"6687","URZ06",1993,3.71649315068493,14.6105479452055,920.63
"6688","URZ06",1994,4.9718904109589,15.8507945205479,886.33
"6689","URZ06",1995,5.00980821917808,15.6983561643836,853.33
"6690","URZ06",1996,4.8020218579235,14.0792896174863,1084.42
"6691","URZ06",1997,6.10090410958904,15.6104109589041,997.46
"6692","URZ06",1998,5.06145205479452,14.6131506849315,926.2
"6693","URZ06",1999,5.0953698630137,13.9600547945205,1042.28
"6694","URZ06",2000,5.12516393442623,14.8554918032787,1111.95
"6695","URZ06",2001,5.22260273972603,14.5751780821918,885.51
"6696","URZ06",2002,5.8807397260274,13.7953150684932,1507.31
"6697","URZ06",2003,6.27520547945205,14.5059452054795,1187.07
"6698","URZ06",2004,4.66918032786885,14.5448907103825,895.35
"6699","URZ06",2005,5.05295890410959,13.5109589041096,1092.98
"6700","URZ06",2006,6.28775342465753,14.9727671232877,1014.43
"6701","URZ06",2007,4.96476712328767,14.1533424657534,1220.48
"6702","URZ06",2008,5.01306010928962,13.3407923497268,1537.26
"6703","URZ06",2009,5.65476712328767,14.2292328767123,1413.78
"6704","URZ06",2010,4.64602739726027,12.5614520547945,1261.15
"6705","URZ06",2011,6.49120547945205,15.0135342465753,1281.51
"6706","URZ06",2012,5.65303278688525,14.3840983606557,1304.36
"6707","URZ06",2013,5.21265753424658,12.9693150684932,1808.47
"6708","URZ06",2014,6.19638356164384,14.2147123287671,1680.23
"6709","URZ06",2015,6.13575342465753,15.032904109589,1424.1
"6710","URZ06",2016,5.79775956284153,14.0787431693989,1261.54
"6711","URZ06",2017,5.79498630136986,14.9471232876712,1344.6
"6712","URZ06",2018,5.99246575342466,13.9596712328767,1642.73
"6713","URZ06",2019,5.76372602739726,14.7427671232877,1542.35
"6714","URZ06",2020,6.31920765027322,15.2557103825137,1291.24
"6715","URZ06",2021,5.33487671232877,15.0381643835616,787.02
"6716","URZ06",2022,6.76816438356164,17.2812602739726,575.1
