"","plot_id","lat","lon","year","MAP","T_max","T_min"
"1","ADO02",40.66697866,-1.68628757,1950,332.42,15.8628493150685,3.67279452054795
"2","ADO02",40.66697866,-1.68628757,1951,636.1,13.5442465753425,2.58786301369863
"3","ADO02",40.66697866,-1.68628757,1952,495.11,14.9798907103825,2.38614754098361
"4","ADO02",40.66697866,-1.68628757,1953,330.17,15.3605205479452,3.28945205479452
"5","ADO02",40.66697866,-1.68628757,1954,375,14.8554520547945,2.92586301369863
"6","ADO02",40.66697866,-1.68628757,1955,618.87,15.556904109589,4.66413698630137
"7","ADO02",40.66697866,-1.68628757,1956,478.3,13.6356010928962,2.2251912568306
"8","ADO02",40.66697866,-1.68628757,1957,498.72,14.9081917808219,2.97498630136986
"9","ADO02",40.66697866,-1.68628757,1958,430.92,15.0081917808219,3.94375342465753
"10","ADO02",40.66697866,-1.68628757,1959,715.01,14.3597808219178,4.1707397260274
"11","ADO02",40.66697866,-1.68628757,1960,716.26,14.430218579235,3.79773224043716
"12","ADO02",40.66697866,-1.68628757,1961,512.84,16.6062191780822,2.184
"13","ADO02",40.66697866,-1.68628757,1962,557.18,15.4379178082192,1.63523287671233
"14","ADO02",40.66697866,-1.68628757,1963,695.29,14.2248219178082,1.41731506849315
"15","ADO02",40.66697866,-1.68628757,1964,507.68,16.0103278688525,1.49628415300546
"16","ADO02",40.66697866,-1.68628757,1965,559.63,15.0358904109589,1.51334246575342
"17","ADO02",40.66697866,-1.68628757,1966,594.75,15.222,2.1378904109589
"18","ADO02",40.66697866,-1.68628757,1967,441.02,15.6523287671233,1.05441095890411
"19","ADO02",40.66697866,-1.68628757,1968,511.09,15.3518306010929,1.78871584699454
"20","ADO02",40.66697866,-1.68628757,1969,846.77,13.469095890411,1.36671232876712
"21","ADO02",40.66697866,-1.68628757,1970,511.14,15.135397260274,0.802630136986301
"22","ADO02",40.66697866,-1.68628757,1971,795.71,13.5557808219178,0.823315068493151
"23","ADO02",40.66697866,-1.68628757,1972,650.4,13.2171038251366,1.3051912568306
"24","ADO02",40.66697866,-1.68628757,1973,446.61,15.0340547945205,0.965013698630137
"25","ADO02",40.66697866,-1.68628757,1974,564.23,14.5032328767123,1.36567123287671
"26","ADO02",40.66697866,-1.68628757,1975,643.39,14.6326849315068,1.31394520547945
"27","ADO02",40.66697866,-1.68628757,1976,633.74,14.5474863387978,1.15256830601093
"28","ADO02",40.66697866,-1.68628757,1977,680.62,14.3937534246575,1.83164383561644
"29","ADO02",40.66697866,-1.68628757,1978,489.15,14.9098904109589,1.13087671232877
"30","ADO02",40.66697866,-1.68628757,1979,676.33,14.8957808219178,2.15145205479452
"31","ADO02",40.66697866,-1.68628757,1980,456.52,15.2789617486339,0.921065573770492
"32","ADO02",40.66697866,-1.68628757,1981,433.85,16.3097808219178,1.32778082191781
"33","ADO02",40.66697866,-1.68628757,1982,569.9,15.5950410958904,2.40978082191781
"34","ADO02",40.66697866,-1.68628757,1983,349.24,16.5213150684932,1.77904109589041
"35","ADO02",40.66697866,-1.68628757,1984,580.48,14.3927595628415,1.32147540983607
"36","ADO02",40.66697866,-1.68628757,1985,428.14,15.7386849315068,2.34298630136986
"37","ADO02",40.66697866,-1.68628757,1986,579.42,15.1818904109589,2.23701369863014
"38","ADO02",40.66697866,-1.68628757,1987,529.16,15.8820547945205,2.93701369863014
"39","ADO02",40.66697866,-1.68628757,1988,586.39,15.7280327868852,2.02314207650273
"40","ADO02",40.66697866,-1.68628757,1989,586.7,16.4450684931507,3.08279452054795
"41","ADO02",40.66697866,-1.68628757,1990,412.67,16.4117260273973,2.69021917808219
"42","ADO02",40.66697866,-1.68628757,1991,515.72,15.2307945205479,1.97967123287671
"43","ADO02",40.66697866,-1.68628757,1992,395.88,15.6551366120219,1.45213114754098
"44","ADO02",40.66697866,-1.68628757,1993,468.64,15.2532602739726,1.14561643835616
"45","ADO02",40.66697866,-1.68628757,1994,357.26,17.174,2.55304109589041
"46","ADO02",40.66697866,-1.68628757,1995,460.37,16.7243561643836,2.28920547945205
"47","ADO02",40.66697866,-1.68628757,1996,656.57,15.3995628415301,2.05071038251366
"48","ADO02",40.66697866,-1.68628757,1997,607.07,16.5921095890411,2.97386301369863
"49","ADO02",40.66697866,-1.68628757,1998,456.57,16.1562191780822,2.14747945205479
"50","ADO02",40.66697866,-1.68628757,1999,538.77,15.679095890411,2.12208219178082
"51","ADO02",40.66697866,-1.68628757,2000,468.71,16.4094535519126,1.78803278688525
"52","ADO02",40.66697866,-1.68628757,2001,337.01,16.1362465753425,2.2093698630137
"53","ADO02",40.66697866,-1.68628757,2002,624.75,16.0764931506849,2.95832876712329
"54","ADO02",40.66697866,-1.68628757,2003,593.36,16.3700547945205,3.0581095890411
"55","ADO02",40.66697866,-1.68628757,2004,511.72,15.9887704918033,2.15010928961749
"56","ADO02",40.66697866,-1.68628757,2005,354.26,16.5967671232877,1.66493150684932
"57","ADO02",40.66697866,-1.68628757,2006,505.22,17.1424383561644,3.27912328767123
"58","ADO02",40.66697866,-1.68628757,2007,451.66,16.1483561643836,2.03109589041096
"59","ADO02",40.66697866,-1.68628757,2008,644.05,15.645737704918,2.31846994535519
"60","ADO02",40.66697866,-1.68628757,2009,431.24,17.3044383561644,3.09843835616438
"61","ADO02",40.66697866,-1.68628757,2010,653.67,15.3098356164384,2.63284931506849
"62","ADO02",40.66697866,-1.68628757,2011,443.2,17.4738904109589,3.12167123287671
"63","ADO02",40.66697866,-1.68628757,2012,418.43,16.6863387978142,2.3127868852459
"64","ADO02",40.66697866,-1.68628757,2013,573.3,15.3880273972603,2.34076712328767
"65","ADO02",40.66697866,-1.68628757,2014,523.2,16.7736712328767,3.48991780821918
"66","ADO02",40.66697866,-1.68628757,2015,408.21,17.7300821917808,3.25419178082192
"67","ADO02",40.66697866,-1.68628757,2016,478.94,16.964043715847,3.17234972677596
"68","ADO02",40.66697866,-1.68628757,2017,337.07,18.272602739726,2.77742465753425
"69","ADO02",40.66697866,-1.68628757,2018,723.75,16.1897808219178,3.39178082191781
"70","ADO02",40.66697866,-1.68628757,2019,422.17,17.3838630136986,2.83632876712329
"71","ADO02",40.66697866,-1.68628757,2020,559.86,17.2667759562842,3.57109289617486
"72","ADO02",40.66697866,-1.68628757,2021,569.92,16.5734520547945,2.9533698630137
"73","ADO02",40.66697866,-1.68628757,2022,421.72,18.2951780821918,3.98775342465753
"74","ADO03",40.66694517,-1.68708864,1950,332.42,15.8628493150685,3.67279452054795
"75","ADO03",40.66694517,-1.68708864,1951,636.1,13.5442465753425,2.58786301369863
"76","ADO03",40.66694517,-1.68708864,1952,495.11,14.9798907103825,2.38614754098361
"77","ADO03",40.66694517,-1.68708864,1953,330.17,15.3605205479452,3.28945205479452
"78","ADO03",40.66694517,-1.68708864,1954,375,14.8554520547945,2.92586301369863
"79","ADO03",40.66694517,-1.68708864,1955,618.87,15.556904109589,4.66413698630137
"80","ADO03",40.66694517,-1.68708864,1956,478.3,13.6356010928962,2.2251912568306
"81","ADO03",40.66694517,-1.68708864,1957,498.72,14.9081917808219,2.97498630136986
"82","ADO03",40.66694517,-1.68708864,1958,430.92,15.0081917808219,3.94375342465753
"83","ADO03",40.66694517,-1.68708864,1959,715.01,14.3597808219178,4.1707397260274
"84","ADO03",40.66694517,-1.68708864,1960,716.26,14.430218579235,3.79773224043716
"85","ADO03",40.66694517,-1.68708864,1961,512.84,16.6062191780822,2.184
"86","ADO03",40.66694517,-1.68708864,1962,557.18,15.4379178082192,1.63523287671233
"87","ADO03",40.66694517,-1.68708864,1963,695.29,14.2248219178082,1.41731506849315
"88","ADO03",40.66694517,-1.68708864,1964,507.68,16.0103278688525,1.49628415300546
"89","ADO03",40.66694517,-1.68708864,1965,559.63,15.0358904109589,1.51334246575342
"90","ADO03",40.66694517,-1.68708864,1966,594.75,15.222,2.1378904109589
"91","ADO03",40.66694517,-1.68708864,1967,441.02,15.6523287671233,1.05441095890411
"92","ADO03",40.66694517,-1.68708864,1968,511.09,15.3518306010929,1.78871584699454
"93","ADO03",40.66694517,-1.68708864,1969,846.77,13.469095890411,1.36671232876712
"94","ADO03",40.66694517,-1.68708864,1970,511.14,15.135397260274,0.802630136986301
"95","ADO03",40.66694517,-1.68708864,1971,795.71,13.5557808219178,0.823315068493151
"96","ADO03",40.66694517,-1.68708864,1972,650.4,13.2171038251366,1.3051912568306
"97","ADO03",40.66694517,-1.68708864,1973,446.61,15.0340547945205,0.965013698630137
"98","ADO03",40.66694517,-1.68708864,1974,564.23,14.5032328767123,1.36567123287671
"99","ADO03",40.66694517,-1.68708864,1975,643.39,14.6326849315068,1.31394520547945
"100","ADO03",40.66694517,-1.68708864,1976,633.74,14.5474863387978,1.15256830601093
"101","ADO03",40.66694517,-1.68708864,1977,680.62,14.3937534246575,1.83164383561644
"102","ADO03",40.66694517,-1.68708864,1978,489.15,14.9098904109589,1.13087671232877
"103","ADO03",40.66694517,-1.68708864,1979,676.33,14.8957808219178,2.15145205479452
"104","ADO03",40.66694517,-1.68708864,1980,456.52,15.2789617486339,0.921065573770492
"105","ADO03",40.66694517,-1.68708864,1981,433.85,16.3097808219178,1.32778082191781
"106","ADO03",40.66694517,-1.68708864,1982,569.9,15.5950410958904,2.40978082191781
"107","ADO03",40.66694517,-1.68708864,1983,349.24,16.5213150684932,1.77904109589041
"108","ADO03",40.66694517,-1.68708864,1984,580.48,14.3927595628415,1.32147540983607
"109","ADO03",40.66694517,-1.68708864,1985,428.14,15.7386849315068,2.34298630136986
"110","ADO03",40.66694517,-1.68708864,1986,579.42,15.1818904109589,2.23701369863014
"111","ADO03",40.66694517,-1.68708864,1987,529.16,15.8820547945205,2.93701369863014
"112","ADO03",40.66694517,-1.68708864,1988,586.39,15.7280327868852,2.02314207650273
"113","ADO03",40.66694517,-1.68708864,1989,586.7,16.4450684931507,3.08279452054795
"114","ADO03",40.66694517,-1.68708864,1990,412.67,16.4117260273973,2.69021917808219
"115","ADO03",40.66694517,-1.68708864,1991,515.72,15.2307945205479,1.97967123287671
"116","ADO03",40.66694517,-1.68708864,1992,395.88,15.6551366120219,1.45213114754098
"117","ADO03",40.66694517,-1.68708864,1993,468.64,15.2532602739726,1.14561643835616
"118","ADO03",40.66694517,-1.68708864,1994,357.26,17.174,2.55304109589041
"119","ADO03",40.66694517,-1.68708864,1995,460.37,16.7243561643836,2.28920547945205
"120","ADO03",40.66694517,-1.68708864,1996,656.57,15.3995628415301,2.05071038251366
"121","ADO03",40.66694517,-1.68708864,1997,607.07,16.5921095890411,2.97386301369863
"122","ADO03",40.66694517,-1.68708864,1998,456.57,16.1562191780822,2.14747945205479
"123","ADO03",40.66694517,-1.68708864,1999,538.77,15.679095890411,2.12208219178082
"124","ADO03",40.66694517,-1.68708864,2000,468.71,16.4094535519126,1.78803278688525
"125","ADO03",40.66694517,-1.68708864,2001,337.01,16.1362465753425,2.2093698630137
"126","ADO03",40.66694517,-1.68708864,2002,624.75,16.0764931506849,2.95832876712329
"127","ADO03",40.66694517,-1.68708864,2003,593.36,16.3700547945205,3.0581095890411
"128","ADO03",40.66694517,-1.68708864,2004,511.72,15.9887704918033,2.15010928961749
"129","ADO03",40.66694517,-1.68708864,2005,354.26,16.5967671232877,1.66493150684932
"130","ADO03",40.66694517,-1.68708864,2006,505.22,17.1424383561644,3.27912328767123
"131","ADO03",40.66694517,-1.68708864,2007,451.66,16.1483561643836,2.03109589041096
"132","ADO03",40.66694517,-1.68708864,2008,644.05,15.645737704918,2.31846994535519
"133","ADO03",40.66694517,-1.68708864,2009,431.24,17.3044383561644,3.09843835616438
"134","ADO03",40.66694517,-1.68708864,2010,653.67,15.3098356164384,2.63284931506849
"135","ADO03",40.66694517,-1.68708864,2011,443.2,17.4738904109589,3.12167123287671
"136","ADO03",40.66694517,-1.68708864,2012,418.43,16.6863387978142,2.3127868852459
"137","ADO03",40.66694517,-1.68708864,2013,573.3,15.3880273972603,2.34076712328767
"138","ADO03",40.66694517,-1.68708864,2014,523.2,16.7736712328767,3.48991780821918
"139","ADO03",40.66694517,-1.68708864,2015,408.21,17.7300821917808,3.25419178082192
"140","ADO03",40.66694517,-1.68708864,2016,478.94,16.964043715847,3.17234972677596
"141","ADO03",40.66694517,-1.68708864,2017,337.07,18.272602739726,2.77742465753425
"142","ADO03",40.66694517,-1.68708864,2018,723.75,16.1897808219178,3.39178082191781
"143","ADO03",40.66694517,-1.68708864,2019,422.17,17.3838630136986,2.83632876712329
"144","ADO03",40.66694517,-1.68708864,2020,559.86,17.2667759562842,3.57109289617486
"145","ADO03",40.66694517,-1.68708864,2021,569.92,16.5734520547945,2.9533698630137
"146","ADO03",40.66694517,-1.68708864,2022,421.72,18.2951780821918,3.98775342465753
"147","ADO01",40.66647493,-1.68720112,1950,336.59,15.6234520547945,3.4833698630137
"148","ADO01",40.66647493,-1.68720112,1951,646.14,13.3076164383562,2.39947945205479
"149","ADO01",40.66647493,-1.68720112,1952,502.06,14.7448087431694,2.20614754098361
"150","ADO01",40.66647493,-1.68720112,1953,335.74,15.1317260273973,3.10567123287671
"151","ADO01",40.66647493,-1.68720112,1954,380.61,14.6279178082192,2.7458904109589
"152","ADO01",40.66647493,-1.68720112,1955,629.26,15.3264383561644,4.48361643835616
"153","ADO01",40.66647493,-1.68720112,1956,484.91,13.4033333333333,2.03806010928962
"154","ADO01",40.66647493,-1.68720112,1957,505.33,14.675397260274,2.79082191780822
"155","ADO01",40.66647493,-1.68720112,1958,439.74,14.769397260274,3.75117808219178
"156","ADO01",40.66647493,-1.68720112,1959,724.32,14.1194246575342,3.97808219178082
"157","ADO01",40.66647493,-1.68720112,1960,729.47,14.1937978142077,3.60459016393443
"158","ADO01",40.66647493,-1.68720112,1961,522.75,16.3674794520548,2.00668493150685
"159","ADO01",40.66647493,-1.68720112,1962,568,15.2040273972603,1.45479452054795
"160","ADO01",40.66647493,-1.68720112,1963,707.51,13.9901369863014,1.23769863013699
"161","ADO01",40.66647493,-1.68720112,1964,517.65,15.7807103825137,1.32565573770492
"162","ADO01",40.66647493,-1.68720112,1965,572.34,14.8004109589041,1.33443835616438
"163","ADO01",40.66647493,-1.68720112,1966,605.98,14.9881643835616,1.95819178082192
"164","ADO01",40.66647493,-1.68720112,1967,450.61,15.4229863013699,0.883315068493151
"165","ADO01",40.66647493,-1.68720112,1968,522.61,15.1140163934426,1.6107650273224
"166","ADO01",40.66647493,-1.68720112,1969,861.37,13.2327123287671,1.1887397260274
"167","ADO01",40.66647493,-1.68720112,1970,521.35,14.902904109589,0.634246575342466
"168","ADO01",40.66647493,-1.68720112,1971,808.04,13.3191780821918,0.64627397260274
"169","ADO01",40.66647493,-1.68720112,1972,662.21,12.9763114754098,1.12560109289617
"170","ADO01",40.66647493,-1.68720112,1973,453.27,14.8025205479452,0.795616438356164
"171","ADO01",40.66647493,-1.68720112,1974,573.84,14.2690684931507,1.19057534246575
"172","ADO01",40.66647493,-1.68720112,1975,650.86,14.3971780821918,1.14019178082192
"173","ADO01",40.66647493,-1.68720112,1976,643.81,14.307650273224,0.980491803278689
"174","ADO01",40.66647493,-1.68720112,1977,693.28,14.1574520547945,1.65295890410959
"175","ADO01",40.66647493,-1.68720112,1978,499.98,14.6735616438356,0.956821917808219
"176","ADO01",40.66647493,-1.68720112,1979,688.17,14.6584657534247,1.97383561643836
"177","ADO01",40.66647493,-1.68720112,1980,465.81,15.0484699453552,0.75516393442623
"178","ADO01",40.66647493,-1.68720112,1981,439.29,16.0739726027397,1.15854794520548
"179","ADO01",40.66647493,-1.68720112,1982,580.24,15.356904109589,2.2353698630137
"180","ADO01",40.66647493,-1.68720112,1983,353.56,16.2875616438356,1.61772602739726
"181","ADO01",40.66647493,-1.68720112,1984,594.92,14.1541803278689,1.15409836065574
"182","ADO01",40.66647493,-1.68720112,1985,437.11,15.5038356164384,2.18457534246575
"183","ADO01",40.66647493,-1.68720112,1986,586.93,14.949095890411,2.06602739726027
"184","ADO01",40.66647493,-1.68720112,1987,537.19,15.6506575342466,2.76575342465753
"185","ADO01",40.66647493,-1.68720112,1988,596.61,15.4920218579235,1.85573770491803
"186","ADO01",40.66647493,-1.68720112,1989,595.66,16.2028493150685,2.91819178082192
"187","ADO01",40.66647493,-1.68720112,1990,419.58,16.1704109589041,2.51709589041096
"188","ADO01",40.66647493,-1.68720112,1991,521.18,14.9935890410959,1.81084931506849
"189","ADO01",40.66647493,-1.68720112,1992,401.84,15.4192076502732,1.28674863387978
"190","ADO01",40.66647493,-1.68720112,1993,477.07,15.0181369863014,0.977260273972603
"191","ADO01",40.66647493,-1.68720112,1994,363.99,16.938904109589,2.38802739726027
"192","ADO01",40.66647493,-1.68720112,1995,467.36,16.4887945205479,2.12465753424658
"193","ADO01",40.66647493,-1.68720112,1996,665.89,15.1621038251366,1.88371584699454
"194","ADO01",40.66647493,-1.68720112,1997,617.8,16.3555616438356,2.80904109589041
"195","ADO01",40.66647493,-1.68720112,1998,463.55,15.9230410958904,1.98145205479452
"196","ADO01",40.66647493,-1.68720112,1999,545.93,15.447397260274,1.9553698630137
"197","ADO01",40.66647493,-1.68720112,2000,475.49,16.1739617486339,1.62368852459016
"198","ADO01",40.66647493,-1.68720112,2001,343.33,15.9038904109589,2.04257534246575
"199","ADO01",40.66647493,-1.68720112,2002,634.53,15.8374246575342,2.78671232876712
"200","ADO01",40.66647493,-1.68720112,2003,603.65,16.1331506849315,2.88934246575342
"201","ADO01",40.66647493,-1.68720112,2004,518.06,15.7573770491803,1.97926229508197
"202","ADO01",40.66647493,-1.68720112,2005,359.12,16.3608767123288,1.50616438356164
"203","ADO01",40.66647493,-1.68720112,2006,513.32,16.9076712328767,3.12065753424658
"204","ADO01",40.66647493,-1.68720112,2007,459.91,15.9144931506849,1.87452054794521
"205","ADO01",40.66647493,-1.68720112,2008,655.45,15.4047267759563,2.16232240437158
"206","ADO01",40.66647493,-1.68720112,2009,439.58,17.0662739726027,2.94391780821918
"207","ADO01",40.66647493,-1.68720112,2010,666.02,15.0686575342466,2.46969863013699
"208","ADO01",40.66647493,-1.68720112,2011,453.15,17.234602739726,2.96917808219178
"209","ADO01",40.66647493,-1.68720112,2012,425.63,16.4506284153005,2.15833333333333
"210","ADO01",40.66647493,-1.68720112,2013,585.46,15.1492876712329,2.17994520547945
"211","ADO01",40.66647493,-1.68720112,2014,535.52,16.5344657534247,3.32887671232877
"212","ADO01",40.66647493,-1.68720112,2015,415.88,17.4947945205479,3.10241095890411
"213","ADO01",40.66647493,-1.68720112,2016,491.03,16.7255464480874,3.01478142076503
"214","ADO01",40.66647493,-1.68720112,2017,341.99,18.0362739726027,2.62794520547945
"215","ADO01",40.66647493,-1.68720112,2018,735.61,15.9495890410959,3.22983561643836
"216","ADO01",40.66647493,-1.68720112,2019,429.45,17.1461095890411,2.67975342465753
"217","ADO01",40.66647493,-1.68720112,2020,570.04,17.0287158469945,3.41497267759563
"218","ADO01",40.66647493,-1.68720112,2021,578.87,16.3382465753425,2.80167123287671
"219","ADO01",40.66647493,-1.68720112,2022,430.69,18.0614246575342,3.84035616438356
"220","CED01",40.41361725,-0.77157879,1950,303.87,14.7974794520548,3.8681095890411
"221","CED01",40.41361725,-0.77157879,1951,629.85,12.8346849315068,3.09983561643836
"222","CED01",40.41361725,-0.77157879,1952,414.06,14.2851639344262,3.65825136612022
"223","CED01",40.41361725,-0.77157879,1953,328.98,14.3457534246575,3.58216438356164
"224","CED01",40.41361725,-0.77157879,1954,362.95,13.9984109589041,3.18249315068493
"225","CED01",40.41361725,-0.77157879,1955,543.48,14.7241643835616,4.78241095890411
"226","CED01",40.41361725,-0.77157879,1956,436.78,12.8953278688525,2.41691256830601
"227","CED01",40.41361725,-0.77157879,1957,500.11,13.8735068493151,3.22797260273973
"228","CED01",40.41361725,-0.77157879,1958,390.42,14.1147671232877,3.91706849315068
"229","CED01",40.41361725,-0.77157879,1959,746.26,13.4265753424658,3.98778082191781
"230","CED01",40.41361725,-0.77157879,1960,637.3,13.6514207650273,3.68931693989071
"231","CED01",40.41361725,-0.77157879,1961,457.62,15.5139178082192,2.5806301369863
"232","CED01",40.41361725,-0.77157879,1962,590.97,14.3948767123288,2.14120547945205
"233","CED01",40.41361725,-0.77157879,1963,597.86,13.4510684931507,1.81150684931507
"234","CED01",40.41361725,-0.77157879,1964,453.75,15.0395081967213,2.31530054644809
"235","CED01",40.41361725,-0.77157879,1965,589.89,14.196602739726,1.94723287671233
"236","CED01",40.41361725,-0.77157879,1966,551.73,14.5526849315068,2.47106849315068
"237","CED01",40.41361725,-0.77157879,1967,455.39,14.8983561643836,1.75375342465753
"238","CED01",40.41361725,-0.77157879,1968,551.35,14.5219398907104,2.19344262295082
"239","CED01",40.41361725,-0.77157879,1969,778.26,12.8087671232877,1.61150684931507
"240","CED01",40.41361725,-0.77157879,1970,470.64,14.4135068493151,1.41786301369863
"241","CED01",40.41361725,-0.77157879,1971,764.15,12.9101643835616,1.30528767123288
"242","CED01",40.41361725,-0.77157879,1972,713.44,12.4742896174863,1.43275956284153
"243","CED01",40.41361725,-0.77157879,1973,461.19,14.2233424657534,1.68942465753425
"244","CED01",40.41361725,-0.77157879,1974,582.06,13.639095890411,1.74235616438356
"245","CED01",40.41361725,-0.77157879,1975,631.13,13.7730410958904,1.78997260273973
"246","CED01",40.41361725,-0.77157879,1976,560.76,13.4654644808743,1.60650273224044
"247","CED01",40.41361725,-0.77157879,1977,717.21,13.6115616438356,1.95632876712329
"248","CED01",40.41361725,-0.77157879,1978,406.47,14.1272876712329,1.54232876712329
"249","CED01",40.41361725,-0.77157879,1979,590.17,14.1684109589041,2.41509589041096
"250","CED01",40.41361725,-0.77157879,1980,486.38,14.3539617486339,1.51360655737705
"251","CED01",40.41361725,-0.77157879,1981,398.8,15.2240273972603,2.02969863013699
"252","CED01",40.41361725,-0.77157879,1982,593.78,14.6354246575342,2.92052054794521
"253","CED01",40.41361725,-0.77157879,1983,323.6,15.5770136986301,2.86515068493151
"254","CED01",40.41361725,-0.77157879,1984,571.82,13.5396448087432,2.13311475409836
"255","CED01",40.41361725,-0.77157879,1985,375.66,14.8794794520548,3.34586301369863
"256","CED01",40.41361725,-0.77157879,1986,551.89,14.660602739726,2.80175342465753
"257","CED01",40.41361725,-0.77157879,1987,526.41,15.2260273972603,3.2858904109589
"258","CED01",40.41361725,-0.77157879,1988,596.3,14.9459836065574,2.62043715846995
"259","CED01",40.41361725,-0.77157879,1989,630.28,15.2568493150685,3.56123287671233
"260","CED01",40.41361725,-0.77157879,1990,457.35,15.304602739726,2.92865753424658
"261","CED01",40.41361725,-0.77157879,1991,448.89,14.3053424657534,2.16597260273973
"262","CED01",40.41361725,-0.77157879,1992,401.1,14.6431967213115,2.13237704918033
"263","CED01",40.41361725,-0.77157879,1993,353.17,14.4821095890411,1.57301369863014
"264","CED01",40.41361725,-0.77157879,1994,399.39,16.4785205479452,3.03583561643836
"265","CED01",40.41361725,-0.77157879,1995,338.15,15.8809315068493,2.7801095890411
"266","CED01",40.41361725,-0.77157879,1996,581.17,14.6255191256831,2.48508196721311
"267","CED01",40.41361725,-0.77157879,1997,543.13,15.7403561643836,3.57591780821918
"268","CED01",40.41361725,-0.77157879,1998,471.99,15.4841369863014,2.50504109589041
"269","CED01",40.41361725,-0.77157879,1999,456.71,15.0768219178082,2.5741095890411
"270","CED01",40.41361725,-0.77157879,2000,464,15.7552459016393,2.45275956284153
"271","CED01",40.41361725,-0.77157879,2001,348.44,15.6412054794521,2.7267397260274
"272","CED01",40.41361725,-0.77157879,2002,657.91,15.2705205479452,3.33290410958904
"273","CED01",40.41361725,-0.77157879,2003,611.46,15.5306575342466,3.54808219178082
"274","CED01",40.41361725,-0.77157879,2004,444.06,15.2325683060109,2.5542349726776
"275","CED01",40.41361725,-0.77157879,2005,371.75,15.5411506849315,2.42846575342466
"276","CED01",40.41361725,-0.77157879,2006,435.09,16.3044931506849,3.93120547945205
"277","CED01",40.41361725,-0.77157879,2007,517.77,15.3309315068493,2.84712328767123
"278","CED01",40.41361725,-0.77157879,2008,704.95,14.4740983606557,3.02887978142076
"279","CED01",40.41361725,-0.77157879,2009,462.42,16.0334520547945,3.58008219178082
"280","CED01",40.41361725,-0.77157879,2010,645.31,14.0945205479452,2.83613698630137
"281","CED01",40.41361725,-0.77157879,2011,545.85,16.1292054794521,3.79879452054795
"282","CED01",40.41361725,-0.77157879,2012,499.52,15.7142349726776,3.12390710382514
"283","CED01",40.41361725,-0.77157879,2013,599.43,14.405397260274,2.86202739726027
"284","CED01",40.41361725,-0.77157879,2014,468.26,15.8488219178082,4.0906301369863
"285","CED01",40.41361725,-0.77157879,2015,538.09,16.3408493150685,4.07706849315069
"286","CED01",40.41361725,-0.77157879,2016,478.76,15.7819398907104,3.75784153005464
"287","CED01",40.41361725,-0.77157879,2017,398.75,16.7943835616438,3.60947945205479
"288","CED01",40.41361725,-0.77157879,2018,840.52,15.0230684931507,3.76002739726027
"289","CED01",40.41361725,-0.77157879,2019,424.25,16.309698630137,3.33679452054795
"290","CED01",40.41361725,-0.77157879,2020,736.12,16.2445081967213,4.07095628415301
"291","CED01",40.41361725,-0.77157879,2021,605.54,15.3285479452055,3.71567123287671
"292","CED01",40.41361725,-0.77157879,2022,572.18,17.2081643835616,4.96994520547945
"293","CED06",40.41433232,-0.77208453,1950,303.87,14.7974794520548,3.8681095890411
"294","CED06",40.41433232,-0.77208453,1951,629.85,12.8346849315068,3.09983561643836
"295","CED06",40.41433232,-0.77208453,1952,414.06,14.2851639344262,3.65825136612022
"296","CED06",40.41433232,-0.77208453,1953,328.98,14.3457534246575,3.58216438356164
"297","CED06",40.41433232,-0.77208453,1954,362.95,13.9984109589041,3.18249315068493
"298","CED06",40.41433232,-0.77208453,1955,543.48,14.7241643835616,4.78241095890411
"299","CED06",40.41433232,-0.77208453,1956,436.78,12.8953278688525,2.41691256830601
"300","CED06",40.41433232,-0.77208453,1957,500.11,13.8735068493151,3.22797260273973
"301","CED06",40.41433232,-0.77208453,1958,390.42,14.1147671232877,3.91706849315068
"302","CED06",40.41433232,-0.77208453,1959,746.26,13.4265753424658,3.98778082191781
"303","CED06",40.41433232,-0.77208453,1960,637.3,13.6514207650273,3.68931693989071
"304","CED06",40.41433232,-0.77208453,1961,457.62,15.5139178082192,2.5806301369863
"305","CED06",40.41433232,-0.77208453,1962,590.97,14.3948767123288,2.14120547945205
"306","CED06",40.41433232,-0.77208453,1963,597.86,13.4510684931507,1.81150684931507
"307","CED06",40.41433232,-0.77208453,1964,453.75,15.0395081967213,2.31530054644809
"308","CED06",40.41433232,-0.77208453,1965,589.89,14.196602739726,1.94723287671233
"309","CED06",40.41433232,-0.77208453,1966,551.73,14.5526849315068,2.47106849315068
"310","CED06",40.41433232,-0.77208453,1967,455.39,14.8983561643836,1.75375342465753
"311","CED06",40.41433232,-0.77208453,1968,551.35,14.5219398907104,2.19344262295082
"312","CED06",40.41433232,-0.77208453,1969,778.26,12.8087671232877,1.61150684931507
"313","CED06",40.41433232,-0.77208453,1970,470.64,14.4135068493151,1.41786301369863
"314","CED06",40.41433232,-0.77208453,1971,764.15,12.9101643835616,1.30528767123288
"315","CED06",40.41433232,-0.77208453,1972,713.44,12.4742896174863,1.43275956284153
"316","CED06",40.41433232,-0.77208453,1973,461.19,14.2233424657534,1.68942465753425
"317","CED06",40.41433232,-0.77208453,1974,582.06,13.639095890411,1.74235616438356
"318","CED06",40.41433232,-0.77208453,1975,631.13,13.7730410958904,1.78997260273973
"319","CED06",40.41433232,-0.77208453,1976,560.76,13.4654644808743,1.60650273224044
"320","CED06",40.41433232,-0.77208453,1977,717.21,13.6115616438356,1.95632876712329
"321","CED06",40.41433232,-0.77208453,1978,406.47,14.1272876712329,1.54232876712329
"322","CED06",40.41433232,-0.77208453,1979,590.17,14.1684109589041,2.41509589041096
"323","CED06",40.41433232,-0.77208453,1980,486.38,14.3539617486339,1.51360655737705
"324","CED06",40.41433232,-0.77208453,1981,398.8,15.2240273972603,2.02969863013699
"325","CED06",40.41433232,-0.77208453,1982,593.78,14.6354246575342,2.92052054794521
"326","CED06",40.41433232,-0.77208453,1983,323.6,15.5770136986301,2.86515068493151
"327","CED06",40.41433232,-0.77208453,1984,571.82,13.5396448087432,2.13311475409836
"328","CED06",40.41433232,-0.77208453,1985,375.66,14.8794794520548,3.34586301369863
"329","CED06",40.41433232,-0.77208453,1986,551.89,14.660602739726,2.80175342465753
"330","CED06",40.41433232,-0.77208453,1987,526.41,15.2260273972603,3.2858904109589
"331","CED06",40.41433232,-0.77208453,1988,596.3,14.9459836065574,2.62043715846995
"332","CED06",40.41433232,-0.77208453,1989,630.28,15.2568493150685,3.56123287671233
"333","CED06",40.41433232,-0.77208453,1990,457.35,15.304602739726,2.92865753424658
"334","CED06",40.41433232,-0.77208453,1991,448.89,14.3053424657534,2.16597260273973
"335","CED06",40.41433232,-0.77208453,1992,401.1,14.6431967213115,2.13237704918033
"336","CED06",40.41433232,-0.77208453,1993,353.17,14.4821095890411,1.57301369863014
"337","CED06",40.41433232,-0.77208453,1994,399.39,16.4785205479452,3.03583561643836
"338","CED06",40.41433232,-0.77208453,1995,338.15,15.8809315068493,2.7801095890411
"339","CED06",40.41433232,-0.77208453,1996,581.17,14.6255191256831,2.48508196721311
"340","CED06",40.41433232,-0.77208453,1997,543.13,15.7403561643836,3.57591780821918
"341","CED06",40.41433232,-0.77208453,1998,471.99,15.4841369863014,2.50504109589041
"342","CED06",40.41433232,-0.77208453,1999,456.71,15.0768219178082,2.5741095890411
"343","CED06",40.41433232,-0.77208453,2000,464,15.7552459016393,2.45275956284153
"344","CED06",40.41433232,-0.77208453,2001,348.44,15.6412054794521,2.7267397260274
"345","CED06",40.41433232,-0.77208453,2002,657.91,15.2705205479452,3.33290410958904
"346","CED06",40.41433232,-0.77208453,2003,611.46,15.5306575342466,3.54808219178082
"347","CED06",40.41433232,-0.77208453,2004,444.06,15.2325683060109,2.5542349726776
"348","CED06",40.41433232,-0.77208453,2005,371.75,15.5411506849315,2.42846575342466
"349","CED06",40.41433232,-0.77208453,2006,435.09,16.3044931506849,3.93120547945205
"350","CED06",40.41433232,-0.77208453,2007,517.77,15.3309315068493,2.84712328767123
"351","CED06",40.41433232,-0.77208453,2008,704.95,14.4740983606557,3.02887978142076
"352","CED06",40.41433232,-0.77208453,2009,462.42,16.0334520547945,3.58008219178082
"353","CED06",40.41433232,-0.77208453,2010,645.31,14.0945205479452,2.83613698630137
"354","CED06",40.41433232,-0.77208453,2011,545.85,16.1292054794521,3.79879452054795
"355","CED06",40.41433232,-0.77208453,2012,499.52,15.7142349726776,3.12390710382514
"356","CED06",40.41433232,-0.77208453,2013,599.43,14.405397260274,2.86202739726027
"357","CED06",40.41433232,-0.77208453,2014,468.26,15.8488219178082,4.0906301369863
"358","CED06",40.41433232,-0.77208453,2015,538.09,16.3408493150685,4.07706849315069
"359","CED06",40.41433232,-0.77208453,2016,478.76,15.7819398907104,3.75784153005464
"360","CED06",40.41433232,-0.77208453,2017,398.75,16.7943835616438,3.60947945205479
"361","CED06",40.41433232,-0.77208453,2018,840.52,15.0230684931507,3.76002739726027
"362","CED06",40.41433232,-0.77208453,2019,424.25,16.309698630137,3.33679452054795
"363","CED06",40.41433232,-0.77208453,2020,736.12,16.2445081967213,4.07095628415301
"364","CED06",40.41433232,-0.77208453,2021,605.54,15.3285479452055,3.71567123287671
"365","CED06",40.41433232,-0.77208453,2022,572.18,17.2081643835616,4.96994520547945
"366","CED02",40.41280717,-0.76877803,1950,303.87,14.7974794520548,3.8681095890411
"367","CED02",40.41280717,-0.76877803,1951,629.85,12.8346849315068,3.09983561643836
"368","CED02",40.41280717,-0.76877803,1952,414.06,14.2851639344262,3.65825136612022
"369","CED02",40.41280717,-0.76877803,1953,328.98,14.3457534246575,3.58216438356164
"370","CED02",40.41280717,-0.76877803,1954,362.95,13.9984109589041,3.18249315068493
"371","CED02",40.41280717,-0.76877803,1955,543.48,14.7241643835616,4.78241095890411
"372","CED02",40.41280717,-0.76877803,1956,436.78,12.8953278688525,2.41691256830601
"373","CED02",40.41280717,-0.76877803,1957,500.11,13.8735068493151,3.22797260273973
"374","CED02",40.41280717,-0.76877803,1958,390.42,14.1147671232877,3.91706849315068
"375","CED02",40.41280717,-0.76877803,1959,746.26,13.4265753424658,3.98778082191781
"376","CED02",40.41280717,-0.76877803,1960,637.3,13.6514207650273,3.68931693989071
"377","CED02",40.41280717,-0.76877803,1961,457.62,15.5139178082192,2.5806301369863
"378","CED02",40.41280717,-0.76877803,1962,590.97,14.3948767123288,2.14120547945205
"379","CED02",40.41280717,-0.76877803,1963,597.86,13.4510684931507,1.81150684931507
"380","CED02",40.41280717,-0.76877803,1964,453.75,15.0395081967213,2.31530054644809
"381","CED02",40.41280717,-0.76877803,1965,589.89,14.196602739726,1.94723287671233
"382","CED02",40.41280717,-0.76877803,1966,551.73,14.5526849315068,2.47106849315068
"383","CED02",40.41280717,-0.76877803,1967,455.39,14.8983561643836,1.75375342465753
"384","CED02",40.41280717,-0.76877803,1968,551.35,14.5219398907104,2.19344262295082
"385","CED02",40.41280717,-0.76877803,1969,778.26,12.8087671232877,1.61150684931507
"386","CED02",40.41280717,-0.76877803,1970,470.64,14.4135068493151,1.41786301369863
"387","CED02",40.41280717,-0.76877803,1971,764.15,12.9101643835616,1.30528767123288
"388","CED02",40.41280717,-0.76877803,1972,713.44,12.4742896174863,1.43275956284153
"389","CED02",40.41280717,-0.76877803,1973,461.19,14.2233424657534,1.68942465753425
"390","CED02",40.41280717,-0.76877803,1974,582.06,13.639095890411,1.74235616438356
"391","CED02",40.41280717,-0.76877803,1975,631.13,13.7730410958904,1.78997260273973
"392","CED02",40.41280717,-0.76877803,1976,560.76,13.4654644808743,1.60650273224044
"393","CED02",40.41280717,-0.76877803,1977,717.21,13.6115616438356,1.95632876712329
"394","CED02",40.41280717,-0.76877803,1978,406.47,14.1272876712329,1.54232876712329
"395","CED02",40.41280717,-0.76877803,1979,590.17,14.1684109589041,2.41509589041096
"396","CED02",40.41280717,-0.76877803,1980,486.38,14.3539617486339,1.51360655737705
"397","CED02",40.41280717,-0.76877803,1981,398.8,15.2240273972603,2.02969863013699
"398","CED02",40.41280717,-0.76877803,1982,593.78,14.6354246575342,2.92052054794521
"399","CED02",40.41280717,-0.76877803,1983,323.6,15.5770136986301,2.86515068493151
"400","CED02",40.41280717,-0.76877803,1984,571.82,13.5396448087432,2.13311475409836
"401","CED02",40.41280717,-0.76877803,1985,375.66,14.8794794520548,3.34586301369863
"402","CED02",40.41280717,-0.76877803,1986,551.89,14.660602739726,2.80175342465753
"403","CED02",40.41280717,-0.76877803,1987,526.41,15.2260273972603,3.2858904109589
"404","CED02",40.41280717,-0.76877803,1988,596.3,14.9459836065574,2.62043715846995
"405","CED02",40.41280717,-0.76877803,1989,630.28,15.2568493150685,3.56123287671233
"406","CED02",40.41280717,-0.76877803,1990,457.35,15.304602739726,2.92865753424658
"407","CED02",40.41280717,-0.76877803,1991,448.89,14.3053424657534,2.16597260273973
"408","CED02",40.41280717,-0.76877803,1992,401.1,14.6431967213115,2.13237704918033
"409","CED02",40.41280717,-0.76877803,1993,353.17,14.4821095890411,1.57301369863014
"410","CED02",40.41280717,-0.76877803,1994,399.39,16.4785205479452,3.03583561643836
"411","CED02",40.41280717,-0.76877803,1995,338.15,15.8809315068493,2.7801095890411
"412","CED02",40.41280717,-0.76877803,1996,581.17,14.6255191256831,2.48508196721311
"413","CED02",40.41280717,-0.76877803,1997,543.13,15.7403561643836,3.57591780821918
"414","CED02",40.41280717,-0.76877803,1998,471.99,15.4841369863014,2.50504109589041
"415","CED02",40.41280717,-0.76877803,1999,456.71,15.0768219178082,2.5741095890411
"416","CED02",40.41280717,-0.76877803,2000,464,15.7552459016393,2.45275956284153
"417","CED02",40.41280717,-0.76877803,2001,348.44,15.6412054794521,2.7267397260274
"418","CED02",40.41280717,-0.76877803,2002,657.91,15.2705205479452,3.33290410958904
"419","CED02",40.41280717,-0.76877803,2003,611.46,15.5306575342466,3.54808219178082
"420","CED02",40.41280717,-0.76877803,2004,444.06,15.2325683060109,2.5542349726776
"421","CED02",40.41280717,-0.76877803,2005,371.75,15.5411506849315,2.42846575342466
"422","CED02",40.41280717,-0.76877803,2006,435.09,16.3044931506849,3.93120547945205
"423","CED02",40.41280717,-0.76877803,2007,517.77,15.3309315068493,2.84712328767123
"424","CED02",40.41280717,-0.76877803,2008,704.95,14.4740983606557,3.02887978142076
"425","CED02",40.41280717,-0.76877803,2009,462.42,16.0334520547945,3.58008219178082
"426","CED02",40.41280717,-0.76877803,2010,645.31,14.0945205479452,2.83613698630137
"427","CED02",40.41280717,-0.76877803,2011,545.85,16.1292054794521,3.79879452054795
"428","CED02",40.41280717,-0.76877803,2012,499.52,15.7142349726776,3.12390710382514
"429","CED02",40.41280717,-0.76877803,2013,599.43,14.405397260274,2.86202739726027
"430","CED02",40.41280717,-0.76877803,2014,468.26,15.8488219178082,4.0906301369863
"431","CED02",40.41280717,-0.76877803,2015,538.09,16.3408493150685,4.07706849315069
"432","CED02",40.41280717,-0.76877803,2016,478.76,15.7819398907104,3.75784153005464
"433","CED02",40.41280717,-0.76877803,2017,398.75,16.7943835616438,3.60947945205479
"434","CED02",40.41280717,-0.76877803,2018,840.52,15.0230684931507,3.76002739726027
"435","CED02",40.41280717,-0.76877803,2019,424.25,16.309698630137,3.33679452054795
"436","CED02",40.41280717,-0.76877803,2020,736.12,16.2445081967213,4.07095628415301
"437","CED02",40.41280717,-0.76877803,2021,605.54,15.3285479452055,3.71567123287671
"438","CED02",40.41280717,-0.76877803,2022,572.18,17.2081643835616,4.96994520547945
"439","CED03",40.4131838,-0.76817604,1950,303.87,14.7974794520548,3.8681095890411
"440","CED03",40.4131838,-0.76817604,1951,629.85,12.8346849315068,3.09983561643836
"441","CED03",40.4131838,-0.76817604,1952,414.06,14.2851639344262,3.65825136612022
"442","CED03",40.4131838,-0.76817604,1953,328.98,14.3457534246575,3.58216438356164
"443","CED03",40.4131838,-0.76817604,1954,362.95,13.9984109589041,3.18249315068493
"444","CED03",40.4131838,-0.76817604,1955,543.48,14.7241643835616,4.78241095890411
"445","CED03",40.4131838,-0.76817604,1956,436.78,12.8953278688525,2.41691256830601
"446","CED03",40.4131838,-0.76817604,1957,500.11,13.8735068493151,3.22797260273973
"447","CED03",40.4131838,-0.76817604,1958,390.42,14.1147671232877,3.91706849315068
"448","CED03",40.4131838,-0.76817604,1959,746.26,13.4265753424658,3.98778082191781
"449","CED03",40.4131838,-0.76817604,1960,637.3,13.6514207650273,3.68931693989071
"450","CED03",40.4131838,-0.76817604,1961,457.62,15.5139178082192,2.5806301369863
"451","CED03",40.4131838,-0.76817604,1962,590.97,14.3948767123288,2.14120547945205
"452","CED03",40.4131838,-0.76817604,1963,597.86,13.4510684931507,1.81150684931507
"453","CED03",40.4131838,-0.76817604,1964,453.75,15.0395081967213,2.31530054644809
"454","CED03",40.4131838,-0.76817604,1965,589.89,14.196602739726,1.94723287671233
"455","CED03",40.4131838,-0.76817604,1966,551.73,14.5526849315068,2.47106849315068
"456","CED03",40.4131838,-0.76817604,1967,455.39,14.8983561643836,1.75375342465753
"457","CED03",40.4131838,-0.76817604,1968,551.35,14.5219398907104,2.19344262295082
"458","CED03",40.4131838,-0.76817604,1969,778.26,12.8087671232877,1.61150684931507
"459","CED03",40.4131838,-0.76817604,1970,470.64,14.4135068493151,1.41786301369863
"460","CED03",40.4131838,-0.76817604,1971,764.15,12.9101643835616,1.30528767123288
"461","CED03",40.4131838,-0.76817604,1972,713.44,12.4742896174863,1.43275956284153
"462","CED03",40.4131838,-0.76817604,1973,461.19,14.2233424657534,1.68942465753425
"463","CED03",40.4131838,-0.76817604,1974,582.06,13.639095890411,1.74235616438356
"464","CED03",40.4131838,-0.76817604,1975,631.13,13.7730410958904,1.78997260273973
"465","CED03",40.4131838,-0.76817604,1976,560.76,13.4654644808743,1.60650273224044
"466","CED03",40.4131838,-0.76817604,1977,717.21,13.6115616438356,1.95632876712329
"467","CED03",40.4131838,-0.76817604,1978,406.47,14.1272876712329,1.54232876712329
"468","CED03",40.4131838,-0.76817604,1979,590.17,14.1684109589041,2.41509589041096
"469","CED03",40.4131838,-0.76817604,1980,486.38,14.3539617486339,1.51360655737705
"470","CED03",40.4131838,-0.76817604,1981,398.8,15.2240273972603,2.02969863013699
"471","CED03",40.4131838,-0.76817604,1982,593.78,14.6354246575342,2.92052054794521
"472","CED03",40.4131838,-0.76817604,1983,323.6,15.5770136986301,2.86515068493151
"473","CED03",40.4131838,-0.76817604,1984,571.82,13.5396448087432,2.13311475409836
"474","CED03",40.4131838,-0.76817604,1985,375.66,14.8794794520548,3.34586301369863
"475","CED03",40.4131838,-0.76817604,1986,551.89,14.660602739726,2.80175342465753
"476","CED03",40.4131838,-0.76817604,1987,526.41,15.2260273972603,3.2858904109589
"477","CED03",40.4131838,-0.76817604,1988,596.3,14.9459836065574,2.62043715846995
"478","CED03",40.4131838,-0.76817604,1989,630.28,15.2568493150685,3.56123287671233
"479","CED03",40.4131838,-0.76817604,1990,457.35,15.304602739726,2.92865753424658
"480","CED03",40.4131838,-0.76817604,1991,448.89,14.3053424657534,2.16597260273973
"481","CED03",40.4131838,-0.76817604,1992,401.1,14.6431967213115,2.13237704918033
"482","CED03",40.4131838,-0.76817604,1993,353.17,14.4821095890411,1.57301369863014
"483","CED03",40.4131838,-0.76817604,1994,399.39,16.4785205479452,3.03583561643836
"484","CED03",40.4131838,-0.76817604,1995,338.15,15.8809315068493,2.7801095890411
"485","CED03",40.4131838,-0.76817604,1996,581.17,14.6255191256831,2.48508196721311
"486","CED03",40.4131838,-0.76817604,1997,543.13,15.7403561643836,3.57591780821918
"487","CED03",40.4131838,-0.76817604,1998,471.99,15.4841369863014,2.50504109589041
"488","CED03",40.4131838,-0.76817604,1999,456.71,15.0768219178082,2.5741095890411
"489","CED03",40.4131838,-0.76817604,2000,464,15.7552459016393,2.45275956284153
"490","CED03",40.4131838,-0.76817604,2001,348.44,15.6412054794521,2.7267397260274
"491","CED03",40.4131838,-0.76817604,2002,657.91,15.2705205479452,3.33290410958904
"492","CED03",40.4131838,-0.76817604,2003,611.46,15.5306575342466,3.54808219178082
"493","CED03",40.4131838,-0.76817604,2004,444.06,15.2325683060109,2.5542349726776
"494","CED03",40.4131838,-0.76817604,2005,371.75,15.5411506849315,2.42846575342466
"495","CED03",40.4131838,-0.76817604,2006,435.09,16.3044931506849,3.93120547945205
"496","CED03",40.4131838,-0.76817604,2007,517.77,15.3309315068493,2.84712328767123
"497","CED03",40.4131838,-0.76817604,2008,704.95,14.4740983606557,3.02887978142076
"498","CED03",40.4131838,-0.76817604,2009,462.42,16.0334520547945,3.58008219178082
"499","CED03",40.4131838,-0.76817604,2010,645.31,14.0945205479452,2.83613698630137
"500","CED03",40.4131838,-0.76817604,2011,545.85,16.1292054794521,3.79879452054795
"501","CED03",40.4131838,-0.76817604,2012,499.52,15.7142349726776,3.12390710382514
"502","CED03",40.4131838,-0.76817604,2013,599.43,14.405397260274,2.86202739726027
"503","CED03",40.4131838,-0.76817604,2014,468.26,15.8488219178082,4.0906301369863
"504","CED03",40.4131838,-0.76817604,2015,538.09,16.3408493150685,4.07706849315069
"505","CED03",40.4131838,-0.76817604,2016,478.76,15.7819398907104,3.75784153005464
"506","CED03",40.4131838,-0.76817604,2017,398.75,16.7943835616438,3.60947945205479
"507","CED03",40.4131838,-0.76817604,2018,840.52,15.0230684931507,3.76002739726027
"508","CED03",40.4131838,-0.76817604,2019,424.25,16.309698630137,3.33679452054795
"509","CED03",40.4131838,-0.76817604,2020,736.12,16.2445081967213,4.07095628415301
"510","CED03",40.4131838,-0.76817604,2021,605.54,15.3285479452055,3.71567123287671
"511","CED03",40.4131838,-0.76817604,2022,572.18,17.2081643835616,4.96994520547945
"512","CED04",40.41323518,-0.76708608,1950,303.87,14.7974794520548,3.8681095890411
"513","CED04",40.41323518,-0.76708608,1951,629.85,12.8346849315068,3.09983561643836
"514","CED04",40.41323518,-0.76708608,1952,414.06,14.2851639344262,3.65825136612022
"515","CED04",40.41323518,-0.76708608,1953,328.98,14.3457534246575,3.58216438356164
"516","CED04",40.41323518,-0.76708608,1954,362.95,13.9984109589041,3.18249315068493
"517","CED04",40.41323518,-0.76708608,1955,543.48,14.7241643835616,4.78241095890411
"518","CED04",40.41323518,-0.76708608,1956,436.78,12.8953278688525,2.41691256830601
"519","CED04",40.41323518,-0.76708608,1957,500.11,13.8735068493151,3.22797260273973
"520","CED04",40.41323518,-0.76708608,1958,390.42,14.1147671232877,3.91706849315068
"521","CED04",40.41323518,-0.76708608,1959,746.26,13.4265753424658,3.98778082191781
"522","CED04",40.41323518,-0.76708608,1960,637.3,13.6514207650273,3.68931693989071
"523","CED04",40.41323518,-0.76708608,1961,457.62,15.5139178082192,2.5806301369863
"524","CED04",40.41323518,-0.76708608,1962,590.97,14.3948767123288,2.14120547945205
"525","CED04",40.41323518,-0.76708608,1963,597.86,13.4510684931507,1.81150684931507
"526","CED04",40.41323518,-0.76708608,1964,453.75,15.0395081967213,2.31530054644809
"527","CED04",40.41323518,-0.76708608,1965,589.89,14.196602739726,1.94723287671233
"528","CED04",40.41323518,-0.76708608,1966,551.73,14.5526849315068,2.47106849315068
"529","CED04",40.41323518,-0.76708608,1967,455.39,14.8983561643836,1.75375342465753
"530","CED04",40.41323518,-0.76708608,1968,551.35,14.5219398907104,2.19344262295082
"531","CED04",40.41323518,-0.76708608,1969,778.26,12.8087671232877,1.61150684931507
"532","CED04",40.41323518,-0.76708608,1970,470.64,14.4135068493151,1.41786301369863
"533","CED04",40.41323518,-0.76708608,1971,764.15,12.9101643835616,1.30528767123288
"534","CED04",40.41323518,-0.76708608,1972,713.44,12.4742896174863,1.43275956284153
"535","CED04",40.41323518,-0.76708608,1973,461.19,14.2233424657534,1.68942465753425
"536","CED04",40.41323518,-0.76708608,1974,582.06,13.639095890411,1.74235616438356
"537","CED04",40.41323518,-0.76708608,1975,631.13,13.7730410958904,1.78997260273973
"538","CED04",40.41323518,-0.76708608,1976,560.76,13.4654644808743,1.60650273224044
"539","CED04",40.41323518,-0.76708608,1977,717.21,13.6115616438356,1.95632876712329
"540","CED04",40.41323518,-0.76708608,1978,406.47,14.1272876712329,1.54232876712329
"541","CED04",40.41323518,-0.76708608,1979,590.17,14.1684109589041,2.41509589041096
"542","CED04",40.41323518,-0.76708608,1980,486.38,14.3539617486339,1.51360655737705
"543","CED04",40.41323518,-0.76708608,1981,398.8,15.2240273972603,2.02969863013699
"544","CED04",40.41323518,-0.76708608,1982,593.78,14.6354246575342,2.92052054794521
"545","CED04",40.41323518,-0.76708608,1983,323.6,15.5770136986301,2.86515068493151
"546","CED04",40.41323518,-0.76708608,1984,571.82,13.5396448087432,2.13311475409836
"547","CED04",40.41323518,-0.76708608,1985,375.66,14.8794794520548,3.34586301369863
"548","CED04",40.41323518,-0.76708608,1986,551.89,14.660602739726,2.80175342465753
"549","CED04",40.41323518,-0.76708608,1987,526.41,15.2260273972603,3.2858904109589
"550","CED04",40.41323518,-0.76708608,1988,596.3,14.9459836065574,2.62043715846995
"551","CED04",40.41323518,-0.76708608,1989,630.28,15.2568493150685,3.56123287671233
"552","CED04",40.41323518,-0.76708608,1990,457.35,15.304602739726,2.92865753424658
"553","CED04",40.41323518,-0.76708608,1991,448.89,14.3053424657534,2.16597260273973
"554","CED04",40.41323518,-0.76708608,1992,401.1,14.6431967213115,2.13237704918033
"555","CED04",40.41323518,-0.76708608,1993,353.17,14.4821095890411,1.57301369863014
"556","CED04",40.41323518,-0.76708608,1994,399.39,16.4785205479452,3.03583561643836
"557","CED04",40.41323518,-0.76708608,1995,338.15,15.8809315068493,2.7801095890411
"558","CED04",40.41323518,-0.76708608,1996,581.17,14.6255191256831,2.48508196721311
"559","CED04",40.41323518,-0.76708608,1997,543.13,15.7403561643836,3.57591780821918
"560","CED04",40.41323518,-0.76708608,1998,471.99,15.4841369863014,2.50504109589041
"561","CED04",40.41323518,-0.76708608,1999,456.71,15.0768219178082,2.5741095890411
"562","CED04",40.41323518,-0.76708608,2000,464,15.7552459016393,2.45275956284153
"563","CED04",40.41323518,-0.76708608,2001,348.44,15.6412054794521,2.7267397260274
"564","CED04",40.41323518,-0.76708608,2002,657.91,15.2705205479452,3.33290410958904
"565","CED04",40.41323518,-0.76708608,2003,611.46,15.5306575342466,3.54808219178082
"566","CED04",40.41323518,-0.76708608,2004,444.06,15.2325683060109,2.5542349726776
"567","CED04",40.41323518,-0.76708608,2005,371.75,15.5411506849315,2.42846575342466
"568","CED04",40.41323518,-0.76708608,2006,435.09,16.3044931506849,3.93120547945205
"569","CED04",40.41323518,-0.76708608,2007,517.77,15.3309315068493,2.84712328767123
"570","CED04",40.41323518,-0.76708608,2008,704.95,14.4740983606557,3.02887978142076
"571","CED04",40.41323518,-0.76708608,2009,462.42,16.0334520547945,3.58008219178082
"572","CED04",40.41323518,-0.76708608,2010,645.31,14.0945205479452,2.83613698630137
"573","CED04",40.41323518,-0.76708608,2011,545.85,16.1292054794521,3.79879452054795
"574","CED04",40.41323518,-0.76708608,2012,499.52,15.7142349726776,3.12390710382514
"575","CED04",40.41323518,-0.76708608,2013,599.43,14.405397260274,2.86202739726027
"576","CED04",40.41323518,-0.76708608,2014,468.26,15.8488219178082,4.0906301369863
"577","CED04",40.41323518,-0.76708608,2015,538.09,16.3408493150685,4.07706849315069
"578","CED04",40.41323518,-0.76708608,2016,478.76,15.7819398907104,3.75784153005464
"579","CED04",40.41323518,-0.76708608,2017,398.75,16.7943835616438,3.60947945205479
"580","CED04",40.41323518,-0.76708608,2018,840.52,15.0230684931507,3.76002739726027
"581","CED04",40.41323518,-0.76708608,2019,424.25,16.309698630137,3.33679452054795
"582","CED04",40.41323518,-0.76708608,2020,736.12,16.2445081967213,4.07095628415301
"583","CED04",40.41323518,-0.76708608,2021,605.54,15.3285479452055,3.71567123287671
"584","CED04",40.41323518,-0.76708608,2022,572.18,17.2081643835616,4.96994520547945
"585","CED05",40.4118709,-0.76610273,1950,309.8,14.6116712328767,3.65605479452055
"586","CED05",40.4118709,-0.76610273,1951,643.9,12.6491506849315,2.8867397260274
"587","CED05",40.4118709,-0.76610273,1952,423.67,14.1037431693989,3.4548087431694
"588","CED05",40.4118709,-0.76610273,1953,334.15,14.1667123287671,3.37832876712329
"589","CED05",40.4118709,-0.76610273,1954,368.56,13.8182465753425,2.97506849315069
"590","CED05",40.4118709,-0.76610273,1955,556.26,14.5422739726027,4.5741095890411
"591","CED05",40.4118709,-0.76610273,1956,444.29,12.7127049180328,2.20609289617486
"592","CED05",40.4118709,-0.76610273,1957,508.69,13.692602739726,3.02052054794521
"593","CED05",40.4118709,-0.76610273,1958,400.05,13.929698630137,3.69920547945205
"594","CED05",40.4118709,-0.76610273,1959,759.83,13.2424931506849,3.76808219178082
"595","CED05",40.4118709,-0.76610273,1960,651.21,13.466912568306,3.4674043715847
"596","CED05",40.4118709,-0.76610273,1961,468.32,15.3303835616438,2.37347945205479
"597","CED05",40.4118709,-0.76610273,1962,603.96,14.2116164383562,1.93167123287671
"598","CED05",40.4118709,-0.76610273,1963,614.05,13.2669315068493,1.59808219178082
"599","CED05",40.4118709,-0.76610273,1964,464.48,14.8560655737705,2.10838797814208
"600","CED05",40.4118709,-0.76610273,1965,603.11,14.012,1.73920547945205
"601","CED05",40.4118709,-0.76610273,1966,565.53,14.3667671232877,2.26698630136986
"602","CED05",40.4118709,-0.76610273,1967,466.19,14.7150410958904,1.55268493150685
"603","CED05",40.4118709,-0.76610273,1968,562.53,14.3348633879781,1.98800546448087
"604","CED05",40.4118709,-0.76610273,1969,794.72,12.6214246575342,1.41
"605","CED05",40.4118709,-0.76610273,1970,483.72,14.228904109589,1.21835616438356
"606","CED05",40.4118709,-0.76610273,1971,781.72,12.7242191780822,1.10230136986301
"607","CED05",40.4118709,-0.76610273,1972,731.51,12.2832786885246,1.22284153005464
"608","CED05",40.4118709,-0.76610273,1973,469.91,14.0384931506849,1.48652054794521
"609","CED05",40.4118709,-0.76610273,1974,593.23,13.4509315068493,1.53287671232877
"610","CED05",40.4118709,-0.76610273,1975,643.03,13.5864109589041,1.58145205479452
"611","CED05",40.4118709,-0.76610273,1976,572.94,13.278087431694,1.39956284153005
"612","CED05",40.4118709,-0.76610273,1977,736.36,13.4254520547945,1.74731506849315
"613","CED05",40.4118709,-0.76610273,1978,416.38,13.9392328767123,1.33312328767123
"614","CED05",40.4118709,-0.76610273,1979,603.27,13.9784383561644,2.20898630136986
"615","CED05",40.4118709,-0.76610273,1980,496.52,14.1712021857923,1.31169398907104
"616","CED05",40.4118709,-0.76610273,1981,407.11,15.0382465753425,1.82841095890411
"617","CED05",40.4118709,-0.76610273,1982,607.02,14.4489863013699,2.71323287671233
"618","CED05",40.4118709,-0.76610273,1983,328.27,15.3914794520548,2.66246575342466
"619","CED05",40.4118709,-0.76610273,1984,581.94,13.3529781420765,1.92530054644809
"620","CED05",40.4118709,-0.76610273,1985,385.73,14.6962739726027,3.13997260273973
"621","CED05",40.4118709,-0.76610273,1986,563.65,14.4725753424658,2.60230136986301
"622","CED05",40.4118709,-0.76610273,1987,540.09,15.0432602739726,3.08597260273973
"623","CED05",40.4118709,-0.76610273,1988,607.37,14.759781420765,2.42377049180328
"624","CED05",40.4118709,-0.76610273,1989,644.69,15.0678904109589,3.36794520547945
"625","CED05",40.4118709,-0.76610273,1990,467.55,15.1178630136986,2.73764383561644
"626","CED05",40.4118709,-0.76610273,1991,459.89,14.1185753424658,1.97364383561644
"627","CED05",40.4118709,-0.76610273,1992,410.98,14.4557650273224,1.93726775956284
"628","CED05",40.4118709,-0.76610273,1993,361.58,14.2947123287671,1.37906849315068
"629","CED05",40.4118709,-0.76610273,1994,408.54,16.290904109589,2.84221917808219
"630","CED05",40.4118709,-0.76610273,1995,344.82,15.6869863013699,2.58265753424658
"631","CED05",40.4118709,-0.76610273,1996,597.62,14.4322950819672,2.28549180327869
"632","CED05",40.4118709,-0.76610273,1997,555.72,15.551397260274,3.37679452054795
"633","CED05",40.4118709,-0.76610273,1998,483.37,15.2951780821918,2.31139726027397
"634","CED05",40.4118709,-0.76610273,1999,466.29,14.8879726027397,2.37961643835616
"635","CED05",40.4118709,-0.76610273,2000,474.74,15.5670218579235,2.26207650273224
"636","CED05",40.4118709,-0.76610273,2001,358.3,15.452904109589,2.53249315068493
"637","CED05",40.4118709,-0.76610273,2002,670.93,15.08,3.1387397260274
"638","CED05",40.4118709,-0.76610273,2003,622.67,15.3417534246575,3.35509589041096
"639","CED05",40.4118709,-0.76610273,2004,454.82,15.0434972677596,2.35453551912568
"640","CED05",40.4118709,-0.76610273,2005,380.34,15.3475890410959,2.23367123287671
"641","CED05",40.4118709,-0.76610273,2006,445.78,16.1207671232877,3.7432602739726
"642","CED05",40.4118709,-0.76610273,2007,526.41,15.1458356164384,2.65608219178082
"643","CED05",40.4118709,-0.76610273,2008,720.17,14.275737704918,2.83562841530055
"644","CED05",40.4118709,-0.76610273,2009,476.41,15.8353424657534,3.39219178082192
"645","CED05",40.4118709,-0.76610273,2010,658.08,13.8984931506849,2.64178082191781
"646","CED05",40.4118709,-0.76610273,2011,557.89,15.9252602739726,3.60652054794521
"647","CED05",40.4118709,-0.76610273,2012,511.8,15.5091803278689,2.93505464480874
"648","CED05",40.4118709,-0.76610273,2013,616.9,14.1985479452055,2.6672602739726
"649","CED05",40.4118709,-0.76610273,2014,481.92,15.6372328767123,3.89030136986301
"650","CED05",40.4118709,-0.76610273,2015,549.61,16.1371506849315,3.88698630136986
"651","CED05",40.4118709,-0.76610273,2016,490.14,15.5760928961749,3.56106557377049
"652","CED05",40.4118709,-0.76610273,2017,411.16,16.5855890410959,3.41786301369863
"653","CED05",40.4118709,-0.76610273,2018,860.46,14.8160547945205,3.56482191780822
"654","CED05",40.4118709,-0.76610273,2019,434.51,16.1046849315068,3.14380821917808
"655","CED05",40.4118709,-0.76610273,2020,757.42,16.0337158469945,3.88169398907104
"656","CED05",40.4118709,-0.76610273,2021,619.34,15.1204109589041,3.52279452054795
"657","CED05",40.4118709,-0.76610273,2022,587.02,16.9973698630137,4.78575342465753
"658","COR04",40.44071301,-0.9820777,1950,292.58,16.0555616438356,4.63115068493151
"659","COR04",40.44071301,-0.9820777,1951,561.34,14.0723561643836,3.87290410958904
"660","COR04",40.44071301,-0.9820777,1952,375.42,15.4491530054645,4.2466393442623
"661","COR04",40.44071301,-0.9820777,1953,326.7,15.5357534246575,4.24227397260274
"662","COR04",40.44071301,-0.9820777,1954,340.49,15.1855616438356,3.87967123287671
"663","COR04",40.44071301,-0.9820777,1955,530.52,15.9297534246575,5.53271232876712
"664","COR04",40.44071301,-0.9820777,1956,394.73,14.0824590163934,3.17188524590164
"665","COR04",40.44071301,-0.9820777,1957,446.97,15.0801095890411,3.94750684931507
"666","COR04",40.44071301,-0.9820777,1958,373.15,15.3528767123288,4.80375342465753
"667","COR04",40.44071301,-0.9820777,1959,672.13,14.6669863013699,4.91380821917808
"668","COR04",40.44071301,-0.9820777,1960,592.8,14.8866393442623,4.62592896174863
"669","COR04",40.44071301,-0.9820777,1961,426.9,16.7965479452055,3.23158904109589
"670","COR04",40.44071301,-0.9820777,1962,525.93,15.6497260273973,2.81342465753425
"671","COR04",40.44071301,-0.9820777,1963,538.41,14.6784657534247,2.53556164383562
"672","COR04",40.44071301,-0.9820777,1964,396.52,16.2883333333333,2.92311475409836
"673","COR04",40.44071301,-0.9820777,1965,515.79,15.4511232876712,2.62487671232877
"674","COR04",40.44071301,-0.9820777,1966,496.12,15.8035890410959,3.07969863013699
"675","COR04",40.44071301,-0.9820777,1967,380.5,16.1335890410959,2.26838356164384
"676","COR04",40.44071301,-0.9820777,1968,488.68,15.8058743169399,2.77904371584699
"677","COR04",40.44071301,-0.9820777,1969,699.47,14.0638082191781,2.16909589041096
"678","COR04",40.44071301,-0.9820777,1970,428.38,15.6581095890411,1.92772602739726
"679","COR04",40.44071301,-0.9820777,1971,679.13,14.1401095890411,1.86904109589041
"680","COR04",40.44071301,-0.9820777,1972,614.19,13.7870765027322,2.1346174863388
"681","COR04",40.44071301,-0.9820777,1973,421.72,15.4685753424658,2.27219178082192
"682","COR04",40.44071301,-0.9820777,1974,524.58,14.9372602739726,2.40652054794521
"683","COR04",40.44071301,-0.9820777,1975,589.65,15.0561095890411,2.4572602739726
"684","COR04",40.44071301,-0.9820777,1976,505.83,14.7809016393443,2.27308743169399
"685","COR04",40.44071301,-0.9820777,1977,625.18,14.8800273972603,2.66391780821918
"686","COR04",40.44071301,-0.9820777,1978,372.09,15.4100547945205,2.22216438356164
"687","COR04",40.44071301,-0.9820777,1979,544.98,15.4858082191781,3.06638356164384
"688","COR04",40.44071301,-0.9820777,1980,441.96,15.5990710382514,2.085
"689","COR04",40.44071301,-0.9820777,1981,351.09,16.5148767123288,2.55698630136986
"690","COR04",40.44071301,-0.9820777,1982,527.29,15.9322191780822,3.58632876712329
"691","COR04",40.44071301,-0.9820777,1983,301.44,16.8619452054795,3.43586301369863
"692","COR04",40.44071301,-0.9820777,1984,508.21,14.8114207650273,2.78945355191257
"693","COR04",40.44071301,-0.9820777,1985,338.73,16.1226575342466,4.00493150684932
"694","COR04",40.44071301,-0.9820777,1986,510.51,15.9476438356164,3.35391780821918
"695","COR04",40.44071301,-0.9820777,1987,473.17,16.4512328767123,3.86139726027397
"696","COR04",40.44071301,-0.9820777,1988,543.33,16.2220765027322,3.11218579234973
"697","COR04",40.44071301,-0.9820777,1989,569.69,16.6009589041096,4.00797260273973
"698","COR04",40.44071301,-0.9820777,1990,385.75,16.6248493150685,3.34558904109589
"699","COR04",40.44071301,-0.9820777,1991,401.26,15.5944657534247,2.62046575342466
"700","COR04",40.44071301,-0.9820777,1992,338.04,15.972650273224,2.57311475409836
"701","COR04",40.44071301,-0.9820777,1993,305.09,15.8000821917808,2.02079452054795
"702","COR04",40.44071301,-0.9820777,1994,348.27,17.814602739726,3.50112328767123
"703","COR04",40.44071301,-0.9820777,1995,314.58,17.3015616438356,3.28230136986301
"704","COR04",40.44071301,-0.9820777,1996,499.59,16.0243169398907,3.04524590163934
"705","COR04",40.44071301,-0.9820777,1997,513.27,17.077095890411,4.12635616438356
"706","COR04",40.44071301,-0.9820777,1998,401.46,16.8003835616438,2.9586301369863
"707","COR04",40.44071301,-0.9820777,1999,428.17,16.3823561643836,3.04117808219178
"708","COR04",40.44071301,-0.9820777,2000,407.45,17.0749180327869,2.82997267759563
"709","COR04",40.44071301,-0.9820777,2001,283.69,16.9508493150685,3.14742465753425
"710","COR04",40.44071301,-0.9820777,2002,607.99,16.6193150684932,3.80145205479452
"711","COR04",40.44071301,-0.9820777,2003,557.15,16.8593424657534,3.95542465753425
"712","COR04",40.44071301,-0.9820777,2004,389.61,16.5816666666667,3.0674043715847
"713","COR04",40.44071301,-0.9820777,2005,317.31,16.9555890410959,2.87490410958904
"714","COR04",40.44071301,-0.9820777,2006,377.28,17.5456712328767,4.28408219178082
"715","COR04",40.44071301,-0.9820777,2007,471.34,16.5901095890411,3.23117808219178
"716","COR04",40.44071301,-0.9820777,2008,590.02,15.9758743169399,3.4707650273224
"717","COR04",40.44071301,-0.9820777,2009,372.47,17.5367397260274,3.94893150684931
"718","COR04",40.44071301,-0.9820777,2010,601.74,15.5434520547945,3.34717808219178
"719","COR04",40.44071301,-0.9820777,2011,445.01,17.7547671232877,4.2572602739726
"720","COR04",40.44071301,-0.9820777,2012,417.8,17.3245901639344,3.48986338797814
"721","COR04",40.44071301,-0.9820777,2013,470.78,16.0144109589041,3.31605479452055
"722","COR04",40.44071301,-0.9820777,2014,396.08,17.5848219178082,4.64923287671233
"723","COR04",40.44071301,-0.9820777,2015,461.89,17.9777260273973,4.45978082191781
"724","COR04",40.44071301,-0.9820777,2016,423.24,17.4400546448087,4.27472677595628
"725","COR04",40.44071301,-0.9820777,2017,314.79,18.5201369863014,4.01997260273973
"726","COR04",40.44071301,-0.9820777,2018,688.13,16.6684383561644,4.27243835616438
"727","COR04",40.44071301,-0.9820777,2019,364.13,17.9153424657534,3.78523287671233
"728","COR04",40.44071301,-0.9820777,2020,579.16,17.9543169398907,4.48054644808743
"729","COR04",40.44071301,-0.9820777,2021,542.77,17.0015342465753,4.17635616438356
"730","COR04",40.44071301,-0.9820777,2022,438.8,18.9268493150685,5.27956164383562
"731","COR02",40.44049272,-0.98370607,1950,283.06,16.3683287671233,4.92794520547945
"732","COR02",40.44049272,-0.98370607,1951,543.16,14.3905753424658,4.17339726027397
"733","COR02",40.44049272,-0.98370607,1952,362.97,15.756174863388,4.53601092896175
"734","COR02",40.44049272,-0.98370607,1953,318.57,15.8339452054795,4.52627397260274
"735","COR02",40.44049272,-0.98370607,1954,330.14,15.4885753424658,4.16654794520548
"736","COR02",40.44049272,-0.98370607,1955,513.02,16.2344931506849,5.81931506849315
"737","COR02",40.44049272,-0.98370607,1956,383.33,14.388087431694,3.46663934426229
"738","COR02",40.44049272,-0.98370607,1957,436.25,15.3832876712329,4.23745205479452
"739","COR02",40.44049272,-0.98370607,1958,359.66,15.6670684931507,5.11241095890411
"740","COR02",40.44049272,-0.98370607,1959,649.99,14.9808219178082,5.22339726027397
"741","COR02",40.44049272,-0.98370607,1960,572.09,15.1977868852459,4.93956284153005
"742","COR02",40.44049272,-0.98370607,1961,407.72,17.1051232876712,3.52791780821918
"743","COR02",40.44049272,-0.98370607,1962,505.48,15.954904109589,3.11597260273973
"744","COR02",40.44049272,-0.98370607,1963,515.12,14.9898082191781,2.84095890410959
"745","COR02",40.44049272,-0.98370607,1964,378.2,16.5933333333333,3.22016393442623
"746","COR02",40.44049272,-0.98370607,1965,494.42,15.762301369863,2.92435616438356
"747","COR02",40.44049272,-0.98370607,1966,476.53,16.1176164383562,3.36734246575342
"748","COR02",40.44049272,-0.98370607,1967,361.77,16.4398630136986,2.55243835616438
"749","COR02",40.44049272,-0.98370607,1968,463.69,16.1198087431694,3.0703825136612
"750","COR02",40.44049272,-0.98370607,1969,673.03,14.3841369863014,2.45060273972603
"751","COR02",40.44049272,-0.98370607,1970,410.25,15.97,2.21041095890411
"752","COR02",40.44049272,-0.98370607,1971,653.5,14.457095890411,2.15583561643836
"753","COR02",40.44049272,-0.98370607,1972,587.64,14.1150273224044,2.4305737704918
"754","COR02",40.44049272,-0.98370607,1973,408.11,15.7810410958904,2.55734246575342
"755","COR02",40.44049272,-0.98370607,1974,504.67,15.2564657534247,2.70175342465753
"756","COR02",40.44049272,-0.98370607,1975,571.42,15.3711506849315,2.75427397260274
"757","COR02",40.44049272,-0.98370607,1976,488.13,15.098606557377,2.56590163934426
"758","COR02",40.44049272,-0.98370607,1977,602.84,15.1955890410959,2.95917808219178
"759","COR02",40.44049272,-0.98370607,1978,358.3,15.7255890410959,2.52021917808219
"760","COR02",40.44049272,-0.98370607,1979,523.56,15.8068493150685,3.35715068493151
"761","COR02",40.44049272,-0.98370607,1980,424.81,15.9056010928962,2.37035519125683
"762","COR02",40.44049272,-0.98370607,1981,338.43,16.8241095890411,2.84035616438356
"763","COR02",40.44049272,-0.98370607,1982,508.51,16.2447397260274,3.88098630136986
"764","COR02",40.44049272,-0.98370607,1983,290.17,17.1702191780822,3.71917808219178
"765","COR02",40.44049272,-0.98370607,1984,485.81,15.1262295081967,3.07959016393443
"766","COR02",40.44049272,-0.98370607,1985,322.42,16.432,4.28975342465753
"767","COR02",40.44049272,-0.98370607,1986,496.99,16.268301369863,3.62649315068493
"768","COR02",40.44049272,-0.98370607,1987,455.72,16.7618356164384,4.1321095890411
"769","COR02",40.44049272,-0.98370607,1988,525.37,16.5373770491803,3.37784153005464
"770","COR02",40.44049272,-0.98370607,1989,552.07,16.9189589041096,4.26832876712329
"771","COR02",40.44049272,-0.98370607,1990,374.11,16.9403835616438,3.60197260273973
"772","COR02",40.44049272,-0.98370607,1991,388.1,15.9090410958904,2.88005479452055
"773","COR02",40.44049272,-0.98370607,1992,325.46,16.2884699453552,2.83994535519126
"774","COR02",40.44049272,-0.98370607,1993,290.8,16.1194794520548,2.28309589041096
"775","COR02",40.44049272,-0.98370607,1994,335.29,18.1346849315069,3.76241095890411
"776","COR02",40.44049272,-0.98370607,1995,303.25,17.6293698630137,3.55139726027397
"777","COR02",40.44049272,-0.98370607,1996,476.7,16.3548907103825,3.3198087431694
"778","COR02",40.44049272,-0.98370607,1997,496.85,17.3980273972603,4.40065753424658
"779","COR02",40.44049272,-0.98370607,1998,388.82,17.1206301369863,3.2218904109589
"780","COR02",40.44049272,-0.98370607,1999,414.32,16.7067397260274,3.30778082191781
"781","COR02",40.44049272,-0.98370607,2000,394.57,17.3964480874317,3.08562841530055
"782","COR02",40.44049272,-0.98370607,2001,272.97,17.2735068493151,3.41276712328767
"783","COR02",40.44049272,-0.98370607,2002,587.54,16.9448219178082,4.06364383561644
"784","COR02",40.44049272,-0.98370607,2003,539.91,17.1838630136986,4.21498630136986
"785","COR02",40.44049272,-0.98370607,2004,374.92,16.9045901639344,3.33975409836066
"786","COR02",40.44049272,-0.98370607,2005,303.62,17.2823287671233,3.13819178082192
"787","COR02",40.44049272,-0.98370607,2006,361.23,17.8587123287671,4.53079452054795
"788","COR02",40.44049272,-0.98370607,2007,455.25,16.9057808219178,3.48597260273973
"789","COR02",40.44049272,-0.98370607,2008,568.29,16.3134426229508,3.72765027322404
"790","COR02",40.44049272,-0.98370607,2009,352.38,17.8705205479452,4.19471232876712
"791","COR02",40.44049272,-0.98370607,2010,581.17,15.8750684931507,3.60586301369863
"792","COR02",40.44049272,-0.98370607,2011,423.29,18.1009589041096,4.51232876712329
"793","COR02",40.44049272,-0.98370607,2012,398.47,17.6744262295082,3.74081967213115
"794","COR02",40.44049272,-0.98370607,2013,447.07,16.3677260273973,3.57654794520548
"795","COR02",40.44049272,-0.98370607,2014,370.46,17.9484109589041,4.91947945205479
"796","COR02",40.44049272,-0.98370607,2015,441.48,18.3225479452055,4.71205479452055
"797","COR02",40.44049272,-0.98370607,2016,400.76,17.7950546448087,4.54021857923497
"798","COR02",40.44049272,-0.98370607,2017,300.34,18.8734246575342,4.27408219178082
"799","COR02",40.44049272,-0.98370607,2018,661.76,17.0264657534247,4.53547945205479
"800","COR02",40.44049272,-0.98370607,2019,346.47,18.2664657534247,4.04515068493151
"801","COR02",40.44049272,-0.98370607,2020,550.85,18.3141530054645,4.73139344262295
"802","COR02",40.44049272,-0.98370607,2021,523.82,17.3568493150685,4.43706849315068
"803","COR02",40.44049272,-0.98370607,2022,414.38,19.2862739726027,5.52438356164384
"804","COR01",40.44042441,-0.98581294,1950,283.06,16.3683287671233,4.92794520547945
"805","COR01",40.44042441,-0.98581294,1951,543.16,14.3905753424658,4.17339726027397
"806","COR01",40.44042441,-0.98581294,1952,362.97,15.756174863388,4.53601092896175
"807","COR01",40.44042441,-0.98581294,1953,318.57,15.8339452054795,4.52627397260274
"808","COR01",40.44042441,-0.98581294,1954,330.14,15.4885753424658,4.16654794520548
"809","COR01",40.44042441,-0.98581294,1955,513.02,16.2344931506849,5.81931506849315
"810","COR01",40.44042441,-0.98581294,1956,383.33,14.388087431694,3.46663934426229
"811","COR01",40.44042441,-0.98581294,1957,436.25,15.3832876712329,4.23745205479452
"812","COR01",40.44042441,-0.98581294,1958,359.66,15.6670684931507,5.11241095890411
"813","COR01",40.44042441,-0.98581294,1959,649.99,14.9808219178082,5.22339726027397
"814","COR01",40.44042441,-0.98581294,1960,572.09,15.1977868852459,4.93956284153005
"815","COR01",40.44042441,-0.98581294,1961,407.72,17.1051232876712,3.52791780821918
"816","COR01",40.44042441,-0.98581294,1962,505.48,15.954904109589,3.11597260273973
"817","COR01",40.44042441,-0.98581294,1963,515.12,14.9898082191781,2.84095890410959
"818","COR01",40.44042441,-0.98581294,1964,378.2,16.5933333333333,3.22016393442623
"819","COR01",40.44042441,-0.98581294,1965,494.42,15.762301369863,2.92435616438356
"820","COR01",40.44042441,-0.98581294,1966,476.53,16.1176164383562,3.36734246575342
"821","COR01",40.44042441,-0.98581294,1967,361.77,16.4398630136986,2.55243835616438
"822","COR01",40.44042441,-0.98581294,1968,463.69,16.1198087431694,3.0703825136612
"823","COR01",40.44042441,-0.98581294,1969,673.03,14.3841369863014,2.45060273972603
"824","COR01",40.44042441,-0.98581294,1970,410.25,15.97,2.21041095890411
"825","COR01",40.44042441,-0.98581294,1971,653.5,14.457095890411,2.15583561643836
"826","COR01",40.44042441,-0.98581294,1972,587.64,14.1150273224044,2.4305737704918
"827","COR01",40.44042441,-0.98581294,1973,408.11,15.7810410958904,2.55734246575342
"828","COR01",40.44042441,-0.98581294,1974,504.67,15.2564657534247,2.70175342465753
"829","COR01",40.44042441,-0.98581294,1975,571.42,15.3711506849315,2.75427397260274
"830","COR01",40.44042441,-0.98581294,1976,488.13,15.098606557377,2.56590163934426
"831","COR01",40.44042441,-0.98581294,1977,602.84,15.1955890410959,2.95917808219178
"832","COR01",40.44042441,-0.98581294,1978,358.3,15.7255890410959,2.52021917808219
"833","COR01",40.44042441,-0.98581294,1979,523.56,15.8068493150685,3.35715068493151
"834","COR01",40.44042441,-0.98581294,1980,424.81,15.9056010928962,2.37035519125683
"835","COR01",40.44042441,-0.98581294,1981,338.43,16.8241095890411,2.84035616438356
"836","COR01",40.44042441,-0.98581294,1982,508.51,16.2447397260274,3.88098630136986
"837","COR01",40.44042441,-0.98581294,1983,290.17,17.1702191780822,3.71917808219178
"838","COR01",40.44042441,-0.98581294,1984,485.81,15.1262295081967,3.07959016393443
"839","COR01",40.44042441,-0.98581294,1985,322.42,16.432,4.28975342465753
"840","COR01",40.44042441,-0.98581294,1986,496.99,16.268301369863,3.62649315068493
"841","COR01",40.44042441,-0.98581294,1987,455.72,16.7618356164384,4.1321095890411
"842","COR01",40.44042441,-0.98581294,1988,525.37,16.5373770491803,3.37784153005464
"843","COR01",40.44042441,-0.98581294,1989,552.07,16.9189589041096,4.26832876712329
"844","COR01",40.44042441,-0.98581294,1990,374.11,16.9403835616438,3.60197260273973
"845","COR01",40.44042441,-0.98581294,1991,388.1,15.9090410958904,2.88005479452055
"846","COR01",40.44042441,-0.98581294,1992,325.46,16.2884699453552,2.83994535519126
"847","COR01",40.44042441,-0.98581294,1993,290.8,16.1194794520548,2.28309589041096
"848","COR01",40.44042441,-0.98581294,1994,335.29,18.1346849315069,3.76241095890411
"849","COR01",40.44042441,-0.98581294,1995,303.25,17.6293698630137,3.55139726027397
"850","COR01",40.44042441,-0.98581294,1996,476.7,16.3548907103825,3.3198087431694
"851","COR01",40.44042441,-0.98581294,1997,496.85,17.3980273972603,4.40065753424658
"852","COR01",40.44042441,-0.98581294,1998,388.82,17.1206301369863,3.2218904109589
"853","COR01",40.44042441,-0.98581294,1999,414.32,16.7067397260274,3.30778082191781
"854","COR01",40.44042441,-0.98581294,2000,394.57,17.3964480874317,3.08562841530055
"855","COR01",40.44042441,-0.98581294,2001,272.97,17.2735068493151,3.41276712328767
"856","COR01",40.44042441,-0.98581294,2002,587.54,16.9448219178082,4.06364383561644
"857","COR01",40.44042441,-0.98581294,2003,539.91,17.1838630136986,4.21498630136986
"858","COR01",40.44042441,-0.98581294,2004,374.92,16.9045901639344,3.33975409836066
"859","COR01",40.44042441,-0.98581294,2005,303.62,17.2823287671233,3.13819178082192
"860","COR01",40.44042441,-0.98581294,2006,361.23,17.8587123287671,4.53079452054795
"861","COR01",40.44042441,-0.98581294,2007,455.25,16.9057808219178,3.48597260273973
"862","COR01",40.44042441,-0.98581294,2008,568.29,16.3134426229508,3.72765027322404
"863","COR01",40.44042441,-0.98581294,2009,352.38,17.8705205479452,4.19471232876712
"864","COR01",40.44042441,-0.98581294,2010,581.17,15.8750684931507,3.60586301369863
"865","COR01",40.44042441,-0.98581294,2011,423.29,18.1009589041096,4.51232876712329
"866","COR01",40.44042441,-0.98581294,2012,398.47,17.6744262295082,3.74081967213115
"867","COR01",40.44042441,-0.98581294,2013,447.07,16.3677260273973,3.57654794520548
"868","COR01",40.44042441,-0.98581294,2014,370.46,17.9484109589041,4.91947945205479
"869","COR01",40.44042441,-0.98581294,2015,441.48,18.3225479452055,4.71205479452055
"870","COR01",40.44042441,-0.98581294,2016,400.76,17.7950546448087,4.54021857923497
"871","COR01",40.44042441,-0.98581294,2017,300.34,18.8734246575342,4.27408219178082
"872","COR01",40.44042441,-0.98581294,2018,661.76,17.0264657534247,4.53547945205479
"873","COR01",40.44042441,-0.98581294,2019,346.47,18.2664657534247,4.04515068493151
"874","COR01",40.44042441,-0.98581294,2020,550.85,18.3141530054645,4.73139344262295
"875","COR01",40.44042441,-0.98581294,2021,523.82,17.3568493150685,4.43706849315068
"876","COR01",40.44042441,-0.98581294,2022,414.38,19.2862739726027,5.52438356164384
"877","COR03",40.44057739,-0.98148966,1950,292.58,16.0555616438356,4.63115068493151
"878","COR03",40.44057739,-0.98148966,1951,561.34,14.0723561643836,3.87290410958904
"879","COR03",40.44057739,-0.98148966,1952,375.42,15.4491530054645,4.2466393442623
"880","COR03",40.44057739,-0.98148966,1953,326.7,15.5357534246575,4.24227397260274
"881","COR03",40.44057739,-0.98148966,1954,340.49,15.1855616438356,3.87967123287671
"882","COR03",40.44057739,-0.98148966,1955,530.52,15.9297534246575,5.53271232876712
"883","COR03",40.44057739,-0.98148966,1956,394.73,14.0824590163934,3.17188524590164
"884","COR03",40.44057739,-0.98148966,1957,446.97,15.0801095890411,3.94750684931507
"885","COR03",40.44057739,-0.98148966,1958,373.15,15.3528767123288,4.80375342465753
"886","COR03",40.44057739,-0.98148966,1959,672.13,14.6669863013699,4.91380821917808
"887","COR03",40.44057739,-0.98148966,1960,592.8,14.8866393442623,4.62592896174863
"888","COR03",40.44057739,-0.98148966,1961,426.9,16.7965479452055,3.23158904109589
"889","COR03",40.44057739,-0.98148966,1962,525.93,15.6497260273973,2.81342465753425
"890","COR03",40.44057739,-0.98148966,1963,538.41,14.6784657534247,2.53556164383562
"891","COR03",40.44057739,-0.98148966,1964,396.52,16.2883333333333,2.92311475409836
"892","COR03",40.44057739,-0.98148966,1965,515.79,15.4511232876712,2.62487671232877
"893","COR03",40.44057739,-0.98148966,1966,496.12,15.8035890410959,3.07969863013699
"894","COR03",40.44057739,-0.98148966,1967,380.5,16.1335890410959,2.26838356164384
"895","COR03",40.44057739,-0.98148966,1968,488.68,15.8058743169399,2.77904371584699
"896","COR03",40.44057739,-0.98148966,1969,699.47,14.0638082191781,2.16909589041096
"897","COR03",40.44057739,-0.98148966,1970,428.38,15.6581095890411,1.92772602739726
"898","COR03",40.44057739,-0.98148966,1971,679.13,14.1401095890411,1.86904109589041
"899","COR03",40.44057739,-0.98148966,1972,614.19,13.7870765027322,2.1346174863388
"900","COR03",40.44057739,-0.98148966,1973,421.72,15.4685753424658,2.27219178082192
"901","COR03",40.44057739,-0.98148966,1974,524.58,14.9372602739726,2.40652054794521
"902","COR03",40.44057739,-0.98148966,1975,589.65,15.0561095890411,2.4572602739726
"903","COR03",40.44057739,-0.98148966,1976,505.83,14.7809016393443,2.27308743169399
"904","COR03",40.44057739,-0.98148966,1977,625.18,14.8800273972603,2.66391780821918
"905","COR03",40.44057739,-0.98148966,1978,372.09,15.4100547945205,2.22216438356164
"906","COR03",40.44057739,-0.98148966,1979,544.98,15.4858082191781,3.06638356164384
"907","COR03",40.44057739,-0.98148966,1980,441.96,15.5990710382514,2.085
"908","COR03",40.44057739,-0.98148966,1981,351.09,16.5148767123288,2.55698630136986
"909","COR03",40.44057739,-0.98148966,1982,527.29,15.9322191780822,3.58632876712329
"910","COR03",40.44057739,-0.98148966,1983,301.44,16.8619452054795,3.43586301369863
"911","COR03",40.44057739,-0.98148966,1984,508.21,14.8114207650273,2.78945355191257
"912","COR03",40.44057739,-0.98148966,1985,338.73,16.1226575342466,4.00493150684932
"913","COR03",40.44057739,-0.98148966,1986,510.51,15.9476438356164,3.35391780821918
"914","COR03",40.44057739,-0.98148966,1987,473.17,16.4512328767123,3.86139726027397
"915","COR03",40.44057739,-0.98148966,1988,543.33,16.2220765027322,3.11218579234973
"916","COR03",40.44057739,-0.98148966,1989,569.69,16.6009589041096,4.00797260273973
"917","COR03",40.44057739,-0.98148966,1990,385.75,16.6248493150685,3.34558904109589
"918","COR03",40.44057739,-0.98148966,1991,401.26,15.5944657534247,2.62046575342466
"919","COR03",40.44057739,-0.98148966,1992,338.04,15.972650273224,2.57311475409836
"920","COR03",40.44057739,-0.98148966,1993,305.09,15.8000821917808,2.02079452054795
"921","COR03",40.44057739,-0.98148966,1994,348.27,17.814602739726,3.50112328767123
"922","COR03",40.44057739,-0.98148966,1995,314.58,17.3015616438356,3.28230136986301
"923","COR03",40.44057739,-0.98148966,1996,499.59,16.0243169398907,3.04524590163934
"924","COR03",40.44057739,-0.98148966,1997,513.27,17.077095890411,4.12635616438356
"925","COR03",40.44057739,-0.98148966,1998,401.46,16.8003835616438,2.9586301369863
"926","COR03",40.44057739,-0.98148966,1999,428.17,16.3823561643836,3.04117808219178
"927","COR03",40.44057739,-0.98148966,2000,407.45,17.0749180327869,2.82997267759563
"928","COR03",40.44057739,-0.98148966,2001,283.69,16.9508493150685,3.14742465753425
"929","COR03",40.44057739,-0.98148966,2002,607.99,16.6193150684932,3.80145205479452
"930","COR03",40.44057739,-0.98148966,2003,557.15,16.8593424657534,3.95542465753425
"931","COR03",40.44057739,-0.98148966,2004,389.61,16.5816666666667,3.0674043715847
"932","COR03",40.44057739,-0.98148966,2005,317.31,16.9555890410959,2.87490410958904
"933","COR03",40.44057739,-0.98148966,2006,377.28,17.5456712328767,4.28408219178082
"934","COR03",40.44057739,-0.98148966,2007,471.34,16.5901095890411,3.23117808219178
"935","COR03",40.44057739,-0.98148966,2008,590.02,15.9758743169399,3.4707650273224
"936","COR03",40.44057739,-0.98148966,2009,372.47,17.5367397260274,3.94893150684931
"937","COR03",40.44057739,-0.98148966,2010,601.74,15.5434520547945,3.34717808219178
"938","COR03",40.44057739,-0.98148966,2011,445.01,17.7547671232877,4.2572602739726
"939","COR03",40.44057739,-0.98148966,2012,417.8,17.3245901639344,3.48986338797814
"940","COR03",40.44057739,-0.98148966,2013,470.78,16.0144109589041,3.31605479452055
"941","COR03",40.44057739,-0.98148966,2014,396.08,17.5848219178082,4.64923287671233
"942","COR03",40.44057739,-0.98148966,2015,461.89,17.9777260273973,4.45978082191781
"943","COR03",40.44057739,-0.98148966,2016,423.24,17.4400546448087,4.27472677595628
"944","COR03",40.44057739,-0.98148966,2017,314.79,18.5201369863014,4.01997260273973
"945","COR03",40.44057739,-0.98148966,2018,688.13,16.6684383561644,4.27243835616438
"946","COR03",40.44057739,-0.98148966,2019,364.13,17.9153424657534,3.78523287671233
"947","COR03",40.44057739,-0.98148966,2020,579.16,17.9543169398907,4.48054644808743
"948","COR03",40.44057739,-0.98148966,2021,542.77,17.0015342465753,4.17635616438356
"949","COR03",40.44057739,-0.98148966,2022,438.8,18.9268493150685,5.27956164383562
"950","COR05",40.440251,-0.9863941,1950,283.06,16.3683287671233,4.92794520547945
"951","COR05",40.440251,-0.9863941,1951,543.16,14.3905753424658,4.17339726027397
"952","COR05",40.440251,-0.9863941,1952,362.97,15.756174863388,4.53601092896175
"953","COR05",40.440251,-0.9863941,1953,318.57,15.8339452054795,4.52627397260274
"954","COR05",40.440251,-0.9863941,1954,330.14,15.4885753424658,4.16654794520548
"955","COR05",40.440251,-0.9863941,1955,513.02,16.2344931506849,5.81931506849315
"956","COR05",40.440251,-0.9863941,1956,383.33,14.388087431694,3.46663934426229
"957","COR05",40.440251,-0.9863941,1957,436.25,15.3832876712329,4.23745205479452
"958","COR05",40.440251,-0.9863941,1958,359.66,15.6670684931507,5.11241095890411
"959","COR05",40.440251,-0.9863941,1959,649.99,14.9808219178082,5.22339726027397
"960","COR05",40.440251,-0.9863941,1960,572.09,15.1977868852459,4.93956284153005
"961","COR05",40.440251,-0.9863941,1961,407.72,17.1051232876712,3.52791780821918
"962","COR05",40.440251,-0.9863941,1962,505.48,15.954904109589,3.11597260273973
"963","COR05",40.440251,-0.9863941,1963,515.12,14.9898082191781,2.84095890410959
"964","COR05",40.440251,-0.9863941,1964,378.2,16.5933333333333,3.22016393442623
"965","COR05",40.440251,-0.9863941,1965,494.42,15.762301369863,2.92435616438356
"966","COR05",40.440251,-0.9863941,1966,476.53,16.1176164383562,3.36734246575342
"967","COR05",40.440251,-0.9863941,1967,361.77,16.4398630136986,2.55243835616438
"968","COR05",40.440251,-0.9863941,1968,463.69,16.1198087431694,3.0703825136612
"969","COR05",40.440251,-0.9863941,1969,673.03,14.3841369863014,2.45060273972603
"970","COR05",40.440251,-0.9863941,1970,410.25,15.97,2.21041095890411
"971","COR05",40.440251,-0.9863941,1971,653.5,14.457095890411,2.15583561643836
"972","COR05",40.440251,-0.9863941,1972,587.64,14.1150273224044,2.4305737704918
"973","COR05",40.440251,-0.9863941,1973,408.11,15.7810410958904,2.55734246575342
"974","COR05",40.440251,-0.9863941,1974,504.67,15.2564657534247,2.70175342465753
"975","COR05",40.440251,-0.9863941,1975,571.42,15.3711506849315,2.75427397260274
"976","COR05",40.440251,-0.9863941,1976,488.13,15.098606557377,2.56590163934426
"977","COR05",40.440251,-0.9863941,1977,602.84,15.1955890410959,2.95917808219178
"978","COR05",40.440251,-0.9863941,1978,358.3,15.7255890410959,2.52021917808219
"979","COR05",40.440251,-0.9863941,1979,523.56,15.8068493150685,3.35715068493151
"980","COR05",40.440251,-0.9863941,1980,424.81,15.9056010928962,2.37035519125683
"981","COR05",40.440251,-0.9863941,1981,338.43,16.8241095890411,2.84035616438356
"982","COR05",40.440251,-0.9863941,1982,508.51,16.2447397260274,3.88098630136986
"983","COR05",40.440251,-0.9863941,1983,290.17,17.1702191780822,3.71917808219178
"984","COR05",40.440251,-0.9863941,1984,485.81,15.1262295081967,3.07959016393443
"985","COR05",40.440251,-0.9863941,1985,322.42,16.432,4.28975342465753
"986","COR05",40.440251,-0.9863941,1986,496.99,16.268301369863,3.62649315068493
"987","COR05",40.440251,-0.9863941,1987,455.72,16.7618356164384,4.1321095890411
"988","COR05",40.440251,-0.9863941,1988,525.37,16.5373770491803,3.37784153005464
"989","COR05",40.440251,-0.9863941,1989,552.07,16.9189589041096,4.26832876712329
"990","COR05",40.440251,-0.9863941,1990,374.11,16.9403835616438,3.60197260273973
"991","COR05",40.440251,-0.9863941,1991,388.1,15.9090410958904,2.88005479452055
"992","COR05",40.440251,-0.9863941,1992,325.46,16.2884699453552,2.83994535519126
"993","COR05",40.440251,-0.9863941,1993,290.8,16.1194794520548,2.28309589041096
"994","COR05",40.440251,-0.9863941,1994,335.29,18.1346849315069,3.76241095890411
"995","COR05",40.440251,-0.9863941,1995,303.25,17.6293698630137,3.55139726027397
"996","COR05",40.440251,-0.9863941,1996,476.7,16.3548907103825,3.3198087431694
"997","COR05",40.440251,-0.9863941,1997,496.85,17.3980273972603,4.40065753424658
"998","COR05",40.440251,-0.9863941,1998,388.82,17.1206301369863,3.2218904109589
"999","COR05",40.440251,-0.9863941,1999,414.32,16.7067397260274,3.30778082191781
"1000","COR05",40.440251,-0.9863941,2000,394.57,17.3964480874317,3.08562841530055
"1001","COR05",40.440251,-0.9863941,2001,272.97,17.2735068493151,3.41276712328767
"1002","COR05",40.440251,-0.9863941,2002,587.54,16.9448219178082,4.06364383561644
"1003","COR05",40.440251,-0.9863941,2003,539.91,17.1838630136986,4.21498630136986
"1004","COR05",40.440251,-0.9863941,2004,374.92,16.9045901639344,3.33975409836066
"1005","COR05",40.440251,-0.9863941,2005,303.62,17.2823287671233,3.13819178082192
"1006","COR05",40.440251,-0.9863941,2006,361.23,17.8587123287671,4.53079452054795
"1007","COR05",40.440251,-0.9863941,2007,455.25,16.9057808219178,3.48597260273973
"1008","COR05",40.440251,-0.9863941,2008,568.29,16.3134426229508,3.72765027322404
"1009","COR05",40.440251,-0.9863941,2009,352.38,17.8705205479452,4.19471232876712
"1010","COR05",40.440251,-0.9863941,2010,581.17,15.8750684931507,3.60586301369863
"1011","COR05",40.440251,-0.9863941,2011,423.29,18.1009589041096,4.51232876712329
"1012","COR05",40.440251,-0.9863941,2012,398.47,17.6744262295082,3.74081967213115
"1013","COR05",40.440251,-0.9863941,2013,447.07,16.3677260273973,3.57654794520548
"1014","COR05",40.440251,-0.9863941,2014,370.46,17.9484109589041,4.91947945205479
"1015","COR05",40.440251,-0.9863941,2015,441.48,18.3225479452055,4.71205479452055
"1016","COR05",40.440251,-0.9863941,2016,400.76,17.7950546448087,4.54021857923497
"1017","COR05",40.440251,-0.9863941,2017,300.34,18.8734246575342,4.27408219178082
"1018","COR05",40.440251,-0.9863941,2018,661.76,17.0264657534247,4.53547945205479
"1019","COR05",40.440251,-0.9863941,2019,346.47,18.2664657534247,4.04515068493151
"1020","COR05",40.440251,-0.9863941,2020,550.85,18.3141530054645,4.73139344262295
"1021","COR05",40.440251,-0.9863941,2021,523.82,17.3568493150685,4.43706849315068
"1022","COR05",40.440251,-0.9863941,2022,414.38,19.2862739726027,5.52438356164384
"1023","COR06",40.44037764,-0.98243555,1950,292.58,16.0555616438356,4.63115068493151
"1024","COR06",40.44037764,-0.98243555,1951,561.34,14.0723561643836,3.87290410958904
"1025","COR06",40.44037764,-0.98243555,1952,375.42,15.4491530054645,4.2466393442623
"1026","COR06",40.44037764,-0.98243555,1953,326.7,15.5357534246575,4.24227397260274
"1027","COR06",40.44037764,-0.98243555,1954,340.49,15.1855616438356,3.87967123287671
"1028","COR06",40.44037764,-0.98243555,1955,530.52,15.9297534246575,5.53271232876712
"1029","COR06",40.44037764,-0.98243555,1956,394.73,14.0824590163934,3.17188524590164
"1030","COR06",40.44037764,-0.98243555,1957,446.97,15.0801095890411,3.94750684931507
"1031","COR06",40.44037764,-0.98243555,1958,373.15,15.3528767123288,4.80375342465753
"1032","COR06",40.44037764,-0.98243555,1959,672.13,14.6669863013699,4.91380821917808
"1033","COR06",40.44037764,-0.98243555,1960,592.8,14.8866393442623,4.62592896174863
"1034","COR06",40.44037764,-0.98243555,1961,426.9,16.7965479452055,3.23158904109589
"1035","COR06",40.44037764,-0.98243555,1962,525.93,15.6497260273973,2.81342465753425
"1036","COR06",40.44037764,-0.98243555,1963,538.41,14.6784657534247,2.53556164383562
"1037","COR06",40.44037764,-0.98243555,1964,396.52,16.2883333333333,2.92311475409836
"1038","COR06",40.44037764,-0.98243555,1965,515.79,15.4511232876712,2.62487671232877
"1039","COR06",40.44037764,-0.98243555,1966,496.12,15.8035890410959,3.07969863013699
"1040","COR06",40.44037764,-0.98243555,1967,380.5,16.1335890410959,2.26838356164384
"1041","COR06",40.44037764,-0.98243555,1968,488.68,15.8058743169399,2.77904371584699
"1042","COR06",40.44037764,-0.98243555,1969,699.47,14.0638082191781,2.16909589041096
"1043","COR06",40.44037764,-0.98243555,1970,428.38,15.6581095890411,1.92772602739726
"1044","COR06",40.44037764,-0.98243555,1971,679.13,14.1401095890411,1.86904109589041
"1045","COR06",40.44037764,-0.98243555,1972,614.19,13.7870765027322,2.1346174863388
"1046","COR06",40.44037764,-0.98243555,1973,421.72,15.4685753424658,2.27219178082192
"1047","COR06",40.44037764,-0.98243555,1974,524.58,14.9372602739726,2.40652054794521
"1048","COR06",40.44037764,-0.98243555,1975,589.65,15.0561095890411,2.4572602739726
"1049","COR06",40.44037764,-0.98243555,1976,505.83,14.7809016393443,2.27308743169399
"1050","COR06",40.44037764,-0.98243555,1977,625.18,14.8800273972603,2.66391780821918
"1051","COR06",40.44037764,-0.98243555,1978,372.09,15.4100547945205,2.22216438356164
"1052","COR06",40.44037764,-0.98243555,1979,544.98,15.4858082191781,3.06638356164384
"1053","COR06",40.44037764,-0.98243555,1980,441.96,15.5990710382514,2.085
"1054","COR06",40.44037764,-0.98243555,1981,351.09,16.5148767123288,2.55698630136986
"1055","COR06",40.44037764,-0.98243555,1982,527.29,15.9322191780822,3.58632876712329
"1056","COR06",40.44037764,-0.98243555,1983,301.44,16.8619452054795,3.43586301369863
"1057","COR06",40.44037764,-0.98243555,1984,508.21,14.8114207650273,2.78945355191257
"1058","COR06",40.44037764,-0.98243555,1985,338.73,16.1226575342466,4.00493150684932
"1059","COR06",40.44037764,-0.98243555,1986,510.51,15.9476438356164,3.35391780821918
"1060","COR06",40.44037764,-0.98243555,1987,473.17,16.4512328767123,3.86139726027397
"1061","COR06",40.44037764,-0.98243555,1988,543.33,16.2220765027322,3.11218579234973
"1062","COR06",40.44037764,-0.98243555,1989,569.69,16.6009589041096,4.00797260273973
"1063","COR06",40.44037764,-0.98243555,1990,385.75,16.6248493150685,3.34558904109589
"1064","COR06",40.44037764,-0.98243555,1991,401.26,15.5944657534247,2.62046575342466
"1065","COR06",40.44037764,-0.98243555,1992,338.04,15.972650273224,2.57311475409836
"1066","COR06",40.44037764,-0.98243555,1993,305.09,15.8000821917808,2.02079452054795
"1067","COR06",40.44037764,-0.98243555,1994,348.27,17.814602739726,3.50112328767123
"1068","COR06",40.44037764,-0.98243555,1995,314.58,17.3015616438356,3.28230136986301
"1069","COR06",40.44037764,-0.98243555,1996,499.59,16.0243169398907,3.04524590163934
"1070","COR06",40.44037764,-0.98243555,1997,513.27,17.077095890411,4.12635616438356
"1071","COR06",40.44037764,-0.98243555,1998,401.46,16.8003835616438,2.9586301369863
"1072","COR06",40.44037764,-0.98243555,1999,428.17,16.3823561643836,3.04117808219178
"1073","COR06",40.44037764,-0.98243555,2000,407.45,17.0749180327869,2.82997267759563
"1074","COR06",40.44037764,-0.98243555,2001,283.69,16.9508493150685,3.14742465753425
"1075","COR06",40.44037764,-0.98243555,2002,607.99,16.6193150684932,3.80145205479452
"1076","COR06",40.44037764,-0.98243555,2003,557.15,16.8593424657534,3.95542465753425
"1077","COR06",40.44037764,-0.98243555,2004,389.61,16.5816666666667,3.0674043715847
"1078","COR06",40.44037764,-0.98243555,2005,317.31,16.9555890410959,2.87490410958904
"1079","COR06",40.44037764,-0.98243555,2006,377.28,17.5456712328767,4.28408219178082
"1080","COR06",40.44037764,-0.98243555,2007,471.34,16.5901095890411,3.23117808219178
"1081","COR06",40.44037764,-0.98243555,2008,590.02,15.9758743169399,3.4707650273224
"1082","COR06",40.44037764,-0.98243555,2009,372.47,17.5367397260274,3.94893150684931
"1083","COR06",40.44037764,-0.98243555,2010,601.74,15.5434520547945,3.34717808219178
"1084","COR06",40.44037764,-0.98243555,2011,445.01,17.7547671232877,4.2572602739726
"1085","COR06",40.44037764,-0.98243555,2012,417.8,17.3245901639344,3.48986338797814
"1086","COR06",40.44037764,-0.98243555,2013,470.78,16.0144109589041,3.31605479452055
"1087","COR06",40.44037764,-0.98243555,2014,396.08,17.5848219178082,4.64923287671233
"1088","COR06",40.44037764,-0.98243555,2015,461.89,17.9777260273973,4.45978082191781
"1089","COR06",40.44037764,-0.98243555,2016,423.24,17.4400546448087,4.27472677595628
"1090","COR06",40.44037764,-0.98243555,2017,314.79,18.5201369863014,4.01997260273973
"1091","COR06",40.44037764,-0.98243555,2018,688.13,16.6684383561644,4.27243835616438
"1092","COR06",40.44037764,-0.98243555,2019,364.13,17.9153424657534,3.78523287671233
"1093","COR06",40.44037764,-0.98243555,2020,579.16,17.9543169398907,4.48054644808743
"1094","COR06",40.44037764,-0.98243555,2021,542.77,17.0015342465753,4.17635616438356
"1095","COR06",40.44037764,-0.98243555,2022,438.8,18.9268493150685,5.27956164383562
"1096","TRA01",40.66100766,-1.78211439,1950,334.04,15.5702739726027,3.44860273972603
"1097","TRA01",40.66100766,-1.78211439,1951,672.27,13.2296438356164,2.30419178082192
"1098","TRA01",40.66100766,-1.78211439,1952,505.24,14.6798360655738,2.0594262295082
"1099","TRA01",40.66100766,-1.78211439,1953,330.31,15.0914246575342,3.08553424657534
"1100","TRA01",40.66100766,-1.78211439,1954,384.34,14.5888493150685,2.74120547945205
"1101","TRA01",40.66100766,-1.78211439,1955,619.57,15.2782465753425,4.46572602739726
"1102","TRA01",40.66100766,-1.78211439,1956,488.15,13.3519398907104,1.9951912568306
"1103","TRA01",40.66100766,-1.78211439,1957,497.96,14.6435068493151,2.76457534246575
"1104","TRA01",40.66100766,-1.78211439,1958,440.56,14.7111232876712,3.73128767123288
"1105","TRA01",40.66100766,-1.78211439,1959,728.79,14.0599178082192,3.95221917808219
"1106","TRA01",40.66100766,-1.78211439,1960,741.91,14.1330054644809,3.56786885245902
"1107","TRA01",40.66100766,-1.78211439,1961,528.79,16.2809863013699,2.08295890410959
"1108","TRA01",40.66100766,-1.78211439,1962,561,15.1321643835616,1.50202739726027
"1109","TRA01",40.66100766,-1.78211439,1963,735.62,13.9097534246575,1.29347945205479
"1110","TRA01",40.66100766,-1.78211439,1964,532.31,15.7238797814208,1.35068306010929
"1111","TRA01",40.66100766,-1.78211439,1965,584.03,14.702904109589,1.38076712328767
"1112","TRA01",40.66100766,-1.78211439,1966,618.21,14.8947397260274,2.02071232876712
"1113","TRA01",40.66100766,-1.78211439,1967,447.28,15.32,0.933287671232877
"1114","TRA01",40.66100766,-1.78211439,1968,515.61,15.0231147540984,1.68893442622951
"1115","TRA01",40.66100766,-1.78211439,1969,855.31,13.137698630137,1.28150684931507
"1116","TRA01",40.66100766,-1.78211439,1970,517,14.8055616438356,0.701041095890411
"1117","TRA01",40.66100766,-1.78211439,1971,813.34,13.2388219178082,0.736821917808219
"1118","TRA01",40.66100766,-1.78211439,1972,663.06,12.8879508196721,1.19131147540984
"1119","TRA01",40.66100766,-1.78211439,1973,442.52,14.7386301369863,0.811041095890411
"1120","TRA01",40.66100766,-1.78211439,1974,567.62,14.1862739726027,1.22668493150685
"1121","TRA01",40.66100766,-1.78211439,1975,645.9,14.2995342465753,1.16904109589041
"1122","TRA01",40.66100766,-1.78211439,1976,662.9,14.2422950819672,1.03795081967213
"1123","TRA01",40.66100766,-1.78211439,1977,695.3,14.0687123287671,1.72449315068493
"1124","TRA01",40.66100766,-1.78211439,1978,506.17,14.5659726027397,1.01109589041096
"1125","TRA01",40.66100766,-1.78211439,1979,693.36,14.5437534246575,2.03671232876712
"1126","TRA01",40.66100766,-1.78211439,1980,462.09,14.980956284153,0.818579234972678
"1127","TRA01",40.66100766,-1.78211439,1981,451.04,16.0065205479452,1.21602739726027
"1128","TRA01",40.66100766,-1.78211439,1982,583.61,15.2718082191781,2.2352602739726
"1129","TRA01",40.66100766,-1.78211439,1983,354.72,16.206602739726,1.56953424657534
"1130","TRA01",40.66100766,-1.78211439,1984,590.87,14.0916666666667,1.12407103825137
"1131","TRA01",40.66100766,-1.78211439,1985,440.4,15.4285205479452,2.10005479452055
"1132","TRA01",40.66100766,-1.78211439,1986,568.32,14.8513424657534,1.98594520547945
"1133","TRA01",40.66100766,-1.78211439,1987,545.99,15.5803287671233,2.71821917808219
"1134","TRA01",40.66100766,-1.78211439,1988,580.67,15.4253551912568,1.80114754098361
"1135","TRA01",40.66100766,-1.78211439,1989,604.5,16.1439726027397,2.87728767123288
"1136","TRA01",40.66100766,-1.78211439,1990,410.55,16.1173150684932,2.51043835616438
"1137","TRA01",40.66100766,-1.78211439,1991,525.73,14.938301369863,1.80232876712329
"1138","TRA01",40.66100766,-1.78211439,1992,405.95,15.3605464480874,1.28901639344262
"1139","TRA01",40.66100766,-1.78211439,1993,485.34,14.9575890410959,1.03791780821918
"1140","TRA01",40.66100766,-1.78211439,1994,360.2,16.878301369863,2.41021917808219
"1141","TRA01",40.66100766,-1.78211439,1995,475.71,16.4133698630137,2.15224657534247
"1142","TRA01",40.66100766,-1.78211439,1996,672.45,15.0807650273224,1.91931693989071
"1143","TRA01",40.66100766,-1.78211439,1997,622.63,16.3274520547945,2.83252054794521
"1144","TRA01",40.66100766,-1.78211439,1998,460.18,15.8650136986301,2.03895890410959
"1145","TRA01",40.66100766,-1.78211439,1999,548.75,15.4040821917808,1.96446575342466
"1146","TRA01",40.66100766,-1.78211439,2000,478.9,16.1159836065574,1.64680327868852
"1147","TRA01",40.66100766,-1.78211439,2001,351.82,15.8176438356164,2.0841095890411
"1148","TRA01",40.66100766,-1.78211439,2002,638.86,15.743397260274,2.76369863013699
"1149","TRA01",40.66100766,-1.78211439,2003,595.85,16.0796164383562,2.88515068493151
"1150","TRA01",40.66100766,-1.78211439,2004,528.98,15.6964480874317,1.98185792349727
"1151","TRA01",40.66100766,-1.78211439,2005,358.99,16.3173698630137,1.47178082191781
"1152","TRA01",40.66100766,-1.78211439,2006,525.46,16.8355342465753,3.08164383561644
"1153","TRA01",40.66100766,-1.78211439,2007,455.02,15.8773424657534,1.83112328767123
"1154","TRA01",40.66100766,-1.78211439,2008,653.86,15.333087431694,2.15125683060109
"1155","TRA01",40.66100766,-1.78211439,2009,442.64,17.008301369863,2.94706849315068
"1156","TRA01",40.66100766,-1.78211439,2010,665.64,15.016,2.51367123287671
"1157","TRA01",40.66100766,-1.78211439,2011,446.59,17.1581917808219,2.98545205479452
"1158","TRA01",40.66100766,-1.78211439,2012,424.55,16.3564480874317,2.15415300546448
"1159","TRA01",40.66100766,-1.78211439,2013,577.34,15.0406301369863,2.20016438356164
"1160","TRA01",40.66100766,-1.78211439,2014,540.26,16.3724657534247,3.33383561643836
"1161","TRA01",40.66100766,-1.78211439,2015,395.24,17.4039726027397,3.09430136986301
"1162","TRA01",40.66100766,-1.78211439,2016,492.89,16.6032240437158,3.03879781420765
"1163","TRA01",40.66100766,-1.78211439,2017,340.78,17.9373150684932,2.66268493150685
"1164","TRA01",40.66100766,-1.78211439,2018,727.91,15.8549315068493,3.24775342465753
"1165","TRA01",40.66100766,-1.78211439,2019,433.12,17.0549863013699,2.72591780821918
"1166","TRA01",40.66100766,-1.78211439,2020,559.61,16.9314754098361,3.4433606557377
"1167","TRA01",40.66100766,-1.78211439,2021,575.64,16.2734246575342,2.79120547945205
"1168","TRA01",40.66100766,-1.78211439,2022,418.18,17.9583287671233,3.83945205479452
"1169","TRA04",40.66122838,-1.78114759,1950,334.04,15.5702739726027,3.44860273972603
"1170","TRA04",40.66122838,-1.78114759,1951,672.27,13.2296438356164,2.30419178082192
"1171","TRA04",40.66122838,-1.78114759,1952,505.24,14.6798360655738,2.0594262295082
"1172","TRA04",40.66122838,-1.78114759,1953,330.31,15.0914246575342,3.08553424657534
"1173","TRA04",40.66122838,-1.78114759,1954,384.34,14.5888493150685,2.74120547945205
"1174","TRA04",40.66122838,-1.78114759,1955,619.57,15.2782465753425,4.46572602739726
"1175","TRA04",40.66122838,-1.78114759,1956,488.15,13.3519398907104,1.9951912568306
"1176","TRA04",40.66122838,-1.78114759,1957,497.96,14.6435068493151,2.76457534246575
"1177","TRA04",40.66122838,-1.78114759,1958,440.56,14.7111232876712,3.73128767123288
"1178","TRA04",40.66122838,-1.78114759,1959,728.79,14.0599178082192,3.95221917808219
"1179","TRA04",40.66122838,-1.78114759,1960,741.91,14.1330054644809,3.56786885245902
"1180","TRA04",40.66122838,-1.78114759,1961,528.79,16.2809863013699,2.08295890410959
"1181","TRA04",40.66122838,-1.78114759,1962,561,15.1321643835616,1.50202739726027
"1182","TRA04",40.66122838,-1.78114759,1963,735.62,13.9097534246575,1.29347945205479
"1183","TRA04",40.66122838,-1.78114759,1964,532.31,15.7238797814208,1.35068306010929
"1184","TRA04",40.66122838,-1.78114759,1965,584.03,14.702904109589,1.38076712328767
"1185","TRA04",40.66122838,-1.78114759,1966,618.21,14.8947397260274,2.02071232876712
"1186","TRA04",40.66122838,-1.78114759,1967,447.28,15.32,0.933287671232877
"1187","TRA04",40.66122838,-1.78114759,1968,515.61,15.0231147540984,1.68893442622951
"1188","TRA04",40.66122838,-1.78114759,1969,855.31,13.137698630137,1.28150684931507
"1189","TRA04",40.66122838,-1.78114759,1970,517,14.8055616438356,0.701041095890411
"1190","TRA04",40.66122838,-1.78114759,1971,813.34,13.2388219178082,0.736821917808219
"1191","TRA04",40.66122838,-1.78114759,1972,663.06,12.8879508196721,1.19131147540984
"1192","TRA04",40.66122838,-1.78114759,1973,442.52,14.7386301369863,0.811041095890411
"1193","TRA04",40.66122838,-1.78114759,1974,567.62,14.1862739726027,1.22668493150685
"1194","TRA04",40.66122838,-1.78114759,1975,645.9,14.2995342465753,1.16904109589041
"1195","TRA04",40.66122838,-1.78114759,1976,662.9,14.2422950819672,1.03795081967213
"1196","TRA04",40.66122838,-1.78114759,1977,695.3,14.0687123287671,1.72449315068493
"1197","TRA04",40.66122838,-1.78114759,1978,506.17,14.5659726027397,1.01109589041096
"1198","TRA04",40.66122838,-1.78114759,1979,693.36,14.5437534246575,2.03671232876712
"1199","TRA04",40.66122838,-1.78114759,1980,462.09,14.980956284153,0.818579234972678
"1200","TRA04",40.66122838,-1.78114759,1981,451.04,16.0065205479452,1.21602739726027
"1201","TRA04",40.66122838,-1.78114759,1982,583.61,15.2718082191781,2.2352602739726
"1202","TRA04",40.66122838,-1.78114759,1983,354.72,16.206602739726,1.56953424657534
"1203","TRA04",40.66122838,-1.78114759,1984,590.87,14.0916666666667,1.12407103825137
"1204","TRA04",40.66122838,-1.78114759,1985,440.4,15.4285205479452,2.10005479452055
"1205","TRA04",40.66122838,-1.78114759,1986,568.32,14.8513424657534,1.98594520547945
"1206","TRA04",40.66122838,-1.78114759,1987,545.99,15.5803287671233,2.71821917808219
"1207","TRA04",40.66122838,-1.78114759,1988,580.67,15.4253551912568,1.80114754098361
"1208","TRA04",40.66122838,-1.78114759,1989,604.5,16.1439726027397,2.87728767123288
"1209","TRA04",40.66122838,-1.78114759,1990,410.55,16.1173150684932,2.51043835616438
"1210","TRA04",40.66122838,-1.78114759,1991,525.73,14.938301369863,1.80232876712329
"1211","TRA04",40.66122838,-1.78114759,1992,405.95,15.3605464480874,1.28901639344262
"1212","TRA04",40.66122838,-1.78114759,1993,485.34,14.9575890410959,1.03791780821918
"1213","TRA04",40.66122838,-1.78114759,1994,360.2,16.878301369863,2.41021917808219
"1214","TRA04",40.66122838,-1.78114759,1995,475.71,16.4133698630137,2.15224657534247
"1215","TRA04",40.66122838,-1.78114759,1996,672.45,15.0807650273224,1.91931693989071
"1216","TRA04",40.66122838,-1.78114759,1997,622.63,16.3274520547945,2.83252054794521
"1217","TRA04",40.66122838,-1.78114759,1998,460.18,15.8650136986301,2.03895890410959
"1218","TRA04",40.66122838,-1.78114759,1999,548.75,15.4040821917808,1.96446575342466
"1219","TRA04",40.66122838,-1.78114759,2000,478.9,16.1159836065574,1.64680327868852
"1220","TRA04",40.66122838,-1.78114759,2001,351.82,15.8176438356164,2.0841095890411
"1221","TRA04",40.66122838,-1.78114759,2002,638.86,15.743397260274,2.76369863013699
"1222","TRA04",40.66122838,-1.78114759,2003,595.85,16.0796164383562,2.88515068493151
"1223","TRA04",40.66122838,-1.78114759,2004,528.98,15.6964480874317,1.98185792349727
"1224","TRA04",40.66122838,-1.78114759,2005,358.99,16.3173698630137,1.47178082191781
"1225","TRA04",40.66122838,-1.78114759,2006,525.46,16.8355342465753,3.08164383561644
"1226","TRA04",40.66122838,-1.78114759,2007,455.02,15.8773424657534,1.83112328767123
"1227","TRA04",40.66122838,-1.78114759,2008,653.86,15.333087431694,2.15125683060109
"1228","TRA04",40.66122838,-1.78114759,2009,442.64,17.008301369863,2.94706849315068
"1229","TRA04",40.66122838,-1.78114759,2010,665.64,15.016,2.51367123287671
"1230","TRA04",40.66122838,-1.78114759,2011,446.59,17.1581917808219,2.98545205479452
"1231","TRA04",40.66122838,-1.78114759,2012,424.55,16.3564480874317,2.15415300546448
"1232","TRA04",40.66122838,-1.78114759,2013,577.34,15.0406301369863,2.20016438356164
"1233","TRA04",40.66122838,-1.78114759,2014,540.26,16.3724657534247,3.33383561643836
"1234","TRA04",40.66122838,-1.78114759,2015,395.24,17.4039726027397,3.09430136986301
"1235","TRA04",40.66122838,-1.78114759,2016,492.89,16.6032240437158,3.03879781420765
"1236","TRA04",40.66122838,-1.78114759,2017,340.78,17.9373150684932,2.66268493150685
"1237","TRA04",40.66122838,-1.78114759,2018,727.91,15.8549315068493,3.24775342465753
"1238","TRA04",40.66122838,-1.78114759,2019,433.12,17.0549863013699,2.72591780821918
"1239","TRA04",40.66122838,-1.78114759,2020,559.61,16.9314754098361,3.4433606557377
"1240","TRA04",40.66122838,-1.78114759,2021,575.64,16.2734246575342,2.79120547945205
"1241","TRA04",40.66122838,-1.78114759,2022,418.18,17.9583287671233,3.83945205479452
"1242","TRA02",40.66084261,-1.78042993,1950,334.04,15.5702739726027,3.44860273972603
"1243","TRA02",40.66084261,-1.78042993,1951,672.27,13.2296438356164,2.30419178082192
"1244","TRA02",40.66084261,-1.78042993,1952,505.24,14.6798360655738,2.0594262295082
"1245","TRA02",40.66084261,-1.78042993,1953,330.31,15.0914246575342,3.08553424657534
"1246","TRA02",40.66084261,-1.78042993,1954,384.34,14.5888493150685,2.74120547945205
"1247","TRA02",40.66084261,-1.78042993,1955,619.57,15.2782465753425,4.46572602739726
"1248","TRA02",40.66084261,-1.78042993,1956,488.15,13.3519398907104,1.9951912568306
"1249","TRA02",40.66084261,-1.78042993,1957,497.96,14.6435068493151,2.76457534246575
"1250","TRA02",40.66084261,-1.78042993,1958,440.56,14.7111232876712,3.73128767123288
"1251","TRA02",40.66084261,-1.78042993,1959,728.79,14.0599178082192,3.95221917808219
"1252","TRA02",40.66084261,-1.78042993,1960,741.91,14.1330054644809,3.56786885245902
"1253","TRA02",40.66084261,-1.78042993,1961,528.79,16.2809863013699,2.08295890410959
"1254","TRA02",40.66084261,-1.78042993,1962,561,15.1321643835616,1.50202739726027
"1255","TRA02",40.66084261,-1.78042993,1963,735.62,13.9097534246575,1.29347945205479
"1256","TRA02",40.66084261,-1.78042993,1964,532.31,15.7238797814208,1.35068306010929
"1257","TRA02",40.66084261,-1.78042993,1965,584.03,14.702904109589,1.38076712328767
"1258","TRA02",40.66084261,-1.78042993,1966,618.21,14.8947397260274,2.02071232876712
"1259","TRA02",40.66084261,-1.78042993,1967,447.28,15.32,0.933287671232877
"1260","TRA02",40.66084261,-1.78042993,1968,515.61,15.0231147540984,1.68893442622951
"1261","TRA02",40.66084261,-1.78042993,1969,855.31,13.137698630137,1.28150684931507
"1262","TRA02",40.66084261,-1.78042993,1970,517,14.8055616438356,0.701041095890411
"1263","TRA02",40.66084261,-1.78042993,1971,813.34,13.2388219178082,0.736821917808219
"1264","TRA02",40.66084261,-1.78042993,1972,663.06,12.8879508196721,1.19131147540984
"1265","TRA02",40.66084261,-1.78042993,1973,442.52,14.7386301369863,0.811041095890411
"1266","TRA02",40.66084261,-1.78042993,1974,567.62,14.1862739726027,1.22668493150685
"1267","TRA02",40.66084261,-1.78042993,1975,645.9,14.2995342465753,1.16904109589041
"1268","TRA02",40.66084261,-1.78042993,1976,662.9,14.2422950819672,1.03795081967213
"1269","TRA02",40.66084261,-1.78042993,1977,695.3,14.0687123287671,1.72449315068493
"1270","TRA02",40.66084261,-1.78042993,1978,506.17,14.5659726027397,1.01109589041096
"1271","TRA02",40.66084261,-1.78042993,1979,693.36,14.5437534246575,2.03671232876712
"1272","TRA02",40.66084261,-1.78042993,1980,462.09,14.980956284153,0.818579234972678
"1273","TRA02",40.66084261,-1.78042993,1981,451.04,16.0065205479452,1.21602739726027
"1274","TRA02",40.66084261,-1.78042993,1982,583.61,15.2718082191781,2.2352602739726
"1275","TRA02",40.66084261,-1.78042993,1983,354.72,16.206602739726,1.56953424657534
"1276","TRA02",40.66084261,-1.78042993,1984,590.87,14.0916666666667,1.12407103825137
"1277","TRA02",40.66084261,-1.78042993,1985,440.4,15.4285205479452,2.10005479452055
"1278","TRA02",40.66084261,-1.78042993,1986,568.32,14.8513424657534,1.98594520547945
"1279","TRA02",40.66084261,-1.78042993,1987,545.99,15.5803287671233,2.71821917808219
"1280","TRA02",40.66084261,-1.78042993,1988,580.67,15.4253551912568,1.80114754098361
"1281","TRA02",40.66084261,-1.78042993,1989,604.5,16.1439726027397,2.87728767123288
"1282","TRA02",40.66084261,-1.78042993,1990,410.55,16.1173150684932,2.51043835616438
"1283","TRA02",40.66084261,-1.78042993,1991,525.73,14.938301369863,1.80232876712329
"1284","TRA02",40.66084261,-1.78042993,1992,405.95,15.3605464480874,1.28901639344262
"1285","TRA02",40.66084261,-1.78042993,1993,485.34,14.9575890410959,1.03791780821918
"1286","TRA02",40.66084261,-1.78042993,1994,360.2,16.878301369863,2.41021917808219
"1287","TRA02",40.66084261,-1.78042993,1995,475.71,16.4133698630137,2.15224657534247
"1288","TRA02",40.66084261,-1.78042993,1996,672.45,15.0807650273224,1.91931693989071
"1289","TRA02",40.66084261,-1.78042993,1997,622.63,16.3274520547945,2.83252054794521
"1290","TRA02",40.66084261,-1.78042993,1998,460.18,15.8650136986301,2.03895890410959
"1291","TRA02",40.66084261,-1.78042993,1999,548.75,15.4040821917808,1.96446575342466
"1292","TRA02",40.66084261,-1.78042993,2000,478.9,16.1159836065574,1.64680327868852
"1293","TRA02",40.66084261,-1.78042993,2001,351.82,15.8176438356164,2.0841095890411
"1294","TRA02",40.66084261,-1.78042993,2002,638.86,15.743397260274,2.76369863013699
"1295","TRA02",40.66084261,-1.78042993,2003,595.85,16.0796164383562,2.88515068493151
"1296","TRA02",40.66084261,-1.78042993,2004,528.98,15.6964480874317,1.98185792349727
"1297","TRA02",40.66084261,-1.78042993,2005,358.99,16.3173698630137,1.47178082191781
"1298","TRA02",40.66084261,-1.78042993,2006,525.46,16.8355342465753,3.08164383561644
"1299","TRA02",40.66084261,-1.78042993,2007,455.02,15.8773424657534,1.83112328767123
"1300","TRA02",40.66084261,-1.78042993,2008,653.86,15.333087431694,2.15125683060109
"1301","TRA02",40.66084261,-1.78042993,2009,442.64,17.008301369863,2.94706849315068
"1302","TRA02",40.66084261,-1.78042993,2010,665.64,15.016,2.51367123287671
"1303","TRA02",40.66084261,-1.78042993,2011,446.59,17.1581917808219,2.98545205479452
"1304","TRA02",40.66084261,-1.78042993,2012,424.55,16.3564480874317,2.15415300546448
"1305","TRA02",40.66084261,-1.78042993,2013,577.34,15.0406301369863,2.20016438356164
"1306","TRA02",40.66084261,-1.78042993,2014,540.26,16.3724657534247,3.33383561643836
"1307","TRA02",40.66084261,-1.78042993,2015,395.24,17.4039726027397,3.09430136986301
"1308","TRA02",40.66084261,-1.78042993,2016,492.89,16.6032240437158,3.03879781420765
"1309","TRA02",40.66084261,-1.78042993,2017,340.78,17.9373150684932,2.66268493150685
"1310","TRA02",40.66084261,-1.78042993,2018,727.91,15.8549315068493,3.24775342465753
"1311","TRA02",40.66084261,-1.78042993,2019,433.12,17.0549863013699,2.72591780821918
"1312","TRA02",40.66084261,-1.78042993,2020,559.61,16.9314754098361,3.4433606557377
"1313","TRA02",40.66084261,-1.78042993,2021,575.64,16.2734246575342,2.79120547945205
"1314","TRA02",40.66084261,-1.78042993,2022,418.18,17.9583287671233,3.83945205479452
"1315","TRA03",40.66168997,-1.78000052,1950,334.04,15.5702739726027,3.44860273972603
"1316","TRA03",40.66168997,-1.78000052,1951,672.27,13.2296438356164,2.30419178082192
"1317","TRA03",40.66168997,-1.78000052,1952,505.24,14.6798360655738,2.0594262295082
"1318","TRA03",40.66168997,-1.78000052,1953,330.31,15.0914246575342,3.08553424657534
"1319","TRA03",40.66168997,-1.78000052,1954,384.34,14.5888493150685,2.74120547945205
"1320","TRA03",40.66168997,-1.78000052,1955,619.57,15.2782465753425,4.46572602739726
"1321","TRA03",40.66168997,-1.78000052,1956,488.15,13.3519398907104,1.9951912568306
"1322","TRA03",40.66168997,-1.78000052,1957,497.96,14.6435068493151,2.76457534246575
"1323","TRA03",40.66168997,-1.78000052,1958,440.56,14.7111232876712,3.73128767123288
"1324","TRA03",40.66168997,-1.78000052,1959,728.79,14.0599178082192,3.95221917808219
"1325","TRA03",40.66168997,-1.78000052,1960,741.91,14.1330054644809,3.56786885245902
"1326","TRA03",40.66168997,-1.78000052,1961,528.79,16.2809863013699,2.08295890410959
"1327","TRA03",40.66168997,-1.78000052,1962,561,15.1321643835616,1.50202739726027
"1328","TRA03",40.66168997,-1.78000052,1963,735.62,13.9097534246575,1.29347945205479
"1329","TRA03",40.66168997,-1.78000052,1964,532.31,15.7238797814208,1.35068306010929
"1330","TRA03",40.66168997,-1.78000052,1965,584.03,14.702904109589,1.38076712328767
"1331","TRA03",40.66168997,-1.78000052,1966,618.21,14.8947397260274,2.02071232876712
"1332","TRA03",40.66168997,-1.78000052,1967,447.28,15.32,0.933287671232877
"1333","TRA03",40.66168997,-1.78000052,1968,515.61,15.0231147540984,1.68893442622951
"1334","TRA03",40.66168997,-1.78000052,1969,855.31,13.137698630137,1.28150684931507
"1335","TRA03",40.66168997,-1.78000052,1970,517,14.8055616438356,0.701041095890411
"1336","TRA03",40.66168997,-1.78000052,1971,813.34,13.2388219178082,0.736821917808219
"1337","TRA03",40.66168997,-1.78000052,1972,663.06,12.8879508196721,1.19131147540984
"1338","TRA03",40.66168997,-1.78000052,1973,442.52,14.7386301369863,0.811041095890411
"1339","TRA03",40.66168997,-1.78000052,1974,567.62,14.1862739726027,1.22668493150685
"1340","TRA03",40.66168997,-1.78000052,1975,645.9,14.2995342465753,1.16904109589041
"1341","TRA03",40.66168997,-1.78000052,1976,662.9,14.2422950819672,1.03795081967213
"1342","TRA03",40.66168997,-1.78000052,1977,695.3,14.0687123287671,1.72449315068493
"1343","TRA03",40.66168997,-1.78000052,1978,506.17,14.5659726027397,1.01109589041096
"1344","TRA03",40.66168997,-1.78000052,1979,693.36,14.5437534246575,2.03671232876712
"1345","TRA03",40.66168997,-1.78000052,1980,462.09,14.980956284153,0.818579234972678
"1346","TRA03",40.66168997,-1.78000052,1981,451.04,16.0065205479452,1.21602739726027
"1347","TRA03",40.66168997,-1.78000052,1982,583.61,15.2718082191781,2.2352602739726
"1348","TRA03",40.66168997,-1.78000052,1983,354.72,16.206602739726,1.56953424657534
"1349","TRA03",40.66168997,-1.78000052,1984,590.87,14.0916666666667,1.12407103825137
"1350","TRA03",40.66168997,-1.78000052,1985,440.4,15.4285205479452,2.10005479452055
"1351","TRA03",40.66168997,-1.78000052,1986,568.32,14.8513424657534,1.98594520547945
"1352","TRA03",40.66168997,-1.78000052,1987,545.99,15.5803287671233,2.71821917808219
"1353","TRA03",40.66168997,-1.78000052,1988,580.67,15.4253551912568,1.80114754098361
"1354","TRA03",40.66168997,-1.78000052,1989,604.5,16.1439726027397,2.87728767123288
"1355","TRA03",40.66168997,-1.78000052,1990,410.55,16.1173150684932,2.51043835616438
"1356","TRA03",40.66168997,-1.78000052,1991,525.73,14.938301369863,1.80232876712329
"1357","TRA03",40.66168997,-1.78000052,1992,405.95,15.3605464480874,1.28901639344262
"1358","TRA03",40.66168997,-1.78000052,1993,485.34,14.9575890410959,1.03791780821918
"1359","TRA03",40.66168997,-1.78000052,1994,360.2,16.878301369863,2.41021917808219
"1360","TRA03",40.66168997,-1.78000052,1995,475.71,16.4133698630137,2.15224657534247
"1361","TRA03",40.66168997,-1.78000052,1996,672.45,15.0807650273224,1.91931693989071
"1362","TRA03",40.66168997,-1.78000052,1997,622.63,16.3274520547945,2.83252054794521
"1363","TRA03",40.66168997,-1.78000052,1998,460.18,15.8650136986301,2.03895890410959
"1364","TRA03",40.66168997,-1.78000052,1999,548.75,15.4040821917808,1.96446575342466
"1365","TRA03",40.66168997,-1.78000052,2000,478.9,16.1159836065574,1.64680327868852
"1366","TRA03",40.66168997,-1.78000052,2001,351.82,15.8176438356164,2.0841095890411
"1367","TRA03",40.66168997,-1.78000052,2002,638.86,15.743397260274,2.76369863013699
"1368","TRA03",40.66168997,-1.78000052,2003,595.85,16.0796164383562,2.88515068493151
"1369","TRA03",40.66168997,-1.78000052,2004,528.98,15.6964480874317,1.98185792349727
"1370","TRA03",40.66168997,-1.78000052,2005,358.99,16.3173698630137,1.47178082191781
"1371","TRA03",40.66168997,-1.78000052,2006,525.46,16.8355342465753,3.08164383561644
"1372","TRA03",40.66168997,-1.78000052,2007,455.02,15.8773424657534,1.83112328767123
"1373","TRA03",40.66168997,-1.78000052,2008,653.86,15.333087431694,2.15125683060109
"1374","TRA03",40.66168997,-1.78000052,2009,442.64,17.008301369863,2.94706849315068
"1375","TRA03",40.66168997,-1.78000052,2010,665.64,15.016,2.51367123287671
"1376","TRA03",40.66168997,-1.78000052,2011,446.59,17.1581917808219,2.98545205479452
"1377","TRA03",40.66168997,-1.78000052,2012,424.55,16.3564480874317,2.15415300546448
"1378","TRA03",40.66168997,-1.78000052,2013,577.34,15.0406301369863,2.20016438356164
"1379","TRA03",40.66168997,-1.78000052,2014,540.26,16.3724657534247,3.33383561643836
"1380","TRA03",40.66168997,-1.78000052,2015,395.24,17.4039726027397,3.09430136986301
"1381","TRA03",40.66168997,-1.78000052,2016,492.89,16.6032240437158,3.03879781420765
"1382","TRA03",40.66168997,-1.78000052,2017,340.78,17.9373150684932,2.66268493150685
"1383","TRA03",40.66168997,-1.78000052,2018,727.91,15.8549315068493,3.24775342465753
"1384","TRA03",40.66168997,-1.78000052,2019,433.12,17.0549863013699,2.72591780821918
"1385","TRA03",40.66168997,-1.78000052,2020,559.61,16.9314754098361,3.4433606557377
"1386","TRA03",40.66168997,-1.78000052,2021,575.64,16.2734246575342,2.79120547945205
"1387","TRA03",40.66168997,-1.78000052,2022,418.18,17.9583287671233,3.83945205479452
"1388","ALU07",40.60235893,-1.69559846,1950,335.01,15.0635616438356,3.03797260273973
"1389","ALU07",40.60235893,-1.69559846,1951,667.95,12.7609589041096,1.96769863013699
"1390","ALU07",40.60235893,-1.69559846,1952,516.6,14.2186885245902,1.84450819672131
"1391","ALU07",40.60235893,-1.69559846,1953,349.4,14.642602739726,2.70709589041096
"1392","ALU07",40.60235893,-1.69559846,1954,390.62,14.1583835616438,2.36695890410959
"1393","ALU07",40.60235893,-1.69559846,1955,652.33,14.8321917808219,4.0912602739726
"1394","ALU07",40.60235893,-1.69559846,1956,491.46,12.8987704918033,1.61355191256831
"1395","ALU07",40.60235893,-1.69559846,1957,510.61,14.1616164383562,2.39046575342466
"1396","ALU07",40.60235893,-1.69559846,1958,459.17,14.2166575342466,3.29345205479452
"1397","ALU07",40.60235893,-1.69559846,1959,736.84,13.5607945205479,3.51391780821918
"1398","ALU07",40.60235893,-1.69559846,1960,745.58,13.6540163934426,3.13912568306011
"1399","ALU07",40.60235893,-1.69559846,1961,548.49,15.8061095890411,1.68178082191781
"1400","ALU07",40.60235893,-1.69559846,1962,587.06,14.6751232876712,1.11167123287671
"1401","ALU07",40.60235893,-1.69559846,1963,739.11,13.4624931506849,0.89627397260274
"1402","ALU07",40.60235893,-1.69559846,1964,539.84,15.2771857923497,1.04959016393443
"1403","ALU07",40.60235893,-1.69559846,1965,606.26,14.2562739726027,1.00328767123288
"1404","ALU07",40.60235893,-1.69559846,1966,647.19,14.4630684931507,1.62252054794521
"1405","ALU07",40.60235893,-1.69559846,1967,468.45,14.9204657534247,0.605835616438356
"1406","ALU07",40.60235893,-1.69559846,1968,545.8,14.5618032786885,1.28024590163934
"1407","ALU07",40.60235893,-1.69559846,1969,884.44,12.6906301369863,0.871506849315068
"1408","ALU07",40.60235893,-1.69559846,1970,541.86,14.3828493150685,0.380082191780822
"1409","ALU07",40.60235893,-1.69559846,1971,829.33,12.7667123287671,0.338109589041096
"1410","ALU07",40.60235893,-1.69559846,1972,700.02,12.397868852459,0.780027322404372
"1411","ALU07",40.60235893,-1.69559846,1973,461.7,14.2880273972603,0.524246575342466
"1412","ALU07",40.60235893,-1.69559846,1974,593.81,13.7314520547945,0.881397260273973
"1413","ALU07",40.60235893,-1.69559846,1975,659.55,13.857397260274,0.833041095890411
"1414","ALU07",40.60235893,-1.69559846,1976,670.3,13.7445355191257,0.704508196721311
"1415","ALU07",40.60235893,-1.69559846,1977,718.93,13.6072054794521,1.32953424657534
"1416","ALU07",40.60235893,-1.69559846,1978,527.72,14.1304383561644,0.656520547945206
"1417","ALU07",40.60235893,-1.69559846,1979,721.63,14.1048219178082,1.65460273972603
"1418","ALU07",40.60235893,-1.69559846,1980,487.88,14.5438797814208,0.510737704918033
"1419","ALU07",40.60235893,-1.69559846,1981,445.12,15.5388219178082,0.901890410958904
"1420","ALU07",40.60235893,-1.69559846,1982,600.31,14.8044109589041,1.91517808219178
"1421","ALU07",40.60235893,-1.69559846,1983,361.76,15.760301369863,1.39378082191781
"1422","ALU07",40.60235893,-1.69559846,1984,624.72,13.6012841530055,0.889125683060109
"1423","ALU07",40.60235893,-1.69559846,1985,449.5,14.9860547945205,1.95904109589041
"1424","ALU07",40.60235893,-1.69559846,1986,599.86,14.4307397260274,1.76221917808219
"1425","ALU07",40.60235893,-1.69559846,1987,558.24,15.1438904109589,2.46772602739726
"1426","ALU07",40.60235893,-1.69559846,1988,605.05,14.9479234972678,1.59131147540984
"1427","ALU07",40.60235893,-1.69559846,1989,617.28,15.6222465753425,2.66284931506849
"1428","ALU07",40.60235893,-1.69559846,1990,428.54,15.6021369863014,2.22087671232877
"1429","ALU07",40.60235893,-1.69559846,1991,519.53,14.4478904109589,1.53572602739726
"1430","ALU07",40.60235893,-1.69559846,1992,423.33,14.8767486338798,1.04617486338798
"1431","ALU07",40.60235893,-1.69559846,1993,489.18,14.4816438356164,0.715780821917808
"1432","ALU07",40.60235893,-1.69559846,1994,383.62,16.4105205479452,2.15572602739726
"1433","ALU07",40.60235893,-1.69559846,1995,478.87,15.9444109589041,1.90032876712329
"1434","ALU07",40.60235893,-1.69559846,1996,691.7,14.6032240437158,1.62857923497268
"1435","ALU07",40.60235893,-1.69559846,1997,640.92,15.8189315068493,2.56350684931507
"1436","ALU07",40.60235893,-1.69559846,1998,474.92,15.4113150684932,1.74520547945205
"1437","ALU07",40.60235893,-1.69559846,1999,552.41,14.9505479452055,1.70435616438356
"1438","ALU07",40.60235893,-1.69559846,2000,487.35,15.644262295082,1.40524590163934
"1439","ALU07",40.60235893,-1.69559846,2001,361.99,15.3968493150685,1.81180821917808
"1440","ALU07",40.60235893,-1.69559846,2002,662.28,15.2707123287671,2.50435616438356
"1441","ALU07",40.60235893,-1.69559846,2003,613.71,15.6023287671233,2.63194520547945
"1442","ALU07",40.60235893,-1.69559846,2004,523.07,15.2545901639344,1.70188524590164
"1443","ALU07",40.60235893,-1.69559846,2005,364.53,15.8204109589041,1.30849315068493
"1444","ALU07",40.60235893,-1.69559846,2006,525,16.383095890411,2.92898630136986
"1445","ALU07",40.60235893,-1.69559846,2007,481.58,15.3971232876712,1.6892602739726
"1446","ALU07",40.60235893,-1.69559846,2008,675.35,14.8393989071038,1.98622950819672
"1447","ALU07",40.60235893,-1.69559846,2009,466.36,16.5147123287671,2.77767123287671
"1448","ALU07",40.60235893,-1.69559846,2010,696.65,14.5087123287671,2.24808219178082
"1449","ALU07",40.60235893,-1.69559846,2011,474.65,16.6691780821918,2.81646575342466
"1450","ALU07",40.60235893,-1.69559846,2012,439.54,15.8953278688525,1.99516393442623
"1451","ALU07",40.60235893,-1.69559846,2013,608.68,14.5730684931507,1.98301369863014
"1452","ALU07",40.60235893,-1.69559846,2014,567.25,15.9510136986301,3.12013698630137
"1453","ALU07",40.60235893,-1.69559846,2015,443.35,16.9429863013699,2.95435616438356
"1454","ALU07",40.60235893,-1.69559846,2016,524.2,16.1450546448087,2.82565573770492
"1455","ALU07",40.60235893,-1.69559846,2017,356.84,17.4722465753425,2.49493150684932
"1456","ALU07",40.60235893,-1.69559846,2018,754.78,15.365095890411,3.00739726027397
"1457","ALU07",40.60235893,-1.69559846,2019,450.73,16.5714794520548,2.49624657534247
"1458","ALU07",40.60235893,-1.69559846,2020,593.95,16.4613934426229,3.23338797814208
"1459","ALU07",40.60235893,-1.69559846,2021,594.13,15.7850410958904,2.63561643835616
"1460","ALU07",40.60235893,-1.69559846,2022,450.41,17.5102191780822,3.71479452054795
"1461","ALU08",40.60261506,-1.69625309,1950,335.01,15.0635616438356,3.03797260273973
"1462","ALU08",40.60261506,-1.69625309,1951,667.95,12.7609589041096,1.96769863013699
"1463","ALU08",40.60261506,-1.69625309,1952,516.6,14.2186885245902,1.84450819672131
"1464","ALU08",40.60261506,-1.69625309,1953,349.4,14.642602739726,2.70709589041096
"1465","ALU08",40.60261506,-1.69625309,1954,390.62,14.1583835616438,2.36695890410959
"1466","ALU08",40.60261506,-1.69625309,1955,652.33,14.8321917808219,4.0912602739726
"1467","ALU08",40.60261506,-1.69625309,1956,491.46,12.8987704918033,1.61355191256831
"1468","ALU08",40.60261506,-1.69625309,1957,510.61,14.1616164383562,2.39046575342466
"1469","ALU08",40.60261506,-1.69625309,1958,459.17,14.2166575342466,3.29345205479452
"1470","ALU08",40.60261506,-1.69625309,1959,736.84,13.5607945205479,3.51391780821918
"1471","ALU08",40.60261506,-1.69625309,1960,745.58,13.6540163934426,3.13912568306011
"1472","ALU08",40.60261506,-1.69625309,1961,548.49,15.8061095890411,1.68178082191781
"1473","ALU08",40.60261506,-1.69625309,1962,587.06,14.6751232876712,1.11167123287671
"1474","ALU08",40.60261506,-1.69625309,1963,739.11,13.4624931506849,0.89627397260274
"1475","ALU08",40.60261506,-1.69625309,1964,539.84,15.2771857923497,1.04959016393443
"1476","ALU08",40.60261506,-1.69625309,1965,606.26,14.2562739726027,1.00328767123288
"1477","ALU08",40.60261506,-1.69625309,1966,647.19,14.4630684931507,1.62252054794521
"1478","ALU08",40.60261506,-1.69625309,1967,468.45,14.9204657534247,0.605835616438356
"1479","ALU08",40.60261506,-1.69625309,1968,545.8,14.5618032786885,1.28024590163934
"1480","ALU08",40.60261506,-1.69625309,1969,884.44,12.6906301369863,0.871506849315068
"1481","ALU08",40.60261506,-1.69625309,1970,541.86,14.3828493150685,0.380082191780822
"1482","ALU08",40.60261506,-1.69625309,1971,829.33,12.7667123287671,0.338109589041096
"1483","ALU08",40.60261506,-1.69625309,1972,700.02,12.397868852459,0.780027322404372
"1484","ALU08",40.60261506,-1.69625309,1973,461.7,14.2880273972603,0.524246575342466
"1485","ALU08",40.60261506,-1.69625309,1974,593.81,13.7314520547945,0.881397260273973
"1486","ALU08",40.60261506,-1.69625309,1975,659.55,13.857397260274,0.833041095890411
"1487","ALU08",40.60261506,-1.69625309,1976,670.3,13.7445355191257,0.704508196721311
"1488","ALU08",40.60261506,-1.69625309,1977,718.93,13.6072054794521,1.32953424657534
"1489","ALU08",40.60261506,-1.69625309,1978,527.72,14.1304383561644,0.656520547945206
"1490","ALU08",40.60261506,-1.69625309,1979,721.63,14.1048219178082,1.65460273972603
"1491","ALU08",40.60261506,-1.69625309,1980,487.88,14.5438797814208,0.510737704918033
"1492","ALU08",40.60261506,-1.69625309,1981,445.12,15.5388219178082,0.901890410958904
"1493","ALU08",40.60261506,-1.69625309,1982,600.31,14.8044109589041,1.91517808219178
"1494","ALU08",40.60261506,-1.69625309,1983,361.76,15.760301369863,1.39378082191781
"1495","ALU08",40.60261506,-1.69625309,1984,624.72,13.6012841530055,0.889125683060109
"1496","ALU08",40.60261506,-1.69625309,1985,449.5,14.9860547945205,1.95904109589041
"1497","ALU08",40.60261506,-1.69625309,1986,599.86,14.4307397260274,1.76221917808219
"1498","ALU08",40.60261506,-1.69625309,1987,558.24,15.1438904109589,2.46772602739726
"1499","ALU08",40.60261506,-1.69625309,1988,605.05,14.9479234972678,1.59131147540984
"1500","ALU08",40.60261506,-1.69625309,1989,617.28,15.6222465753425,2.66284931506849
"1501","ALU08",40.60261506,-1.69625309,1990,428.54,15.6021369863014,2.22087671232877
"1502","ALU08",40.60261506,-1.69625309,1991,519.53,14.4478904109589,1.53572602739726
"1503","ALU08",40.60261506,-1.69625309,1992,423.33,14.8767486338798,1.04617486338798
"1504","ALU08",40.60261506,-1.69625309,1993,489.18,14.4816438356164,0.715780821917808
"1505","ALU08",40.60261506,-1.69625309,1994,383.62,16.4105205479452,2.15572602739726
"1506","ALU08",40.60261506,-1.69625309,1995,478.87,15.9444109589041,1.90032876712329
"1507","ALU08",40.60261506,-1.69625309,1996,691.7,14.6032240437158,1.62857923497268
"1508","ALU08",40.60261506,-1.69625309,1997,640.92,15.8189315068493,2.56350684931507
"1509","ALU08",40.60261506,-1.69625309,1998,474.92,15.4113150684932,1.74520547945205
"1510","ALU08",40.60261506,-1.69625309,1999,552.41,14.9505479452055,1.70435616438356
"1511","ALU08",40.60261506,-1.69625309,2000,487.35,15.644262295082,1.40524590163934
"1512","ALU08",40.60261506,-1.69625309,2001,361.99,15.3968493150685,1.81180821917808
"1513","ALU08",40.60261506,-1.69625309,2002,662.28,15.2707123287671,2.50435616438356
"1514","ALU08",40.60261506,-1.69625309,2003,613.71,15.6023287671233,2.63194520547945
"1515","ALU08",40.60261506,-1.69625309,2004,523.07,15.2545901639344,1.70188524590164
"1516","ALU08",40.60261506,-1.69625309,2005,364.53,15.8204109589041,1.30849315068493
"1517","ALU08",40.60261506,-1.69625309,2006,525,16.383095890411,2.92898630136986
"1518","ALU08",40.60261506,-1.69625309,2007,481.58,15.3971232876712,1.6892602739726
"1519","ALU08",40.60261506,-1.69625309,2008,675.35,14.8393989071038,1.98622950819672
"1520","ALU08",40.60261506,-1.69625309,2009,466.36,16.5147123287671,2.77767123287671
"1521","ALU08",40.60261506,-1.69625309,2010,696.65,14.5087123287671,2.24808219178082
"1522","ALU08",40.60261506,-1.69625309,2011,474.65,16.6691780821918,2.81646575342466
"1523","ALU08",40.60261506,-1.69625309,2012,439.54,15.8953278688525,1.99516393442623
"1524","ALU08",40.60261506,-1.69625309,2013,608.68,14.5730684931507,1.98301369863014
"1525","ALU08",40.60261506,-1.69625309,2014,567.25,15.9510136986301,3.12013698630137
"1526","ALU08",40.60261506,-1.69625309,2015,443.35,16.9429863013699,2.95435616438356
"1527","ALU08",40.60261506,-1.69625309,2016,524.2,16.1450546448087,2.82565573770492
"1528","ALU08",40.60261506,-1.69625309,2017,356.84,17.4722465753425,2.49493150684932
"1529","ALU08",40.60261506,-1.69625309,2018,754.78,15.365095890411,3.00739726027397
"1530","ALU08",40.60261506,-1.69625309,2019,450.73,16.5714794520548,2.49624657534247
"1531","ALU08",40.60261506,-1.69625309,2020,593.95,16.4613934426229,3.23338797814208
"1532","ALU08",40.60261506,-1.69625309,2021,594.13,15.7850410958904,2.63561643835616
"1533","ALU08",40.60261506,-1.69625309,2022,450.41,17.5102191780822,3.71479452054795
"1534","ALU06",40.60291671,-1.69505267,1950,335.01,15.0635616438356,3.03797260273973
"1535","ALU06",40.60291671,-1.69505267,1951,667.95,12.7609589041096,1.96769863013699
"1536","ALU06",40.60291671,-1.69505267,1952,516.6,14.2186885245902,1.84450819672131
"1537","ALU06",40.60291671,-1.69505267,1953,349.4,14.642602739726,2.70709589041096
"1538","ALU06",40.60291671,-1.69505267,1954,390.62,14.1583835616438,2.36695890410959
"1539","ALU06",40.60291671,-1.69505267,1955,652.33,14.8321917808219,4.0912602739726
"1540","ALU06",40.60291671,-1.69505267,1956,491.46,12.8987704918033,1.61355191256831
"1541","ALU06",40.60291671,-1.69505267,1957,510.61,14.1616164383562,2.39046575342466
"1542","ALU06",40.60291671,-1.69505267,1958,459.17,14.2166575342466,3.29345205479452
"1543","ALU06",40.60291671,-1.69505267,1959,736.84,13.5607945205479,3.51391780821918
"1544","ALU06",40.60291671,-1.69505267,1960,745.58,13.6540163934426,3.13912568306011
"1545","ALU06",40.60291671,-1.69505267,1961,548.49,15.8061095890411,1.68178082191781
"1546","ALU06",40.60291671,-1.69505267,1962,587.06,14.6751232876712,1.11167123287671
"1547","ALU06",40.60291671,-1.69505267,1963,739.11,13.4624931506849,0.89627397260274
"1548","ALU06",40.60291671,-1.69505267,1964,539.84,15.2771857923497,1.04959016393443
"1549","ALU06",40.60291671,-1.69505267,1965,606.26,14.2562739726027,1.00328767123288
"1550","ALU06",40.60291671,-1.69505267,1966,647.19,14.4630684931507,1.62252054794521
"1551","ALU06",40.60291671,-1.69505267,1967,468.45,14.9204657534247,0.605835616438356
"1552","ALU06",40.60291671,-1.69505267,1968,545.8,14.5618032786885,1.28024590163934
"1553","ALU06",40.60291671,-1.69505267,1969,884.44,12.6906301369863,0.871506849315068
"1554","ALU06",40.60291671,-1.69505267,1970,541.86,14.3828493150685,0.380082191780822
"1555","ALU06",40.60291671,-1.69505267,1971,829.33,12.7667123287671,0.338109589041096
"1556","ALU06",40.60291671,-1.69505267,1972,700.02,12.397868852459,0.780027322404372
"1557","ALU06",40.60291671,-1.69505267,1973,461.7,14.2880273972603,0.524246575342466
"1558","ALU06",40.60291671,-1.69505267,1974,593.81,13.7314520547945,0.881397260273973
"1559","ALU06",40.60291671,-1.69505267,1975,659.55,13.857397260274,0.833041095890411
"1560","ALU06",40.60291671,-1.69505267,1976,670.3,13.7445355191257,0.704508196721311
"1561","ALU06",40.60291671,-1.69505267,1977,718.93,13.6072054794521,1.32953424657534
"1562","ALU06",40.60291671,-1.69505267,1978,527.72,14.1304383561644,0.656520547945206
"1563","ALU06",40.60291671,-1.69505267,1979,721.63,14.1048219178082,1.65460273972603
"1564","ALU06",40.60291671,-1.69505267,1980,487.88,14.5438797814208,0.510737704918033
"1565","ALU06",40.60291671,-1.69505267,1981,445.12,15.5388219178082,0.901890410958904
"1566","ALU06",40.60291671,-1.69505267,1982,600.31,14.8044109589041,1.91517808219178
"1567","ALU06",40.60291671,-1.69505267,1983,361.76,15.760301369863,1.39378082191781
"1568","ALU06",40.60291671,-1.69505267,1984,624.72,13.6012841530055,0.889125683060109
"1569","ALU06",40.60291671,-1.69505267,1985,449.5,14.9860547945205,1.95904109589041
"1570","ALU06",40.60291671,-1.69505267,1986,599.86,14.4307397260274,1.76221917808219
"1571","ALU06",40.60291671,-1.69505267,1987,558.24,15.1438904109589,2.46772602739726
"1572","ALU06",40.60291671,-1.69505267,1988,605.05,14.9479234972678,1.59131147540984
"1573","ALU06",40.60291671,-1.69505267,1989,617.28,15.6222465753425,2.66284931506849
"1574","ALU06",40.60291671,-1.69505267,1990,428.54,15.6021369863014,2.22087671232877
"1575","ALU06",40.60291671,-1.69505267,1991,519.53,14.4478904109589,1.53572602739726
"1576","ALU06",40.60291671,-1.69505267,1992,423.33,14.8767486338798,1.04617486338798
"1577","ALU06",40.60291671,-1.69505267,1993,489.18,14.4816438356164,0.715780821917808
"1578","ALU06",40.60291671,-1.69505267,1994,383.62,16.4105205479452,2.15572602739726
"1579","ALU06",40.60291671,-1.69505267,1995,478.87,15.9444109589041,1.90032876712329
"1580","ALU06",40.60291671,-1.69505267,1996,691.7,14.6032240437158,1.62857923497268
"1581","ALU06",40.60291671,-1.69505267,1997,640.92,15.8189315068493,2.56350684931507
"1582","ALU06",40.60291671,-1.69505267,1998,474.92,15.4113150684932,1.74520547945205
"1583","ALU06",40.60291671,-1.69505267,1999,552.41,14.9505479452055,1.70435616438356
"1584","ALU06",40.60291671,-1.69505267,2000,487.35,15.644262295082,1.40524590163934
"1585","ALU06",40.60291671,-1.69505267,2001,361.99,15.3968493150685,1.81180821917808
"1586","ALU06",40.60291671,-1.69505267,2002,662.28,15.2707123287671,2.50435616438356
"1587","ALU06",40.60291671,-1.69505267,2003,613.71,15.6023287671233,2.63194520547945
"1588","ALU06",40.60291671,-1.69505267,2004,523.07,15.2545901639344,1.70188524590164
"1589","ALU06",40.60291671,-1.69505267,2005,364.53,15.8204109589041,1.30849315068493
"1590","ALU06",40.60291671,-1.69505267,2006,525,16.383095890411,2.92898630136986
"1591","ALU06",40.60291671,-1.69505267,2007,481.58,15.3971232876712,1.6892602739726
"1592","ALU06",40.60291671,-1.69505267,2008,675.35,14.8393989071038,1.98622950819672
"1593","ALU06",40.60291671,-1.69505267,2009,466.36,16.5147123287671,2.77767123287671
"1594","ALU06",40.60291671,-1.69505267,2010,696.65,14.5087123287671,2.24808219178082
"1595","ALU06",40.60291671,-1.69505267,2011,474.65,16.6691780821918,2.81646575342466
"1596","ALU06",40.60291671,-1.69505267,2012,439.54,15.8953278688525,1.99516393442623
"1597","ALU06",40.60291671,-1.69505267,2013,608.68,14.5730684931507,1.98301369863014
"1598","ALU06",40.60291671,-1.69505267,2014,567.25,15.9510136986301,3.12013698630137
"1599","ALU06",40.60291671,-1.69505267,2015,443.35,16.9429863013699,2.95435616438356
"1600","ALU06",40.60291671,-1.69505267,2016,524.2,16.1450546448087,2.82565573770492
"1601","ALU06",40.60291671,-1.69505267,2017,356.84,17.4722465753425,2.49493150684932
"1602","ALU06",40.60291671,-1.69505267,2018,754.78,15.365095890411,3.00739726027397
"1603","ALU06",40.60291671,-1.69505267,2019,450.73,16.5714794520548,2.49624657534247
"1604","ALU06",40.60291671,-1.69505267,2020,593.95,16.4613934426229,3.23338797814208
"1605","ALU06",40.60291671,-1.69505267,2021,594.13,15.7850410958904,2.63561643835616
"1606","ALU06",40.60291671,-1.69505267,2022,450.41,17.5102191780822,3.71479452054795
"1607","ALU01",40.59980514,-1.69479918,1950,348.93,14.5979178082192,2.67276712328767
"1608","ALU01",40.59980514,-1.69479918,1951,700.26,12.2973150684932,1.60528767123288
"1609","ALU01",40.59980514,-1.69479918,1952,539.86,13.7577049180328,1.49327868852459
"1610","ALU01",40.59980514,-1.69479918,1953,366.67,14.1862191780822,2.348
"1611","ALU01",40.59980514,-1.69479918,1954,409.79,13.7048219178082,2.01016438356164
"1612","ALU01",40.59980514,-1.69479918,1955,683.68,14.3754794520548,3.73284931506849
"1613","ALU01",40.59980514,-1.69479918,1956,513.6,12.4405191256831,1.25188524590164
"1614","ALU01",40.59980514,-1.69479918,1957,532.6,13.7018356164384,2.03164383561644
"1615","ALU01",40.59980514,-1.69479918,1958,482.33,13.7522191780822,2.9266301369863
"1616","ALU01",40.59980514,-1.69479918,1959,769.32,13.0951506849315,3.14632876712329
"1617","ALU01",40.59980514,-1.69479918,1960,778.36,13.1908196721311,2.77142076502732
"1618","ALU01",40.59980514,-1.69479918,1961,575.22,15.3402191780822,1.33257534246575
"1619","ALU01",40.59980514,-1.69479918,1962,616.46,14.2135342465753,0.760904109589041
"1620","ALU01",40.59980514,-1.69479918,1963,777.58,13.001397260274,0.545397260273973
"1621","ALU01",40.59980514,-1.69479918,1964,568.07,14.818606557377,0.708224043715847
"1622","ALU01",40.59980514,-1.69479918,1965,635.94,13.7932328767123,0.65413698630137
"1623","ALU01",40.59980514,-1.69479918,1966,682.73,14.0028219178082,1.27243835616438
"1624","ALU01",40.59980514,-1.69479918,1967,492.46,14.463397260274,0.263698630136986
"1625","ALU01",40.59980514,-1.69479918,1968,574.17,14.0972404371585,0.930054644808743
"1626","ALU01",40.59980514,-1.69479918,1969,927.9,12.2276438356164,0.523260273972603
"1627","ALU01",40.59980514,-1.69479918,1970,567.63,13.9230410958904,0.0415890410958904
"1628","ALU01",40.59980514,-1.69479918,1971,868.86,12.3024383561644,-0.00882191780821919
"1629","ALU01",40.59980514,-1.69479918,1972,735.63,11.9292896174863,0.428196721311475
"1630","ALU01",40.59980514,-1.69479918,1973,481.94,13.8280273972603,0.183452054794521
"1631","ALU01",40.59980514,-1.69479918,1974,623.51,13.2686575342466,0.535041095890411
"1632","ALU01",40.59980514,-1.69479918,1975,690.58,13.3950410958904,0.487205479452055
"1633","ALU01",40.59980514,-1.69479918,1976,700.95,13.2782240437158,0.362841530054645
"1634","ALU01",40.59980514,-1.69479918,1977,754.02,13.1429589041096,0.981342465753425
"1635","ALU01",40.59980514,-1.69479918,1978,556.95,13.6677534246575,0.31172602739726
"1636","ALU01",40.59980514,-1.69479918,1979,757.2,13.6406575342466,1.30684931506849
"1637","ALU01",40.59980514,-1.69479918,1980,512.57,14.0851912568306,0.17292349726776
"1638","ALU01",40.59980514,-1.69479918,1981,465.48,15.0769589041096,0.563013698630137
"1639","ALU01",40.59980514,-1.69479918,1982,627.95,14.340301369863,1.56693150684932
"1640","ALU01",40.59980514,-1.69479918,1983,377.47,15.2992602739726,1.06038356164384
"1641","ALU01",40.59980514,-1.69479918,1984,655.64,13.1363661202186,0.549562841530055
"1642","ALU01",40.59980514,-1.69479918,1985,471.47,14.5271232876712,1.62523287671233
"1643","ALU01",40.59980514,-1.69479918,1986,628.45,13.9711780821918,1.41756164383562
"1644","ALU01",40.59980514,-1.69479918,1987,583.83,14.685698630137,2.12342465753425
"1645","ALU01",40.59980514,-1.69479918,1988,633.2,14.4843715846995,1.25248633879781
"1646","ALU01",40.59980514,-1.69479918,1989,648.19,15.1538356164384,2.32460273972603
"1647","ALU01",40.59980514,-1.69479918,1990,446.07,15.1355890410959,1.87649315068493
"1648","ALU01",40.59980514,-1.69479918,1991,542.11,13.9841643835616,1.19435616438356
"1649","ALU01",40.59980514,-1.69479918,1992,443.11,14.4132240437158,0.709535519125683
"1650","ALU01",40.59980514,-1.69479918,1993,509.61,14.0187945205479,0.37558904109589
"1651","ALU01",40.59980514,-1.69479918,1994,401.94,15.9489863013699,1.8206301369863
"1652","ALU01",40.59980514,-1.69479918,1995,499.81,15.4808493150685,1.56619178082192
"1653","ALU01",40.59980514,-1.69479918,1996,726.5,14.1372131147541,1.28945355191257
"1654","ALU01",40.59980514,-1.69479918,1997,670.36,15.3561917808219,2.22586301369863
"1655","ALU01",40.59980514,-1.69479918,1998,495.73,14.9522739726027,1.4086301369863
"1656","ALU01",40.59980514,-1.69479918,1999,576.32,14.4935616438356,1.36671232876712
"1657","ALU01",40.59980514,-1.69479918,2000,509.85,15.1827322404372,1.0716393442623
"1658","ALU01",40.59980514,-1.69479918,2001,380.23,14.9391506849315,1.47780821917808
"1659","ALU01",40.59980514,-1.69479918,2002,693.52,14.8042739726027,2.1626301369863
"1660","ALU01",40.59980514,-1.69479918,2003,640.54,15.1412876712329,2.29378082191781
"1661","ALU01",40.59980514,-1.69479918,2004,546.49,14.796912568306,1.36073770491803
"1662","ALU01",40.59980514,-1.69479918,2005,380.92,15.3571232876712,0.978767123287671
"1663","ALU01",40.59980514,-1.69479918,2006,549.03,15.9226849315068,2.60043835616438
"1664","ALU01",40.59980514,-1.69479918,2007,507.85,14.9372328767123,1.36147945205479
"1665","ALU01",40.59980514,-1.69479918,2008,706.29,14.3737704918033,1.65907103825137
"1666","ALU01",40.59980514,-1.69479918,2009,491.7,16.0503561643836,2.45120547945205
"1667","ALU01",40.59980514,-1.69479918,2010,732.19,14.0434794520548,1.91369863013699
"1668","ALU01",40.59980514,-1.69479918,2011,499.09,16.2032602739726,2.49213698630137
"1669","ALU01",40.59980514,-1.69479918,2012,459.95,15.4301912568306,1.66972677595628
"1670","ALU01",40.59980514,-1.69479918,2013,638.56,14.1052602739726,1.65328767123288
"1671","ALU01",40.59980514,-1.69479918,2014,597.51,15.4829863013699,2.78854794520548
"1672","ALU01",40.59980514,-1.69479918,2015,467.61,16.4786301369863,2.63101369863014
"1673","ALU01",40.59980514,-1.69479918,2016,553.66,15.6769398907104,2.49644808743169
"1674","ALU01",40.59980514,-1.69479918,2017,374.98,17.0057534246575,2.17290410958904
"1675","ALU01",40.59980514,-1.69479918,2018,790.34,14.8958630136986,2.67309589041096
"1676","ALU01",40.59980514,-1.69479918,2019,474.37,16.1036164383562,2.16693150684931
"1677","ALU01",40.59980514,-1.69479918,2020,624.42,15.9948907103825,2.90426229508197
"1678","ALU01",40.59980514,-1.69479918,2021,623.07,15.3195616438356,2.30915068493151
"1679","ALU01",40.59980514,-1.69479918,2022,473.45,17.0454794520548,3.39441095890411
"1680","ALU02",40.59945823,-1.69455647,1950,348.93,14.5979178082192,2.67276712328767
"1681","ALU02",40.59945823,-1.69455647,1951,700.26,12.2973150684932,1.60528767123288
"1682","ALU02",40.59945823,-1.69455647,1952,539.86,13.7577049180328,1.49327868852459
"1683","ALU02",40.59945823,-1.69455647,1953,366.67,14.1862191780822,2.348
"1684","ALU02",40.59945823,-1.69455647,1954,409.79,13.7048219178082,2.01016438356164
"1685","ALU02",40.59945823,-1.69455647,1955,683.68,14.3754794520548,3.73284931506849
"1686","ALU02",40.59945823,-1.69455647,1956,513.6,12.4405191256831,1.25188524590164
"1687","ALU02",40.59945823,-1.69455647,1957,532.6,13.7018356164384,2.03164383561644
"1688","ALU02",40.59945823,-1.69455647,1958,482.33,13.7522191780822,2.9266301369863
"1689","ALU02",40.59945823,-1.69455647,1959,769.32,13.0951506849315,3.14632876712329
"1690","ALU02",40.59945823,-1.69455647,1960,778.36,13.1908196721311,2.77142076502732
"1691","ALU02",40.59945823,-1.69455647,1961,575.22,15.3402191780822,1.33257534246575
"1692","ALU02",40.59945823,-1.69455647,1962,616.46,14.2135342465753,0.760904109589041
"1693","ALU02",40.59945823,-1.69455647,1963,777.58,13.001397260274,0.545397260273973
"1694","ALU02",40.59945823,-1.69455647,1964,568.07,14.818606557377,0.708224043715847
"1695","ALU02",40.59945823,-1.69455647,1965,635.94,13.7932328767123,0.65413698630137
"1696","ALU02",40.59945823,-1.69455647,1966,682.73,14.0028219178082,1.27243835616438
"1697","ALU02",40.59945823,-1.69455647,1967,492.46,14.463397260274,0.263698630136986
"1698","ALU02",40.59945823,-1.69455647,1968,574.17,14.0972404371585,0.930054644808743
"1699","ALU02",40.59945823,-1.69455647,1969,927.9,12.2276438356164,0.523260273972603
"1700","ALU02",40.59945823,-1.69455647,1970,567.63,13.9230410958904,0.0415890410958904
"1701","ALU02",40.59945823,-1.69455647,1971,868.86,12.3024383561644,-0.00882191780821919
"1702","ALU02",40.59945823,-1.69455647,1972,735.63,11.9292896174863,0.428196721311475
"1703","ALU02",40.59945823,-1.69455647,1973,481.94,13.8280273972603,0.183452054794521
"1704","ALU02",40.59945823,-1.69455647,1974,623.51,13.2686575342466,0.535041095890411
"1705","ALU02",40.59945823,-1.69455647,1975,690.58,13.3950410958904,0.487205479452055
"1706","ALU02",40.59945823,-1.69455647,1976,700.95,13.2782240437158,0.362841530054645
"1707","ALU02",40.59945823,-1.69455647,1977,754.02,13.1429589041096,0.981342465753425
"1708","ALU02",40.59945823,-1.69455647,1978,556.95,13.6677534246575,0.31172602739726
"1709","ALU02",40.59945823,-1.69455647,1979,757.2,13.6406575342466,1.30684931506849
"1710","ALU02",40.59945823,-1.69455647,1980,512.57,14.0851912568306,0.17292349726776
"1711","ALU02",40.59945823,-1.69455647,1981,465.48,15.0769589041096,0.563013698630137
"1712","ALU02",40.59945823,-1.69455647,1982,627.95,14.340301369863,1.56693150684932
"1713","ALU02",40.59945823,-1.69455647,1983,377.47,15.2992602739726,1.06038356164384
"1714","ALU02",40.59945823,-1.69455647,1984,655.64,13.1363661202186,0.549562841530055
"1715","ALU02",40.59945823,-1.69455647,1985,471.47,14.5271232876712,1.62523287671233
"1716","ALU02",40.59945823,-1.69455647,1986,628.45,13.9711780821918,1.41756164383562
"1717","ALU02",40.59945823,-1.69455647,1987,583.83,14.685698630137,2.12342465753425
"1718","ALU02",40.59945823,-1.69455647,1988,633.2,14.4843715846995,1.25248633879781
"1719","ALU02",40.59945823,-1.69455647,1989,648.19,15.1538356164384,2.32460273972603
"1720","ALU02",40.59945823,-1.69455647,1990,446.07,15.1355890410959,1.87649315068493
"1721","ALU02",40.59945823,-1.69455647,1991,542.11,13.9841643835616,1.19435616438356
"1722","ALU02",40.59945823,-1.69455647,1992,443.11,14.4132240437158,0.709535519125683
"1723","ALU02",40.59945823,-1.69455647,1993,509.61,14.0187945205479,0.37558904109589
"1724","ALU02",40.59945823,-1.69455647,1994,401.94,15.9489863013699,1.8206301369863
"1725","ALU02",40.59945823,-1.69455647,1995,499.81,15.4808493150685,1.56619178082192
"1726","ALU02",40.59945823,-1.69455647,1996,726.5,14.1372131147541,1.28945355191257
"1727","ALU02",40.59945823,-1.69455647,1997,670.36,15.3561917808219,2.22586301369863
"1728","ALU02",40.59945823,-1.69455647,1998,495.73,14.9522739726027,1.4086301369863
"1729","ALU02",40.59945823,-1.69455647,1999,576.32,14.4935616438356,1.36671232876712
"1730","ALU02",40.59945823,-1.69455647,2000,509.85,15.1827322404372,1.0716393442623
"1731","ALU02",40.59945823,-1.69455647,2001,380.23,14.9391506849315,1.47780821917808
"1732","ALU02",40.59945823,-1.69455647,2002,693.52,14.8042739726027,2.1626301369863
"1733","ALU02",40.59945823,-1.69455647,2003,640.54,15.1412876712329,2.29378082191781
"1734","ALU02",40.59945823,-1.69455647,2004,546.49,14.796912568306,1.36073770491803
"1735","ALU02",40.59945823,-1.69455647,2005,380.92,15.3571232876712,0.978767123287671
"1736","ALU02",40.59945823,-1.69455647,2006,549.03,15.9226849315068,2.60043835616438
"1737","ALU02",40.59945823,-1.69455647,2007,507.85,14.9372328767123,1.36147945205479
"1738","ALU02",40.59945823,-1.69455647,2008,706.29,14.3737704918033,1.65907103825137
"1739","ALU02",40.59945823,-1.69455647,2009,491.7,16.0503561643836,2.45120547945205
"1740","ALU02",40.59945823,-1.69455647,2010,732.19,14.0434794520548,1.91369863013699
"1741","ALU02",40.59945823,-1.69455647,2011,499.09,16.2032602739726,2.49213698630137
"1742","ALU02",40.59945823,-1.69455647,2012,459.95,15.4301912568306,1.66972677595628
"1743","ALU02",40.59945823,-1.69455647,2013,638.56,14.1052602739726,1.65328767123288
"1744","ALU02",40.59945823,-1.69455647,2014,597.51,15.4829863013699,2.78854794520548
"1745","ALU02",40.59945823,-1.69455647,2015,467.61,16.4786301369863,2.63101369863014
"1746","ALU02",40.59945823,-1.69455647,2016,553.66,15.6769398907104,2.49644808743169
"1747","ALU02",40.59945823,-1.69455647,2017,374.98,17.0057534246575,2.17290410958904
"1748","ALU02",40.59945823,-1.69455647,2018,790.34,14.8958630136986,2.67309589041096
"1749","ALU02",40.59945823,-1.69455647,2019,474.37,16.1036164383562,2.16693150684931
"1750","ALU02",40.59945823,-1.69455647,2020,624.42,15.9948907103825,2.90426229508197
"1751","ALU02",40.59945823,-1.69455647,2021,623.07,15.3195616438356,2.30915068493151
"1752","ALU02",40.59945823,-1.69455647,2022,473.45,17.0454794520548,3.39441095890411
"1753","ALU03",40.59924607,-1.69421522,1950,348.93,14.5979178082192,2.67276712328767
"1754","ALU03",40.59924607,-1.69421522,1951,700.26,12.2973150684932,1.60528767123288
"1755","ALU03",40.59924607,-1.69421522,1952,539.86,13.7577049180328,1.49327868852459
"1756","ALU03",40.59924607,-1.69421522,1953,366.67,14.1862191780822,2.348
"1757","ALU03",40.59924607,-1.69421522,1954,409.79,13.7048219178082,2.01016438356164
"1758","ALU03",40.59924607,-1.69421522,1955,683.68,14.3754794520548,3.73284931506849
"1759","ALU03",40.59924607,-1.69421522,1956,513.6,12.4405191256831,1.25188524590164
"1760","ALU03",40.59924607,-1.69421522,1957,532.6,13.7018356164384,2.03164383561644
"1761","ALU03",40.59924607,-1.69421522,1958,482.33,13.7522191780822,2.9266301369863
"1762","ALU03",40.59924607,-1.69421522,1959,769.32,13.0951506849315,3.14632876712329
"1763","ALU03",40.59924607,-1.69421522,1960,778.36,13.1908196721311,2.77142076502732
"1764","ALU03",40.59924607,-1.69421522,1961,575.22,15.3402191780822,1.33257534246575
"1765","ALU03",40.59924607,-1.69421522,1962,616.46,14.2135342465753,0.760904109589041
"1766","ALU03",40.59924607,-1.69421522,1963,777.58,13.001397260274,0.545397260273973
"1767","ALU03",40.59924607,-1.69421522,1964,568.07,14.818606557377,0.708224043715847
"1768","ALU03",40.59924607,-1.69421522,1965,635.94,13.7932328767123,0.65413698630137
"1769","ALU03",40.59924607,-1.69421522,1966,682.73,14.0028219178082,1.27243835616438
"1770","ALU03",40.59924607,-1.69421522,1967,492.46,14.463397260274,0.263698630136986
"1771","ALU03",40.59924607,-1.69421522,1968,574.17,14.0972404371585,0.930054644808743
"1772","ALU03",40.59924607,-1.69421522,1969,927.9,12.2276438356164,0.523260273972603
"1773","ALU03",40.59924607,-1.69421522,1970,567.63,13.9230410958904,0.0415890410958904
"1774","ALU03",40.59924607,-1.69421522,1971,868.86,12.3024383561644,-0.00882191780821919
"1775","ALU03",40.59924607,-1.69421522,1972,735.63,11.9292896174863,0.428196721311475
"1776","ALU03",40.59924607,-1.69421522,1973,481.94,13.8280273972603,0.183452054794521
"1777","ALU03",40.59924607,-1.69421522,1974,623.51,13.2686575342466,0.535041095890411
"1778","ALU03",40.59924607,-1.69421522,1975,690.58,13.3950410958904,0.487205479452055
"1779","ALU03",40.59924607,-1.69421522,1976,700.95,13.2782240437158,0.362841530054645
"1780","ALU03",40.59924607,-1.69421522,1977,754.02,13.1429589041096,0.981342465753425
"1781","ALU03",40.59924607,-1.69421522,1978,556.95,13.6677534246575,0.31172602739726
"1782","ALU03",40.59924607,-1.69421522,1979,757.2,13.6406575342466,1.30684931506849
"1783","ALU03",40.59924607,-1.69421522,1980,512.57,14.0851912568306,0.17292349726776
"1784","ALU03",40.59924607,-1.69421522,1981,465.48,15.0769589041096,0.563013698630137
"1785","ALU03",40.59924607,-1.69421522,1982,627.95,14.340301369863,1.56693150684932
"1786","ALU03",40.59924607,-1.69421522,1983,377.47,15.2992602739726,1.06038356164384
"1787","ALU03",40.59924607,-1.69421522,1984,655.64,13.1363661202186,0.549562841530055
"1788","ALU03",40.59924607,-1.69421522,1985,471.47,14.5271232876712,1.62523287671233
"1789","ALU03",40.59924607,-1.69421522,1986,628.45,13.9711780821918,1.41756164383562
"1790","ALU03",40.59924607,-1.69421522,1987,583.83,14.685698630137,2.12342465753425
"1791","ALU03",40.59924607,-1.69421522,1988,633.2,14.4843715846995,1.25248633879781
"1792","ALU03",40.59924607,-1.69421522,1989,648.19,15.1538356164384,2.32460273972603
"1793","ALU03",40.59924607,-1.69421522,1990,446.07,15.1355890410959,1.87649315068493
"1794","ALU03",40.59924607,-1.69421522,1991,542.11,13.9841643835616,1.19435616438356
"1795","ALU03",40.59924607,-1.69421522,1992,443.11,14.4132240437158,0.709535519125683
"1796","ALU03",40.59924607,-1.69421522,1993,509.61,14.0187945205479,0.37558904109589
"1797","ALU03",40.59924607,-1.69421522,1994,401.94,15.9489863013699,1.8206301369863
"1798","ALU03",40.59924607,-1.69421522,1995,499.81,15.4808493150685,1.56619178082192
"1799","ALU03",40.59924607,-1.69421522,1996,726.5,14.1372131147541,1.28945355191257
"1800","ALU03",40.59924607,-1.69421522,1997,670.36,15.3561917808219,2.22586301369863
"1801","ALU03",40.59924607,-1.69421522,1998,495.73,14.9522739726027,1.4086301369863
"1802","ALU03",40.59924607,-1.69421522,1999,576.32,14.4935616438356,1.36671232876712
"1803","ALU03",40.59924607,-1.69421522,2000,509.85,15.1827322404372,1.0716393442623
"1804","ALU03",40.59924607,-1.69421522,2001,380.23,14.9391506849315,1.47780821917808
"1805","ALU03",40.59924607,-1.69421522,2002,693.52,14.8042739726027,2.1626301369863
"1806","ALU03",40.59924607,-1.69421522,2003,640.54,15.1412876712329,2.29378082191781
"1807","ALU03",40.59924607,-1.69421522,2004,546.49,14.796912568306,1.36073770491803
"1808","ALU03",40.59924607,-1.69421522,2005,380.92,15.3571232876712,0.978767123287671
"1809","ALU03",40.59924607,-1.69421522,2006,549.03,15.9226849315068,2.60043835616438
"1810","ALU03",40.59924607,-1.69421522,2007,507.85,14.9372328767123,1.36147945205479
"1811","ALU03",40.59924607,-1.69421522,2008,706.29,14.3737704918033,1.65907103825137
"1812","ALU03",40.59924607,-1.69421522,2009,491.7,16.0503561643836,2.45120547945205
"1813","ALU03",40.59924607,-1.69421522,2010,732.19,14.0434794520548,1.91369863013699
"1814","ALU03",40.59924607,-1.69421522,2011,499.09,16.2032602739726,2.49213698630137
"1815","ALU03",40.59924607,-1.69421522,2012,459.95,15.4301912568306,1.66972677595628
"1816","ALU03",40.59924607,-1.69421522,2013,638.56,14.1052602739726,1.65328767123288
"1817","ALU03",40.59924607,-1.69421522,2014,597.51,15.4829863013699,2.78854794520548
"1818","ALU03",40.59924607,-1.69421522,2015,467.61,16.4786301369863,2.63101369863014
"1819","ALU03",40.59924607,-1.69421522,2016,553.66,15.6769398907104,2.49644808743169
"1820","ALU03",40.59924607,-1.69421522,2017,374.98,17.0057534246575,2.17290410958904
"1821","ALU03",40.59924607,-1.69421522,2018,790.34,14.8958630136986,2.67309589041096
"1822","ALU03",40.59924607,-1.69421522,2019,474.37,16.1036164383562,2.16693150684931
"1823","ALU03",40.59924607,-1.69421522,2020,624.42,15.9948907103825,2.90426229508197
"1824","ALU03",40.59924607,-1.69421522,2021,623.07,15.3195616438356,2.30915068493151
"1825","ALU03",40.59924607,-1.69421522,2022,473.45,17.0454794520548,3.39441095890411
"1826","ALU04",40.59894391,-1.69448637,1950,348.93,14.5979178082192,2.67276712328767
"1827","ALU04",40.59894391,-1.69448637,1951,700.26,12.2973150684932,1.60528767123288
"1828","ALU04",40.59894391,-1.69448637,1952,539.86,13.7577049180328,1.49327868852459
"1829","ALU04",40.59894391,-1.69448637,1953,366.67,14.1862191780822,2.348
"1830","ALU04",40.59894391,-1.69448637,1954,409.79,13.7048219178082,2.01016438356164
"1831","ALU04",40.59894391,-1.69448637,1955,683.68,14.3754794520548,3.73284931506849
"1832","ALU04",40.59894391,-1.69448637,1956,513.6,12.4405191256831,1.25188524590164
"1833","ALU04",40.59894391,-1.69448637,1957,532.6,13.7018356164384,2.03164383561644
"1834","ALU04",40.59894391,-1.69448637,1958,482.33,13.7522191780822,2.9266301369863
"1835","ALU04",40.59894391,-1.69448637,1959,769.32,13.0951506849315,3.14632876712329
"1836","ALU04",40.59894391,-1.69448637,1960,778.36,13.1908196721311,2.77142076502732
"1837","ALU04",40.59894391,-1.69448637,1961,575.22,15.3402191780822,1.33257534246575
"1838","ALU04",40.59894391,-1.69448637,1962,616.46,14.2135342465753,0.760904109589041
"1839","ALU04",40.59894391,-1.69448637,1963,777.58,13.001397260274,0.545397260273973
"1840","ALU04",40.59894391,-1.69448637,1964,568.07,14.818606557377,0.708224043715847
"1841","ALU04",40.59894391,-1.69448637,1965,635.94,13.7932328767123,0.65413698630137
"1842","ALU04",40.59894391,-1.69448637,1966,682.73,14.0028219178082,1.27243835616438
"1843","ALU04",40.59894391,-1.69448637,1967,492.46,14.463397260274,0.263698630136986
"1844","ALU04",40.59894391,-1.69448637,1968,574.17,14.0972404371585,0.930054644808743
"1845","ALU04",40.59894391,-1.69448637,1969,927.9,12.2276438356164,0.523260273972603
"1846","ALU04",40.59894391,-1.69448637,1970,567.63,13.9230410958904,0.0415890410958904
"1847","ALU04",40.59894391,-1.69448637,1971,868.86,12.3024383561644,-0.00882191780821919
"1848","ALU04",40.59894391,-1.69448637,1972,735.63,11.9292896174863,0.428196721311475
"1849","ALU04",40.59894391,-1.69448637,1973,481.94,13.8280273972603,0.183452054794521
"1850","ALU04",40.59894391,-1.69448637,1974,623.51,13.2686575342466,0.535041095890411
"1851","ALU04",40.59894391,-1.69448637,1975,690.58,13.3950410958904,0.487205479452055
"1852","ALU04",40.59894391,-1.69448637,1976,700.95,13.2782240437158,0.362841530054645
"1853","ALU04",40.59894391,-1.69448637,1977,754.02,13.1429589041096,0.981342465753425
"1854","ALU04",40.59894391,-1.69448637,1978,556.95,13.6677534246575,0.31172602739726
"1855","ALU04",40.59894391,-1.69448637,1979,757.2,13.6406575342466,1.30684931506849
"1856","ALU04",40.59894391,-1.69448637,1980,512.57,14.0851912568306,0.17292349726776
"1857","ALU04",40.59894391,-1.69448637,1981,465.48,15.0769589041096,0.563013698630137
"1858","ALU04",40.59894391,-1.69448637,1982,627.95,14.340301369863,1.56693150684932
"1859","ALU04",40.59894391,-1.69448637,1983,377.47,15.2992602739726,1.06038356164384
"1860","ALU04",40.59894391,-1.69448637,1984,655.64,13.1363661202186,0.549562841530055
"1861","ALU04",40.59894391,-1.69448637,1985,471.47,14.5271232876712,1.62523287671233
"1862","ALU04",40.59894391,-1.69448637,1986,628.45,13.9711780821918,1.41756164383562
"1863","ALU04",40.59894391,-1.69448637,1987,583.83,14.685698630137,2.12342465753425
"1864","ALU04",40.59894391,-1.69448637,1988,633.2,14.4843715846995,1.25248633879781
"1865","ALU04",40.59894391,-1.69448637,1989,648.19,15.1538356164384,2.32460273972603
"1866","ALU04",40.59894391,-1.69448637,1990,446.07,15.1355890410959,1.87649315068493
"1867","ALU04",40.59894391,-1.69448637,1991,542.11,13.9841643835616,1.19435616438356
"1868","ALU04",40.59894391,-1.69448637,1992,443.11,14.4132240437158,0.709535519125683
"1869","ALU04",40.59894391,-1.69448637,1993,509.61,14.0187945205479,0.37558904109589
"1870","ALU04",40.59894391,-1.69448637,1994,401.94,15.9489863013699,1.8206301369863
"1871","ALU04",40.59894391,-1.69448637,1995,499.81,15.4808493150685,1.56619178082192
"1872","ALU04",40.59894391,-1.69448637,1996,726.5,14.1372131147541,1.28945355191257
"1873","ALU04",40.59894391,-1.69448637,1997,670.36,15.3561917808219,2.22586301369863
"1874","ALU04",40.59894391,-1.69448637,1998,495.73,14.9522739726027,1.4086301369863
"1875","ALU04",40.59894391,-1.69448637,1999,576.32,14.4935616438356,1.36671232876712
"1876","ALU04",40.59894391,-1.69448637,2000,509.85,15.1827322404372,1.0716393442623
"1877","ALU04",40.59894391,-1.69448637,2001,380.23,14.9391506849315,1.47780821917808
"1878","ALU04",40.59894391,-1.69448637,2002,693.52,14.8042739726027,2.1626301369863
"1879","ALU04",40.59894391,-1.69448637,2003,640.54,15.1412876712329,2.29378082191781
"1880","ALU04",40.59894391,-1.69448637,2004,546.49,14.796912568306,1.36073770491803
"1881","ALU04",40.59894391,-1.69448637,2005,380.92,15.3571232876712,0.978767123287671
"1882","ALU04",40.59894391,-1.69448637,2006,549.03,15.9226849315068,2.60043835616438
"1883","ALU04",40.59894391,-1.69448637,2007,507.85,14.9372328767123,1.36147945205479
"1884","ALU04",40.59894391,-1.69448637,2008,706.29,14.3737704918033,1.65907103825137
"1885","ALU04",40.59894391,-1.69448637,2009,491.7,16.0503561643836,2.45120547945205
"1886","ALU04",40.59894391,-1.69448637,2010,732.19,14.0434794520548,1.91369863013699
"1887","ALU04",40.59894391,-1.69448637,2011,499.09,16.2032602739726,2.49213698630137
"1888","ALU04",40.59894391,-1.69448637,2012,459.95,15.4301912568306,1.66972677595628
"1889","ALU04",40.59894391,-1.69448637,2013,638.56,14.1052602739726,1.65328767123288
"1890","ALU04",40.59894391,-1.69448637,2014,597.51,15.4829863013699,2.78854794520548
"1891","ALU04",40.59894391,-1.69448637,2015,467.61,16.4786301369863,2.63101369863014
"1892","ALU04",40.59894391,-1.69448637,2016,553.66,15.6769398907104,2.49644808743169
"1893","ALU04",40.59894391,-1.69448637,2017,374.98,17.0057534246575,2.17290410958904
"1894","ALU04",40.59894391,-1.69448637,2018,790.34,14.8958630136986,2.67309589041096
"1895","ALU04",40.59894391,-1.69448637,2019,474.37,16.1036164383562,2.16693150684931
"1896","ALU04",40.59894391,-1.69448637,2020,624.42,15.9948907103825,2.90426229508197
"1897","ALU04",40.59894391,-1.69448637,2021,623.07,15.3195616438356,2.30915068493151
"1898","ALU04",40.59894391,-1.69448637,2022,473.45,17.0454794520548,3.39441095890411
"1899","ALU05",40.59886319,-1.69539999,1950,348.93,14.5979178082192,2.67276712328767
"1900","ALU05",40.59886319,-1.69539999,1951,700.26,12.2973150684932,1.60528767123288
"1901","ALU05",40.59886319,-1.69539999,1952,539.86,13.7577049180328,1.49327868852459
"1902","ALU05",40.59886319,-1.69539999,1953,366.67,14.1862191780822,2.348
"1903","ALU05",40.59886319,-1.69539999,1954,409.79,13.7048219178082,2.01016438356164
"1904","ALU05",40.59886319,-1.69539999,1955,683.68,14.3754794520548,3.73284931506849
"1905","ALU05",40.59886319,-1.69539999,1956,513.6,12.4405191256831,1.25188524590164
"1906","ALU05",40.59886319,-1.69539999,1957,532.6,13.7018356164384,2.03164383561644
"1907","ALU05",40.59886319,-1.69539999,1958,482.33,13.7522191780822,2.9266301369863
"1908","ALU05",40.59886319,-1.69539999,1959,769.32,13.0951506849315,3.14632876712329
"1909","ALU05",40.59886319,-1.69539999,1960,778.36,13.1908196721311,2.77142076502732
"1910","ALU05",40.59886319,-1.69539999,1961,575.22,15.3402191780822,1.33257534246575
"1911","ALU05",40.59886319,-1.69539999,1962,616.46,14.2135342465753,0.760904109589041
"1912","ALU05",40.59886319,-1.69539999,1963,777.58,13.001397260274,0.545397260273973
"1913","ALU05",40.59886319,-1.69539999,1964,568.07,14.818606557377,0.708224043715847
"1914","ALU05",40.59886319,-1.69539999,1965,635.94,13.7932328767123,0.65413698630137
"1915","ALU05",40.59886319,-1.69539999,1966,682.73,14.0028219178082,1.27243835616438
"1916","ALU05",40.59886319,-1.69539999,1967,492.46,14.463397260274,0.263698630136986
"1917","ALU05",40.59886319,-1.69539999,1968,574.17,14.0972404371585,0.930054644808743
"1918","ALU05",40.59886319,-1.69539999,1969,927.9,12.2276438356164,0.523260273972603
"1919","ALU05",40.59886319,-1.69539999,1970,567.63,13.9230410958904,0.0415890410958904
"1920","ALU05",40.59886319,-1.69539999,1971,868.86,12.3024383561644,-0.00882191780821919
"1921","ALU05",40.59886319,-1.69539999,1972,735.63,11.9292896174863,0.428196721311475
"1922","ALU05",40.59886319,-1.69539999,1973,481.94,13.8280273972603,0.183452054794521
"1923","ALU05",40.59886319,-1.69539999,1974,623.51,13.2686575342466,0.535041095890411
"1924","ALU05",40.59886319,-1.69539999,1975,690.58,13.3950410958904,0.487205479452055
"1925","ALU05",40.59886319,-1.69539999,1976,700.95,13.2782240437158,0.362841530054645
"1926","ALU05",40.59886319,-1.69539999,1977,754.02,13.1429589041096,0.981342465753425
"1927","ALU05",40.59886319,-1.69539999,1978,556.95,13.6677534246575,0.31172602739726
"1928","ALU05",40.59886319,-1.69539999,1979,757.2,13.6406575342466,1.30684931506849
"1929","ALU05",40.59886319,-1.69539999,1980,512.57,14.0851912568306,0.17292349726776
"1930","ALU05",40.59886319,-1.69539999,1981,465.48,15.0769589041096,0.563013698630137
"1931","ALU05",40.59886319,-1.69539999,1982,627.95,14.340301369863,1.56693150684932
"1932","ALU05",40.59886319,-1.69539999,1983,377.47,15.2992602739726,1.06038356164384
"1933","ALU05",40.59886319,-1.69539999,1984,655.64,13.1363661202186,0.549562841530055
"1934","ALU05",40.59886319,-1.69539999,1985,471.47,14.5271232876712,1.62523287671233
"1935","ALU05",40.59886319,-1.69539999,1986,628.45,13.9711780821918,1.41756164383562
"1936","ALU05",40.59886319,-1.69539999,1987,583.83,14.685698630137,2.12342465753425
"1937","ALU05",40.59886319,-1.69539999,1988,633.2,14.4843715846995,1.25248633879781
"1938","ALU05",40.59886319,-1.69539999,1989,648.19,15.1538356164384,2.32460273972603
"1939","ALU05",40.59886319,-1.69539999,1990,446.07,15.1355890410959,1.87649315068493
"1940","ALU05",40.59886319,-1.69539999,1991,542.11,13.9841643835616,1.19435616438356
"1941","ALU05",40.59886319,-1.69539999,1992,443.11,14.4132240437158,0.709535519125683
"1942","ALU05",40.59886319,-1.69539999,1993,509.61,14.0187945205479,0.37558904109589
"1943","ALU05",40.59886319,-1.69539999,1994,401.94,15.9489863013699,1.8206301369863
"1944","ALU05",40.59886319,-1.69539999,1995,499.81,15.4808493150685,1.56619178082192
"1945","ALU05",40.59886319,-1.69539999,1996,726.5,14.1372131147541,1.28945355191257
"1946","ALU05",40.59886319,-1.69539999,1997,670.36,15.3561917808219,2.22586301369863
"1947","ALU05",40.59886319,-1.69539999,1998,495.73,14.9522739726027,1.4086301369863
"1948","ALU05",40.59886319,-1.69539999,1999,576.32,14.4935616438356,1.36671232876712
"1949","ALU05",40.59886319,-1.69539999,2000,509.85,15.1827322404372,1.0716393442623
"1950","ALU05",40.59886319,-1.69539999,2001,380.23,14.9391506849315,1.47780821917808
"1951","ALU05",40.59886319,-1.69539999,2002,693.52,14.8042739726027,2.1626301369863
"1952","ALU05",40.59886319,-1.69539999,2003,640.54,15.1412876712329,2.29378082191781
"1953","ALU05",40.59886319,-1.69539999,2004,546.49,14.796912568306,1.36073770491803
"1954","ALU05",40.59886319,-1.69539999,2005,380.92,15.3571232876712,0.978767123287671
"1955","ALU05",40.59886319,-1.69539999,2006,549.03,15.9226849315068,2.60043835616438
"1956","ALU05",40.59886319,-1.69539999,2007,507.85,14.9372328767123,1.36147945205479
"1957","ALU05",40.59886319,-1.69539999,2008,706.29,14.3737704918033,1.65907103825137
"1958","ALU05",40.59886319,-1.69539999,2009,491.7,16.0503561643836,2.45120547945205
"1959","ALU05",40.59886319,-1.69539999,2010,732.19,14.0434794520548,1.91369863013699
"1960","ALU05",40.59886319,-1.69539999,2011,499.09,16.2032602739726,2.49213698630137
"1961","ALU05",40.59886319,-1.69539999,2012,459.95,15.4301912568306,1.66972677595628
"1962","ALU05",40.59886319,-1.69539999,2013,638.56,14.1052602739726,1.65328767123288
"1963","ALU05",40.59886319,-1.69539999,2014,597.51,15.4829863013699,2.78854794520548
"1964","ALU05",40.59886319,-1.69539999,2015,467.61,16.4786301369863,2.63101369863014
"1965","ALU05",40.59886319,-1.69539999,2016,553.66,15.6769398907104,2.49644808743169
"1966","ALU05",40.59886319,-1.69539999,2017,374.98,17.0057534246575,2.17290410958904
"1967","ALU05",40.59886319,-1.69539999,2018,790.34,14.8958630136986,2.67309589041096
"1968","ALU05",40.59886319,-1.69539999,2019,474.37,16.1036164383562,2.16693150684931
"1969","ALU05",40.59886319,-1.69539999,2020,624.42,15.9948907103825,2.90426229508197
"1970","ALU05",40.59886319,-1.69539999,2021,623.07,15.3195616438356,2.30915068493151
"1971","ALU05",40.59886319,-1.69539999,2022,473.45,17.0454794520548,3.39441095890411
"1972","GUA15",40.69411573,-4.13684568,1950,464.95,15.1452328767123,4.96482191780822
"1973","GUA15",40.69411573,-4.13684568,1951,952.61,12.934301369863,4.26443835616438
"1974","GUA15",40.69411573,-4.13684568,1952,764.01,13.6986338797814,4.55680327868852
"1975","GUA15",40.69411573,-4.13684568,1953,581.07,14.6825479452055,4.51865753424658
"1976","GUA15",40.69411573,-4.13684568,1954,539.57,13.8440273972603,4.68221917808219
"1977","GUA15",40.69411573,-4.13684568,1955,844.79,14.6838356164384,5.90145205479452
"1978","GUA15",40.69411573,-4.13684568,1956,685.68,12.4865846994536,3.34459016393443
"1979","GUA15",40.69411573,-4.13684568,1957,591.52,13.7263835616438,4.28876712328767
"1980","GUA15",40.69411573,-4.13684568,1958,679.94,13.4886849315068,4.70391780821918
"1981","GUA15",40.69411573,-4.13684568,1959,853.46,13.1160273972603,5.0492602739726
"1982","GUA15",40.69411573,-4.13684568,1960,898.21,13.2773770491803,4.87352459016393
"1983","GUA15",40.69411573,-4.13684568,1961,656.31,15.0012876712329,6.02495890410959
"1984","GUA15",40.69411573,-4.13684568,1962,702.9,13.8549589041096,5.03531506849315
"1985","GUA15",40.69411573,-4.13684568,1963,930,13.0192876712329,4.49312328767123
"1986","GUA15",40.69411573,-4.13684568,1964,599.33,14.2122677595628,5.4155737704918
"1987","GUA15",40.69411573,-4.13684568,1965,799.96,13.3645753424658,4.89578082191781
"1988","GUA15",40.69411573,-4.13684568,1966,949.68,13.6661369863014,5.08495890410959
"1989","GUA15",40.69411573,-4.13684568,1967,590.09,13.6138082191781,5.10649315068493
"1990","GUA15",40.69411573,-4.13684568,1968,585.5,13.641174863388,5.36989071038251
"1991","GUA15",40.69411573,-4.13684568,1969,866.52,12.2492328767123,4.45194520547945
"1992","GUA15",40.69411573,-4.13684568,1970,582.32,13.6995616438356,4.80652054794521
"1993","GUA15",40.69411573,-4.13684568,1971,760.52,12.2035616438356,4.43679452054795
"1994","GUA15",40.69411573,-4.13684568,1972,1059.09,11.4725136612022,4.09535519125683
"1995","GUA15",40.69411573,-4.13684568,1973,673.44,13.2138904109589,4.55158904109589
"1996","GUA15",40.69411573,-4.13684568,1974,570.16,12.7443561643836,4.52342465753425
"1997","GUA15",40.69411573,-4.13684568,1975,702.41,12.5792602739726,4.66246575342466
"1998","GUA15",40.69411573,-4.13684568,1976,931.03,12.7517213114754,4.91838797814208
"1999","GUA15",40.69411573,-4.13684568,1977,873.61,12.5186301369863,5.08964383561644
"2000","GUA15",40.69411573,-4.13684568,1978,850.29,12.9998082191781,5.23241095890411
"2001","GUA15",40.69411573,-4.13684568,1979,824.88,13.0120821917808,5.4747397260274
"2002","GUA15",40.69411573,-4.13684568,1980,638.45,13.1815846994536,4.8981693989071
"2003","GUA15",40.69411573,-4.13684568,1981,649.3,14.1681095890411,5.38591780821918
"2004","GUA15",40.69411573,-4.13684568,1982,635.36,13.9664931506849,5.32753424657534
"2005","GUA15",40.69411573,-4.13684568,1983,519.37,14.4838356164384,5.13761643835616
"2006","GUA15",40.69411573,-4.13684568,1984,778.62,12.9784426229508,4.00273224043716
"2007","GUA15",40.69411573,-4.13684568,1985,482.53,14.6521643835616,5.19345205479452
"2008","GUA15",40.69411573,-4.13684568,1986,603.48,14.0456438356164,4.7918904109589
"2009","GUA15",40.69411573,-4.13684568,1987,841.25,14.600602739726,5.7541095890411
"2010","GUA15",40.69411573,-4.13684568,1988,671.81,14.2687431693989,5.1248087431694
"2011","GUA15",40.69411573,-4.13684568,1989,924.03,15.1014520547945,6.09134246575342
"2012","GUA15",40.69411573,-4.13684568,1990,508.58,14.9958630136986,5.71775342465753
"2013","GUA15",40.69411573,-4.13684568,1991,520.6,14.0914794520548,4.86827397260274
"2014","GUA15",40.69411573,-4.13684568,1992,572.89,14.3534426229508,5.0025956284153
"2015","GUA15",40.69411573,-4.13684568,1993,642.69,13.3410410958904,4.20465753424658
"2016","GUA15",40.69411573,-4.13684568,1994,516.63,15.0804657534247,5.35424657534247
"2017","GUA15",40.69411573,-4.13684568,1995,607.6,15.4230410958904,5.88106849315068
"2018","GUA15",40.69411573,-4.13684568,1996,1068.3,13.7871038251366,5.1225956284153
"2019","GUA15",40.69411573,-4.13684568,1997,1022.8,15.2607945205479,6.38934246575342
"2020","GUA15",40.69411573,-4.13684568,1998,666.23,14.8687945205479,5.92652054794521
"2021","GUA15",40.69411573,-4.13684568,1999,594.37,14.5362465753425,5.38345205479452
"2022","GUA15",40.69411573,-4.13684568,2000,798.04,14.8001092896175,5.64459016393443
"2023","GUA15",40.69411573,-4.13684568,2001,657.54,14.7259452054795,5.74041095890411
"2024","GUA15",40.69411573,-4.13684568,2002,865.21,14.6700273972603,5.84624657534247
"2025","GUA15",40.69411573,-4.13684568,2003,857.56,15.243095890411,6.18476712328767
"2026","GUA15",40.69411573,-4.13684568,2004,691.86,14.6528961748634,5.50622950819672
"2027","GUA15",40.69411573,-4.13684568,2005,595.44,15.087397260274,5.39613698630137
"2028","GUA15",40.69411573,-4.13684568,2006,841.58,15.6244109589041,6.48446575342466
"2029","GUA15",40.69411573,-4.13684568,2007,654.03,14.7356438356164,5.09786301369863
"2030","GUA15",40.69411573,-4.13684568,2008,863.65,14.3624043715847,5.29754098360656
"2031","GUA15",40.69411573,-4.13684568,2009,540.62,15.8747945205479,6.13868493150685
"2032","GUA15",40.69411573,-4.13684568,2010,780.06,14.2930136986301,5.32832876712329
"2033","GUA15",40.69411573,-4.13684568,2011,701.86,16.0839178082192,6.49871232876712
"2034","GUA15",40.69411573,-4.13684568,2012,549.97,15.0205737704918,5.53139344262295
"2035","GUA15",40.69411573,-4.13684568,2013,723.93,14.3027123287671,5.24008219178082
"2036","GUA15",40.69411573,-4.13684568,2014,878.36,15.1878082191781,6.38046575342466
"2037","GUA15",40.69411573,-4.13684568,2015,536.22,16.246,6.77405479452055
"2038","GUA15",40.69411573,-4.13684568,2016,878.27,15.3215027322404,6.31158469945355
"2039","GUA15",40.69411573,-4.13684568,2017,549.11,16.7390136986301,6.77909589041096
"2040","GUA15",40.69411573,-4.13684568,2018,982.05,14.8281369863014,6.06153424657534
"2041","GUA15",40.69411573,-4.13684568,2019,579.88,16.2003561643836,6.39679452054795
"2042","GUA15",40.69411573,-4.13684568,2020,789.51,15.9159289617486,6.87609289617486
"2043","GUA15",40.69411573,-4.13684568,2021,689.96,15.3343561643836,6.2807397260274
"2044","GUA15",40.69411573,-4.13684568,2022,749.73,16.6889589041096,7.69495890410959
"2045","GUA14",40.69503307,-4.13778488,1950,464.95,15.1452328767123,4.96482191780822
"2046","GUA14",40.69503307,-4.13778488,1951,952.61,12.934301369863,4.26443835616438
"2047","GUA14",40.69503307,-4.13778488,1952,764.01,13.6986338797814,4.55680327868852
"2048","GUA14",40.69503307,-4.13778488,1953,581.07,14.6825479452055,4.51865753424658
"2049","GUA14",40.69503307,-4.13778488,1954,539.57,13.8440273972603,4.68221917808219
"2050","GUA14",40.69503307,-4.13778488,1955,844.79,14.6838356164384,5.90145205479452
"2051","GUA14",40.69503307,-4.13778488,1956,685.68,12.4865846994536,3.34459016393443
"2052","GUA14",40.69503307,-4.13778488,1957,591.52,13.7263835616438,4.28876712328767
"2053","GUA14",40.69503307,-4.13778488,1958,679.94,13.4886849315068,4.70391780821918
"2054","GUA14",40.69503307,-4.13778488,1959,853.46,13.1160273972603,5.0492602739726
"2055","GUA14",40.69503307,-4.13778488,1960,898.21,13.2773770491803,4.87352459016393
"2056","GUA14",40.69503307,-4.13778488,1961,656.31,15.0012876712329,6.02495890410959
"2057","GUA14",40.69503307,-4.13778488,1962,702.9,13.8549589041096,5.03531506849315
"2058","GUA14",40.69503307,-4.13778488,1963,930,13.0192876712329,4.49312328767123
"2059","GUA14",40.69503307,-4.13778488,1964,599.33,14.2122677595628,5.4155737704918
"2060","GUA14",40.69503307,-4.13778488,1965,799.96,13.3645753424658,4.89578082191781
"2061","GUA14",40.69503307,-4.13778488,1966,949.68,13.6661369863014,5.08495890410959
"2062","GUA14",40.69503307,-4.13778488,1967,590.09,13.6138082191781,5.10649315068493
"2063","GUA14",40.69503307,-4.13778488,1968,585.5,13.641174863388,5.36989071038251
"2064","GUA14",40.69503307,-4.13778488,1969,866.52,12.2492328767123,4.45194520547945
"2065","GUA14",40.69503307,-4.13778488,1970,582.32,13.6995616438356,4.80652054794521
"2066","GUA14",40.69503307,-4.13778488,1971,760.52,12.2035616438356,4.43679452054795
"2067","GUA14",40.69503307,-4.13778488,1972,1059.09,11.4725136612022,4.09535519125683
"2068","GUA14",40.69503307,-4.13778488,1973,673.44,13.2138904109589,4.55158904109589
"2069","GUA14",40.69503307,-4.13778488,1974,570.16,12.7443561643836,4.52342465753425
"2070","GUA14",40.69503307,-4.13778488,1975,702.41,12.5792602739726,4.66246575342466
"2071","GUA14",40.69503307,-4.13778488,1976,931.03,12.7517213114754,4.91838797814208
"2072","GUA14",40.69503307,-4.13778488,1977,873.61,12.5186301369863,5.08964383561644
"2073","GUA14",40.69503307,-4.13778488,1978,850.29,12.9998082191781,5.23241095890411
"2074","GUA14",40.69503307,-4.13778488,1979,824.88,13.0120821917808,5.4747397260274
"2075","GUA14",40.69503307,-4.13778488,1980,638.45,13.1815846994536,4.8981693989071
"2076","GUA14",40.69503307,-4.13778488,1981,649.3,14.1681095890411,5.38591780821918
"2077","GUA14",40.69503307,-4.13778488,1982,635.36,13.9664931506849,5.32753424657534
"2078","GUA14",40.69503307,-4.13778488,1983,519.37,14.4838356164384,5.13761643835616
"2079","GUA14",40.69503307,-4.13778488,1984,778.62,12.9784426229508,4.00273224043716
"2080","GUA14",40.69503307,-4.13778488,1985,482.53,14.6521643835616,5.19345205479452
"2081","GUA14",40.69503307,-4.13778488,1986,603.48,14.0456438356164,4.7918904109589
"2082","GUA14",40.69503307,-4.13778488,1987,841.25,14.600602739726,5.7541095890411
"2083","GUA14",40.69503307,-4.13778488,1988,671.81,14.2687431693989,5.1248087431694
"2084","GUA14",40.69503307,-4.13778488,1989,924.03,15.1014520547945,6.09134246575342
"2085","GUA14",40.69503307,-4.13778488,1990,508.58,14.9958630136986,5.71775342465753
"2086","GUA14",40.69503307,-4.13778488,1991,520.6,14.0914794520548,4.86827397260274
"2087","GUA14",40.69503307,-4.13778488,1992,572.89,14.3534426229508,5.0025956284153
"2088","GUA14",40.69503307,-4.13778488,1993,642.69,13.3410410958904,4.20465753424658
"2089","GUA14",40.69503307,-4.13778488,1994,516.63,15.0804657534247,5.35424657534247
"2090","GUA14",40.69503307,-4.13778488,1995,607.6,15.4230410958904,5.88106849315068
"2091","GUA14",40.69503307,-4.13778488,1996,1068.3,13.7871038251366,5.1225956284153
"2092","GUA14",40.69503307,-4.13778488,1997,1022.8,15.2607945205479,6.38934246575342
"2093","GUA14",40.69503307,-4.13778488,1998,666.23,14.8687945205479,5.92652054794521
"2094","GUA14",40.69503307,-4.13778488,1999,594.37,14.5362465753425,5.38345205479452
"2095","GUA14",40.69503307,-4.13778488,2000,798.04,14.8001092896175,5.64459016393443
"2096","GUA14",40.69503307,-4.13778488,2001,657.54,14.7259452054795,5.74041095890411
"2097","GUA14",40.69503307,-4.13778488,2002,865.21,14.6700273972603,5.84624657534247
"2098","GUA14",40.69503307,-4.13778488,2003,857.56,15.243095890411,6.18476712328767
"2099","GUA14",40.69503307,-4.13778488,2004,691.86,14.6528961748634,5.50622950819672
"2100","GUA14",40.69503307,-4.13778488,2005,595.44,15.087397260274,5.39613698630137
"2101","GUA14",40.69503307,-4.13778488,2006,841.58,15.6244109589041,6.48446575342466
"2102","GUA14",40.69503307,-4.13778488,2007,654.03,14.7356438356164,5.09786301369863
"2103","GUA14",40.69503307,-4.13778488,2008,863.65,14.3624043715847,5.29754098360656
"2104","GUA14",40.69503307,-4.13778488,2009,540.62,15.8747945205479,6.13868493150685
"2105","GUA14",40.69503307,-4.13778488,2010,780.06,14.2930136986301,5.32832876712329
"2106","GUA14",40.69503307,-4.13778488,2011,701.86,16.0839178082192,6.49871232876712
"2107","GUA14",40.69503307,-4.13778488,2012,549.97,15.0205737704918,5.53139344262295
"2108","GUA14",40.69503307,-4.13778488,2013,723.93,14.3027123287671,5.24008219178082
"2109","GUA14",40.69503307,-4.13778488,2014,878.36,15.1878082191781,6.38046575342466
"2110","GUA14",40.69503307,-4.13778488,2015,536.22,16.246,6.77405479452055
"2111","GUA14",40.69503307,-4.13778488,2016,878.27,15.3215027322404,6.31158469945355
"2112","GUA14",40.69503307,-4.13778488,2017,549.11,16.7390136986301,6.77909589041096
"2113","GUA14",40.69503307,-4.13778488,2018,982.05,14.8281369863014,6.06153424657534
"2114","GUA14",40.69503307,-4.13778488,2019,579.88,16.2003561643836,6.39679452054795
"2115","GUA14",40.69503307,-4.13778488,2020,789.51,15.9159289617486,6.87609289617486
"2116","GUA14",40.69503307,-4.13778488,2021,689.96,15.3343561643836,6.2807397260274
"2117","GUA14",40.69503307,-4.13778488,2022,749.73,16.6889589041096,7.69495890410959
"2118","GUA12",40.6982563,-4.13971612,1950,464.95,15.1452328767123,4.96482191780822
"2119","GUA12",40.6982563,-4.13971612,1951,952.61,12.934301369863,4.26443835616438
"2120","GUA12",40.6982563,-4.13971612,1952,764.01,13.6986338797814,4.55680327868852
"2121","GUA12",40.6982563,-4.13971612,1953,581.07,14.6825479452055,4.51865753424658
"2122","GUA12",40.6982563,-4.13971612,1954,539.57,13.8440273972603,4.68221917808219
"2123","GUA12",40.6982563,-4.13971612,1955,844.79,14.6838356164384,5.90145205479452
"2124","GUA12",40.6982563,-4.13971612,1956,685.68,12.4865846994536,3.34459016393443
"2125","GUA12",40.6982563,-4.13971612,1957,591.52,13.7263835616438,4.28876712328767
"2126","GUA12",40.6982563,-4.13971612,1958,679.94,13.4886849315068,4.70391780821918
"2127","GUA12",40.6982563,-4.13971612,1959,853.46,13.1160273972603,5.0492602739726
"2128","GUA12",40.6982563,-4.13971612,1960,898.21,13.2773770491803,4.87352459016393
"2129","GUA12",40.6982563,-4.13971612,1961,656.31,15.0012876712329,6.02495890410959
"2130","GUA12",40.6982563,-4.13971612,1962,702.9,13.8549589041096,5.03531506849315
"2131","GUA12",40.6982563,-4.13971612,1963,930,13.0192876712329,4.49312328767123
"2132","GUA12",40.6982563,-4.13971612,1964,599.33,14.2122677595628,5.4155737704918
"2133","GUA12",40.6982563,-4.13971612,1965,799.96,13.3645753424658,4.89578082191781
"2134","GUA12",40.6982563,-4.13971612,1966,949.68,13.6661369863014,5.08495890410959
"2135","GUA12",40.6982563,-4.13971612,1967,590.09,13.6138082191781,5.10649315068493
"2136","GUA12",40.6982563,-4.13971612,1968,585.5,13.641174863388,5.36989071038251
"2137","GUA12",40.6982563,-4.13971612,1969,866.52,12.2492328767123,4.45194520547945
"2138","GUA12",40.6982563,-4.13971612,1970,582.32,13.6995616438356,4.80652054794521
"2139","GUA12",40.6982563,-4.13971612,1971,760.52,12.2035616438356,4.43679452054795
"2140","GUA12",40.6982563,-4.13971612,1972,1059.09,11.4725136612022,4.09535519125683
"2141","GUA12",40.6982563,-4.13971612,1973,673.44,13.2138904109589,4.55158904109589
"2142","GUA12",40.6982563,-4.13971612,1974,570.16,12.7443561643836,4.52342465753425
"2143","GUA12",40.6982563,-4.13971612,1975,702.41,12.5792602739726,4.66246575342466
"2144","GUA12",40.6982563,-4.13971612,1976,931.03,12.7517213114754,4.91838797814208
"2145","GUA12",40.6982563,-4.13971612,1977,873.61,12.5186301369863,5.08964383561644
"2146","GUA12",40.6982563,-4.13971612,1978,850.29,12.9998082191781,5.23241095890411
"2147","GUA12",40.6982563,-4.13971612,1979,824.88,13.0120821917808,5.4747397260274
"2148","GUA12",40.6982563,-4.13971612,1980,638.45,13.1815846994536,4.8981693989071
"2149","GUA12",40.6982563,-4.13971612,1981,649.3,14.1681095890411,5.38591780821918
"2150","GUA12",40.6982563,-4.13971612,1982,635.36,13.9664931506849,5.32753424657534
"2151","GUA12",40.6982563,-4.13971612,1983,519.37,14.4838356164384,5.13761643835616
"2152","GUA12",40.6982563,-4.13971612,1984,778.62,12.9784426229508,4.00273224043716
"2153","GUA12",40.6982563,-4.13971612,1985,482.53,14.6521643835616,5.19345205479452
"2154","GUA12",40.6982563,-4.13971612,1986,603.48,14.0456438356164,4.7918904109589
"2155","GUA12",40.6982563,-4.13971612,1987,841.25,14.600602739726,5.7541095890411
"2156","GUA12",40.6982563,-4.13971612,1988,671.81,14.2687431693989,5.1248087431694
"2157","GUA12",40.6982563,-4.13971612,1989,924.03,15.1014520547945,6.09134246575342
"2158","GUA12",40.6982563,-4.13971612,1990,508.58,14.9958630136986,5.71775342465753
"2159","GUA12",40.6982563,-4.13971612,1991,520.6,14.0914794520548,4.86827397260274
"2160","GUA12",40.6982563,-4.13971612,1992,572.89,14.3534426229508,5.0025956284153
"2161","GUA12",40.6982563,-4.13971612,1993,642.69,13.3410410958904,4.20465753424658
"2162","GUA12",40.6982563,-4.13971612,1994,516.63,15.0804657534247,5.35424657534247
"2163","GUA12",40.6982563,-4.13971612,1995,607.6,15.4230410958904,5.88106849315068
"2164","GUA12",40.6982563,-4.13971612,1996,1068.3,13.7871038251366,5.1225956284153
"2165","GUA12",40.6982563,-4.13971612,1997,1022.8,15.2607945205479,6.38934246575342
"2166","GUA12",40.6982563,-4.13971612,1998,666.23,14.8687945205479,5.92652054794521
"2167","GUA12",40.6982563,-4.13971612,1999,594.37,14.5362465753425,5.38345205479452
"2168","GUA12",40.6982563,-4.13971612,2000,798.04,14.8001092896175,5.64459016393443
"2169","GUA12",40.6982563,-4.13971612,2001,657.54,14.7259452054795,5.74041095890411
"2170","GUA12",40.6982563,-4.13971612,2002,865.21,14.6700273972603,5.84624657534247
"2171","GUA12",40.6982563,-4.13971612,2003,857.56,15.243095890411,6.18476712328767
"2172","GUA12",40.6982563,-4.13971612,2004,691.86,14.6528961748634,5.50622950819672
"2173","GUA12",40.6982563,-4.13971612,2005,595.44,15.087397260274,5.39613698630137
"2174","GUA12",40.6982563,-4.13971612,2006,841.58,15.6244109589041,6.48446575342466
"2175","GUA12",40.6982563,-4.13971612,2007,654.03,14.7356438356164,5.09786301369863
"2176","GUA12",40.6982563,-4.13971612,2008,863.65,14.3624043715847,5.29754098360656
"2177","GUA12",40.6982563,-4.13971612,2009,540.62,15.8747945205479,6.13868493150685
"2178","GUA12",40.6982563,-4.13971612,2010,780.06,14.2930136986301,5.32832876712329
"2179","GUA12",40.6982563,-4.13971612,2011,701.86,16.0839178082192,6.49871232876712
"2180","GUA12",40.6982563,-4.13971612,2012,549.97,15.0205737704918,5.53139344262295
"2181","GUA12",40.6982563,-4.13971612,2013,723.93,14.3027123287671,5.24008219178082
"2182","GUA12",40.6982563,-4.13971612,2014,878.36,15.1878082191781,6.38046575342466
"2183","GUA12",40.6982563,-4.13971612,2015,536.22,16.246,6.77405479452055
"2184","GUA12",40.6982563,-4.13971612,2016,878.27,15.3215027322404,6.31158469945355
"2185","GUA12",40.6982563,-4.13971612,2017,549.11,16.7390136986301,6.77909589041096
"2186","GUA12",40.6982563,-4.13971612,2018,982.05,14.8281369863014,6.06153424657534
"2187","GUA12",40.6982563,-4.13971612,2019,579.88,16.2003561643836,6.39679452054795
"2188","GUA12",40.6982563,-4.13971612,2020,789.51,15.9159289617486,6.87609289617486
"2189","GUA12",40.6982563,-4.13971612,2021,689.96,15.3343561643836,6.2807397260274
"2190","GUA12",40.6982563,-4.13971612,2022,749.73,16.6889589041096,7.69495890410959
"2191","GUA13",40.69977465,-4.14003963,1950,464.95,15.1452328767123,4.96482191780822
"2192","GUA13",40.69977465,-4.14003963,1951,952.61,12.934301369863,4.26443835616438
"2193","GUA13",40.69977465,-4.14003963,1952,764.01,13.6986338797814,4.55680327868852
"2194","GUA13",40.69977465,-4.14003963,1953,581.07,14.6825479452055,4.51865753424658
"2195","GUA13",40.69977465,-4.14003963,1954,539.57,13.8440273972603,4.68221917808219
"2196","GUA13",40.69977465,-4.14003963,1955,844.79,14.6838356164384,5.90145205479452
"2197","GUA13",40.69977465,-4.14003963,1956,685.68,12.4865846994536,3.34459016393443
"2198","GUA13",40.69977465,-4.14003963,1957,591.52,13.7263835616438,4.28876712328767
"2199","GUA13",40.69977465,-4.14003963,1958,679.94,13.4886849315068,4.70391780821918
"2200","GUA13",40.69977465,-4.14003963,1959,853.46,13.1160273972603,5.0492602739726
"2201","GUA13",40.69977465,-4.14003963,1960,898.21,13.2773770491803,4.87352459016393
"2202","GUA13",40.69977465,-4.14003963,1961,656.31,15.0012876712329,6.02495890410959
"2203","GUA13",40.69977465,-4.14003963,1962,702.9,13.8549589041096,5.03531506849315
"2204","GUA13",40.69977465,-4.14003963,1963,930,13.0192876712329,4.49312328767123
"2205","GUA13",40.69977465,-4.14003963,1964,599.33,14.2122677595628,5.4155737704918
"2206","GUA13",40.69977465,-4.14003963,1965,799.96,13.3645753424658,4.89578082191781
"2207","GUA13",40.69977465,-4.14003963,1966,949.68,13.6661369863014,5.08495890410959
"2208","GUA13",40.69977465,-4.14003963,1967,590.09,13.6138082191781,5.10649315068493
"2209","GUA13",40.69977465,-4.14003963,1968,585.5,13.641174863388,5.36989071038251
"2210","GUA13",40.69977465,-4.14003963,1969,866.52,12.2492328767123,4.45194520547945
"2211","GUA13",40.69977465,-4.14003963,1970,582.32,13.6995616438356,4.80652054794521
"2212","GUA13",40.69977465,-4.14003963,1971,760.52,12.2035616438356,4.43679452054795
"2213","GUA13",40.69977465,-4.14003963,1972,1059.09,11.4725136612022,4.09535519125683
"2214","GUA13",40.69977465,-4.14003963,1973,673.44,13.2138904109589,4.55158904109589
"2215","GUA13",40.69977465,-4.14003963,1974,570.16,12.7443561643836,4.52342465753425
"2216","GUA13",40.69977465,-4.14003963,1975,702.41,12.5792602739726,4.66246575342466
"2217","GUA13",40.69977465,-4.14003963,1976,931.03,12.7517213114754,4.91838797814208
"2218","GUA13",40.69977465,-4.14003963,1977,873.61,12.5186301369863,5.08964383561644
"2219","GUA13",40.69977465,-4.14003963,1978,850.29,12.9998082191781,5.23241095890411
"2220","GUA13",40.69977465,-4.14003963,1979,824.88,13.0120821917808,5.4747397260274
"2221","GUA13",40.69977465,-4.14003963,1980,638.45,13.1815846994536,4.8981693989071
"2222","GUA13",40.69977465,-4.14003963,1981,649.3,14.1681095890411,5.38591780821918
"2223","GUA13",40.69977465,-4.14003963,1982,635.36,13.9664931506849,5.32753424657534
"2224","GUA13",40.69977465,-4.14003963,1983,519.37,14.4838356164384,5.13761643835616
"2225","GUA13",40.69977465,-4.14003963,1984,778.62,12.9784426229508,4.00273224043716
"2226","GUA13",40.69977465,-4.14003963,1985,482.53,14.6521643835616,5.19345205479452
"2227","GUA13",40.69977465,-4.14003963,1986,603.48,14.0456438356164,4.7918904109589
"2228","GUA13",40.69977465,-4.14003963,1987,841.25,14.600602739726,5.7541095890411
"2229","GUA13",40.69977465,-4.14003963,1988,671.81,14.2687431693989,5.1248087431694
"2230","GUA13",40.69977465,-4.14003963,1989,924.03,15.1014520547945,6.09134246575342
"2231","GUA13",40.69977465,-4.14003963,1990,508.58,14.9958630136986,5.71775342465753
"2232","GUA13",40.69977465,-4.14003963,1991,520.6,14.0914794520548,4.86827397260274
"2233","GUA13",40.69977465,-4.14003963,1992,572.89,14.3534426229508,5.0025956284153
"2234","GUA13",40.69977465,-4.14003963,1993,642.69,13.3410410958904,4.20465753424658
"2235","GUA13",40.69977465,-4.14003963,1994,516.63,15.0804657534247,5.35424657534247
"2236","GUA13",40.69977465,-4.14003963,1995,607.6,15.4230410958904,5.88106849315068
"2237","GUA13",40.69977465,-4.14003963,1996,1068.3,13.7871038251366,5.1225956284153
"2238","GUA13",40.69977465,-4.14003963,1997,1022.8,15.2607945205479,6.38934246575342
"2239","GUA13",40.69977465,-4.14003963,1998,666.23,14.8687945205479,5.92652054794521
"2240","GUA13",40.69977465,-4.14003963,1999,594.37,14.5362465753425,5.38345205479452
"2241","GUA13",40.69977465,-4.14003963,2000,798.04,14.8001092896175,5.64459016393443
"2242","GUA13",40.69977465,-4.14003963,2001,657.54,14.7259452054795,5.74041095890411
"2243","GUA13",40.69977465,-4.14003963,2002,865.21,14.6700273972603,5.84624657534247
"2244","GUA13",40.69977465,-4.14003963,2003,857.56,15.243095890411,6.18476712328767
"2245","GUA13",40.69977465,-4.14003963,2004,691.86,14.6528961748634,5.50622950819672
"2246","GUA13",40.69977465,-4.14003963,2005,595.44,15.087397260274,5.39613698630137
"2247","GUA13",40.69977465,-4.14003963,2006,841.58,15.6244109589041,6.48446575342466
"2248","GUA13",40.69977465,-4.14003963,2007,654.03,14.7356438356164,5.09786301369863
"2249","GUA13",40.69977465,-4.14003963,2008,863.65,14.3624043715847,5.29754098360656
"2250","GUA13",40.69977465,-4.14003963,2009,540.62,15.8747945205479,6.13868493150685
"2251","GUA13",40.69977465,-4.14003963,2010,780.06,14.2930136986301,5.32832876712329
"2252","GUA13",40.69977465,-4.14003963,2011,701.86,16.0839178082192,6.49871232876712
"2253","GUA13",40.69977465,-4.14003963,2012,549.97,15.0205737704918,5.53139344262295
"2254","GUA13",40.69977465,-4.14003963,2013,723.93,14.3027123287671,5.24008219178082
"2255","GUA13",40.69977465,-4.14003963,2014,878.36,15.1878082191781,6.38046575342466
"2256","GUA13",40.69977465,-4.14003963,2015,536.22,16.246,6.77405479452055
"2257","GUA13",40.69977465,-4.14003963,2016,878.27,15.3215027322404,6.31158469945355
"2258","GUA13",40.69977465,-4.14003963,2017,549.11,16.7390136986301,6.77909589041096
"2259","GUA13",40.69977465,-4.14003963,2018,982.05,14.8281369863014,6.06153424657534
"2260","GUA13",40.69977465,-4.14003963,2019,579.88,16.2003561643836,6.39679452054795
"2261","GUA13",40.69977465,-4.14003963,2020,789.51,15.9159289617486,6.87609289617486
"2262","GUA13",40.69977465,-4.14003963,2021,689.96,15.3343561643836,6.2807397260274
"2263","GUA13",40.69977465,-4.14003963,2022,749.73,16.6889589041096,7.69495890410959
"2264","GUA11",40.69769174,-4.14137188,1950,464.95,15.1452328767123,4.96482191780822
"2265","GUA11",40.69769174,-4.14137188,1951,952.61,12.934301369863,4.26443835616438
"2266","GUA11",40.69769174,-4.14137188,1952,764.01,13.6986338797814,4.55680327868852
"2267","GUA11",40.69769174,-4.14137188,1953,581.07,14.6825479452055,4.51865753424658
"2268","GUA11",40.69769174,-4.14137188,1954,539.57,13.8440273972603,4.68221917808219
"2269","GUA11",40.69769174,-4.14137188,1955,844.79,14.6838356164384,5.90145205479452
"2270","GUA11",40.69769174,-4.14137188,1956,685.68,12.4865846994536,3.34459016393443
"2271","GUA11",40.69769174,-4.14137188,1957,591.52,13.7263835616438,4.28876712328767
"2272","GUA11",40.69769174,-4.14137188,1958,679.94,13.4886849315068,4.70391780821918
"2273","GUA11",40.69769174,-4.14137188,1959,853.46,13.1160273972603,5.0492602739726
"2274","GUA11",40.69769174,-4.14137188,1960,898.21,13.2773770491803,4.87352459016393
"2275","GUA11",40.69769174,-4.14137188,1961,656.31,15.0012876712329,6.02495890410959
"2276","GUA11",40.69769174,-4.14137188,1962,702.9,13.8549589041096,5.03531506849315
"2277","GUA11",40.69769174,-4.14137188,1963,930,13.0192876712329,4.49312328767123
"2278","GUA11",40.69769174,-4.14137188,1964,599.33,14.2122677595628,5.4155737704918
"2279","GUA11",40.69769174,-4.14137188,1965,799.96,13.3645753424658,4.89578082191781
"2280","GUA11",40.69769174,-4.14137188,1966,949.68,13.6661369863014,5.08495890410959
"2281","GUA11",40.69769174,-4.14137188,1967,590.09,13.6138082191781,5.10649315068493
"2282","GUA11",40.69769174,-4.14137188,1968,585.5,13.641174863388,5.36989071038251
"2283","GUA11",40.69769174,-4.14137188,1969,866.52,12.2492328767123,4.45194520547945
"2284","GUA11",40.69769174,-4.14137188,1970,582.32,13.6995616438356,4.80652054794521
"2285","GUA11",40.69769174,-4.14137188,1971,760.52,12.2035616438356,4.43679452054795
"2286","GUA11",40.69769174,-4.14137188,1972,1059.09,11.4725136612022,4.09535519125683
"2287","GUA11",40.69769174,-4.14137188,1973,673.44,13.2138904109589,4.55158904109589
"2288","GUA11",40.69769174,-4.14137188,1974,570.16,12.7443561643836,4.52342465753425
"2289","GUA11",40.69769174,-4.14137188,1975,702.41,12.5792602739726,4.66246575342466
"2290","GUA11",40.69769174,-4.14137188,1976,931.03,12.7517213114754,4.91838797814208
"2291","GUA11",40.69769174,-4.14137188,1977,873.61,12.5186301369863,5.08964383561644
"2292","GUA11",40.69769174,-4.14137188,1978,850.29,12.9998082191781,5.23241095890411
"2293","GUA11",40.69769174,-4.14137188,1979,824.88,13.0120821917808,5.4747397260274
"2294","GUA11",40.69769174,-4.14137188,1980,638.45,13.1815846994536,4.8981693989071
"2295","GUA11",40.69769174,-4.14137188,1981,649.3,14.1681095890411,5.38591780821918
"2296","GUA11",40.69769174,-4.14137188,1982,635.36,13.9664931506849,5.32753424657534
"2297","GUA11",40.69769174,-4.14137188,1983,519.37,14.4838356164384,5.13761643835616
"2298","GUA11",40.69769174,-4.14137188,1984,778.62,12.9784426229508,4.00273224043716
"2299","GUA11",40.69769174,-4.14137188,1985,482.53,14.6521643835616,5.19345205479452
"2300","GUA11",40.69769174,-4.14137188,1986,603.48,14.0456438356164,4.7918904109589
"2301","GUA11",40.69769174,-4.14137188,1987,841.25,14.600602739726,5.7541095890411
"2302","GUA11",40.69769174,-4.14137188,1988,671.81,14.2687431693989,5.1248087431694
"2303","GUA11",40.69769174,-4.14137188,1989,924.03,15.1014520547945,6.09134246575342
"2304","GUA11",40.69769174,-4.14137188,1990,508.58,14.9958630136986,5.71775342465753
"2305","GUA11",40.69769174,-4.14137188,1991,520.6,14.0914794520548,4.86827397260274
"2306","GUA11",40.69769174,-4.14137188,1992,572.89,14.3534426229508,5.0025956284153
"2307","GUA11",40.69769174,-4.14137188,1993,642.69,13.3410410958904,4.20465753424658
"2308","GUA11",40.69769174,-4.14137188,1994,516.63,15.0804657534247,5.35424657534247
"2309","GUA11",40.69769174,-4.14137188,1995,607.6,15.4230410958904,5.88106849315068
"2310","GUA11",40.69769174,-4.14137188,1996,1068.3,13.7871038251366,5.1225956284153
"2311","GUA11",40.69769174,-4.14137188,1997,1022.8,15.2607945205479,6.38934246575342
"2312","GUA11",40.69769174,-4.14137188,1998,666.23,14.8687945205479,5.92652054794521
"2313","GUA11",40.69769174,-4.14137188,1999,594.37,14.5362465753425,5.38345205479452
"2314","GUA11",40.69769174,-4.14137188,2000,798.04,14.8001092896175,5.64459016393443
"2315","GUA11",40.69769174,-4.14137188,2001,657.54,14.7259452054795,5.74041095890411
"2316","GUA11",40.69769174,-4.14137188,2002,865.21,14.6700273972603,5.84624657534247
"2317","GUA11",40.69769174,-4.14137188,2003,857.56,15.243095890411,6.18476712328767
"2318","GUA11",40.69769174,-4.14137188,2004,691.86,14.6528961748634,5.50622950819672
"2319","GUA11",40.69769174,-4.14137188,2005,595.44,15.087397260274,5.39613698630137
"2320","GUA11",40.69769174,-4.14137188,2006,841.58,15.6244109589041,6.48446575342466
"2321","GUA11",40.69769174,-4.14137188,2007,654.03,14.7356438356164,5.09786301369863
"2322","GUA11",40.69769174,-4.14137188,2008,863.65,14.3624043715847,5.29754098360656
"2323","GUA11",40.69769174,-4.14137188,2009,540.62,15.8747945205479,6.13868493150685
"2324","GUA11",40.69769174,-4.14137188,2010,780.06,14.2930136986301,5.32832876712329
"2325","GUA11",40.69769174,-4.14137188,2011,701.86,16.0839178082192,6.49871232876712
"2326","GUA11",40.69769174,-4.14137188,2012,549.97,15.0205737704918,5.53139344262295
"2327","GUA11",40.69769174,-4.14137188,2013,723.93,14.3027123287671,5.24008219178082
"2328","GUA11",40.69769174,-4.14137188,2014,878.36,15.1878082191781,6.38046575342466
"2329","GUA11",40.69769174,-4.14137188,2015,536.22,16.246,6.77405479452055
"2330","GUA11",40.69769174,-4.14137188,2016,878.27,15.3215027322404,6.31158469945355
"2331","GUA11",40.69769174,-4.14137188,2017,549.11,16.7390136986301,6.77909589041096
"2332","GUA11",40.69769174,-4.14137188,2018,982.05,14.8281369863014,6.06153424657534
"2333","GUA11",40.69769174,-4.14137188,2019,579.88,16.2003561643836,6.39679452054795
"2334","GUA11",40.69769174,-4.14137188,2020,789.51,15.9159289617486,6.87609289617486
"2335","GUA11",40.69769174,-4.14137188,2021,689.96,15.3343561643836,6.2807397260274
"2336","GUA11",40.69769174,-4.14137188,2022,749.73,16.6889589041096,7.69495890410959
"2337","GUA10",40.69907041,-4.14221549,1950,536.29,14.4374246575342,4.47950684931507
"2338","GUA10",40.69907041,-4.14221549,1951,1099.91,12.2250136986301,3.78030136986301
"2339","GUA10",40.69907041,-4.14221549,1952,881.13,12.9903278688525,4.06991803278689
"2340","GUA10",40.69907041,-4.14221549,1953,665.71,13.9824109589041,4.05446575342466
"2341","GUA10",40.69907041,-4.14221549,1954,626.11,13.1428493150685,4.20969863013699
"2342","GUA10",40.69907041,-4.14221549,1955,974.16,13.9850136986301,5.42334246575343
"2343","GUA10",40.69907041,-4.14221549,1956,782.03,11.7796174863388,2.86494535519126
"2344","GUA10",40.69907041,-4.14221549,1957,668.05,13.019397260274,3.81517808219178
"2345","GUA10",40.69907041,-4.14221549,1958,783.37,12.7649863013699,4.22027397260274
"2346","GUA10",40.69907041,-4.14221549,1959,970.51,12.4016164383562,4.56843835616438
"2347","GUA10",40.69907041,-4.14221549,1960,1034.15,12.5681420765027,4.38295081967213
"2348","GUA10",40.69907041,-4.14221549,1961,752.59,14.2914246575342,5.54706849315069
"2349","GUA10",40.69907041,-4.14221549,1962,803.51,13.1432876712329,4.5541095890411
"2350","GUA10",40.69907041,-4.14221549,1963,1072.31,12.3038082191781,3.99769863013699
"2351","GUA10",40.69907041,-4.14221549,1964,683.99,13.5019672131148,4.93016393442623
"2352","GUA10",40.69907041,-4.14221549,1965,927.56,12.6517534246575,4.41095890410959
"2353","GUA10",40.69907041,-4.14221549,1966,1095.07,12.9540821917808,4.60805479452055
"2354","GUA10",40.69907041,-4.14221549,1967,679.03,12.9042739726027,4.63353424657534
"2355","GUA10",40.69907041,-4.14221549,1968,679.24,12.9216393442623,4.88811475409836
"2356","GUA10",40.69907041,-4.14221549,1969,987.82,11.5258356164384,3.9732602739726
"2357","GUA10",40.69907041,-4.14221549,1970,675.9,12.9764383561644,4.3273698630137
"2358","GUA10",40.69907041,-4.14221549,1971,873.03,11.4751232876712,3.94983561643836
"2359","GUA10",40.69907041,-4.14221549,1972,1227.55,10.7362841530055,3.60352459016393
"2360","GUA10",40.69907041,-4.14221549,1973,774.12,12.4856438356164,4.08205479452055
"2361","GUA10",40.69907041,-4.14221549,1974,660.37,12.0201643835616,4.04613698630137
"2362","GUA10",40.69907041,-4.14221549,1975,806.25,11.8494794520548,4.17857534246575
"2363","GUA10",40.69907041,-4.14221549,1976,1058.65,12.0284426229508,4.44133879781421
"2364","GUA10",40.69907041,-4.14221549,1977,999.9,11.7952054794521,4.60758904109589
"2365","GUA10",40.69907041,-4.14221549,1978,987.46,12.2712876712329,4.74454794520548
"2366","GUA10",40.69907041,-4.14221549,1979,959.6,12.2862465753425,4.99282191780822
"2367","GUA10",40.69907041,-4.14221549,1980,731.03,12.4615846994536,4.42469945355191
"2368","GUA10",40.69907041,-4.14221549,1981,738.97,13.4478630136986,4.91235616438356
"2369","GUA10",40.69907041,-4.14221549,1982,724.4,13.2535890410959,4.84213698630137
"2370","GUA10",40.69907041,-4.14221549,1983,593.2,13.7690684931507,4.65043835616438
"2371","GUA10",40.69907041,-4.14221549,1984,904.76,12.2683333333333,3.50551912568306
"2372","GUA10",40.69907041,-4.14221549,1985,561.07,13.9433698630137,4.68257534246575
"2373","GUA10",40.69907041,-4.14221549,1986,696,13.3364931506849,4.28438356164384
"2374","GUA10",40.69907041,-4.14221549,1987,966.93,13.8868493150685,5.24167123287671
"2375","GUA10",40.69907041,-4.14221549,1988,764.65,13.5600819672131,4.62333333333333
"2376","GUA10",40.69907041,-4.14221549,1989,1071.75,14.3861917808219,5.584
"2377","GUA10",40.69907041,-4.14221549,1990,583.07,14.288602739726,5.21027397260274
"2378","GUA10",40.69907041,-4.14221549,1991,603.85,13.3804657534247,4.36142465753425
"2379","GUA10",40.69907041,-4.14221549,1992,645.83,13.6412021857924,4.49502732240437
"2380","GUA10",40.69907041,-4.14221549,1993,733.99,12.6332054794521,3.69402739726027
"2381","GUA10",40.69907041,-4.14221549,1994,598.48,14.3758356164384,4.84134246575342
"2382","GUA10",40.69907041,-4.14221549,1995,701.8,14.7168219178082,5.36545205479452
"2383","GUA10",40.69907041,-4.14221549,1996,1248.36,13.0725683060109,4.61341530054645
"2384","GUA10",40.69907041,-4.14221549,1997,1184.2,14.5601917808219,5.88512328767123
"2385","GUA10",40.69907041,-4.14221549,1998,762.15,14.1677534246575,5.4278904109589
"2386","GUA10",40.69907041,-4.14221549,1999,679.1,13.8285479452055,4.88315068493151
"2387","GUA10",40.69907041,-4.14221549,2000,926.77,14.0964754098361,5.14931693989071
"2388","GUA10",40.69907041,-4.14221549,2001,760.47,14.0244383561644,5.24821917808219
"2389","GUA10",40.69907041,-4.14221549,2002,990.49,13.9698356164384,5.34701369863014
"2390","GUA10",40.69907041,-4.14221549,2003,990.12,14.5440821917808,5.68605479452055
"2391","GUA10",40.69907041,-4.14221549,2004,791.64,13.9548633879781,5.01311475409836
"2392","GUA10",40.69907041,-4.14221549,2005,688.34,14.3861917808219,4.90298630136986
"2393","GUA10",40.69907041,-4.14221549,2006,970.88,14.9258356164384,5.99041095890411
"2394","GUA10",40.69907041,-4.14221549,2007,748.52,14.0432054794521,4.60241095890411
"2395","GUA10",40.69907041,-4.14221549,2008,990.87,13.6575956284153,4.80327868852459
"2396","GUA10",40.69907041,-4.14221549,2009,629.94,15.173397260274,5.64780821917808
"2397","GUA10",40.69907041,-4.14221549,2010,893.54,13.5929589041096,4.83317808219178
"2398","GUA10",40.69907041,-4.14221549,2011,814.54,15.3851780821918,6.00309589041096
"2399","GUA10",40.69907041,-4.14221549,2012,635.89,14.3155737704918,5.03450819672131
"2400","GUA10",40.69907041,-4.14221549,2013,843.42,13.5936712328767,4.74991780821918
"2401","GUA10",40.69907041,-4.14221549,2014,1021.91,14.4794520547945,5.88347945205479
"2402","GUA10",40.69907041,-4.14221549,2015,617.48,15.5440273972603,6.27827397260274
"2403","GUA10",40.69907041,-4.14221549,2016,1022.81,14.6170491803279,5.81562841530055
"2404","GUA10",40.69907041,-4.14221549,2017,624.98,16.0356164383562,6.28402739726027
"2405","GUA10",40.69907041,-4.14221549,2018,1140.86,14.1226849315068,5.56846575342466
"2406","GUA10",40.69907041,-4.14221549,2019,671.89,15.4979726027397,5.90230136986301
"2407","GUA10",40.69907041,-4.14221549,2020,908.92,15.2194808743169,6.38590163934426
"2408","GUA10",40.69907041,-4.14221549,2021,791.51,14.6284109589041,5.78980821917808
"2409","GUA10",40.69907041,-4.14221549,2022,875.06,15.9816712328767,7.20715068493151
"2410","GUA01",40.66411479,-4.1652838,1950,419.63,15.2824931506849,5.22794520547945
"2411","GUA01",40.66411479,-4.1652838,1951,872.83,13.0726301369863,4.54290410958904
"2412","GUA01",40.66411479,-4.1652838,1952,711.89,13.846393442623,4.83081967213115
"2413","GUA01",40.66411479,-4.1652838,1953,519.16,14.8407123287671,4.754
"2414","GUA01",40.66411479,-4.1652838,1954,464.55,13.9978630136986,4.97002739726027
"2415","GUA01",40.66411479,-4.1652838,1955,750.3,14.8235068493151,6.19635616438356
"2416","GUA01",40.66411479,-4.1652838,1956,621.04,12.6095355191257,3.63560109289618
"2417","GUA01",40.66411479,-4.1652838,1957,530.48,13.8188493150685,4.58397260273973
"2418","GUA01",40.66411479,-4.1652838,1958,624.09,13.600602739726,5.00123287671233
"2419","GUA01",40.66411479,-4.1652838,1959,785.81,13.2352602739726,5.33375342465753
"2420","GUA01",40.66411479,-4.1652838,1960,807.05,13.4019672131148,5.1794262295082
"2421","GUA01",40.66411479,-4.1652838,1961,588.87,15.1278630136986,6.30435616438356
"2422","GUA01",40.66411479,-4.1652838,1962,623.86,13.968904109589,5.33446575342466
"2423","GUA01",40.66411479,-4.1652838,1963,817.11,13.1344109589041,4.78846575342466
"2424","GUA01",40.66411479,-4.1652838,1964,538.52,14.3324863387978,5.71486338797814
"2425","GUA01",40.66411479,-4.1652838,1965,703.1,13.4880547945205,5.19528767123288
"2426","GUA01",40.66411479,-4.1652838,1966,838.62,13.7921095890411,5.37090410958904
"2427","GUA01",40.66411479,-4.1652838,1967,527.46,13.7381643835616,5.37279452054795
"2428","GUA01",40.66411479,-4.1652838,1968,523.84,13.7525409836066,5.64420765027322
"2429","GUA01",40.66411479,-4.1652838,1969,783.93,12.3538356164384,4.73545205479452
"2430","GUA01",40.66411479,-4.1652838,1970,509.09,13.7947123287671,5.08769863013699
"2431","GUA01",40.66411479,-4.1652838,1971,692.8,12.2881917808219,4.70515068493151
"2432","GUA01",40.66411479,-4.1652838,1972,944.13,11.5709836065574,4.37614754098361
"2433","GUA01",40.66411479,-4.1652838,1973,602.03,13.317698630137,4.82893150684932
"2434","GUA01",40.66411479,-4.1652838,1974,511.32,12.8561643835616,4.79249315068493
"2435","GUA01",40.66411479,-4.1652838,1975,634.57,12.6839452054795,4.92832876712329
"2436","GUA01",40.66411479,-4.1652838,1976,838.29,12.8407923497268,5.18418032786885
"2437","GUA01",40.66411479,-4.1652838,1977,791.89,12.6167945205479,5.35271232876712
"2438","GUA01",40.66411479,-4.1652838,1978,764.91,13.1075890410959,5.50202739726027
"2439","GUA01",40.66411479,-4.1652838,1979,737.08,13.1121643835616,5.75860273972603
"2440","GUA01",40.66411479,-4.1652838,1980,571.62,13.2838797814208,5.17306010928962
"2441","GUA01",40.66411479,-4.1652838,1981,589.16,14.2664383561644,5.6686301369863
"2442","GUA01",40.66411479,-4.1652838,1982,574.06,14.0951232876712,5.61079452054795
"2443","GUA01",40.66411479,-4.1652838,1983,470.78,14.5888767123288,5.34898630136986
"2444","GUA01",40.66411479,-4.1652838,1984,686.3,13.116912568306,4.20827868852459
"2445","GUA01",40.66411479,-4.1652838,1985,427.76,14.803397260274,5.39109589041096
"2446","GUA01",40.66411479,-4.1652838,1986,544.93,14.1866849315068,5.00750684931507
"2447","GUA01",40.66411479,-4.1652838,1987,752.82,14.7329863013699,5.97819178082192
"2448","GUA01",40.66411479,-4.1652838,1988,609.96,14.3847267759563,5.33021857923497
"2449","GUA01",40.66411479,-4.1652838,1989,845.58,15.2091506849315,6.32468493150685
"2450","GUA01",40.66411479,-4.1652838,1990,465.92,15.1144931506849,5.95646575342466
"2451","GUA01",40.66411479,-4.1652838,1991,477.47,14.223397260274,5.10515068493151
"2452","GUA01",40.66411479,-4.1652838,1992,524.54,14.4833333333333,5.2244262295082
"2453","GUA01",40.66411479,-4.1652838,1993,588.22,13.4756712328767,4.42460273972603
"2454","GUA01",40.66411479,-4.1652838,1994,456.71,15.2254520547945,5.55660273972603
"2455","GUA01",40.66411479,-4.1652838,1995,546.93,15.5665205479452,6.13016438356164
"2456","GUA01",40.66411479,-4.1652838,1996,950.82,13.9130327868852,5.38658469945355
"2457","GUA01",40.66411479,-4.1652838,1997,916.87,15.3950684931507,6.64484931506849
"2458","GUA01",40.66411479,-4.1652838,1998,606.13,14.9988493150685,6.19183561643836
"2459","GUA01",40.66411479,-4.1652838,1999,532.11,14.6732054794521,5.65975342465753
"2460","GUA01",40.66411479,-4.1652838,2000,725.4,14.9310655737705,5.9183606557377
"2461","GUA01",40.66411479,-4.1652838,2001,593.57,14.8631232876712,6.0372602739726
"2462","GUA01",40.66411479,-4.1652838,2002,773.58,14.8125753424658,6.1318904109589
"2463","GUA01",40.66411479,-4.1652838,2003,760.22,15.3921917808219,6.47158904109589
"2464","GUA01",40.66411479,-4.1652838,2004,629.84,14.7977868852459,5.79448087431694
"2465","GUA01",40.66411479,-4.1652838,2005,532.3,15.2300821917808,5.6921095890411
"2466","GUA01",40.66411479,-4.1652838,2006,755.39,15.7538356164384,6.78254794520548
"2467","GUA01",40.66411479,-4.1652838,2007,599.32,14.8692328767123,5.38068493150685
"2468","GUA01",40.66411479,-4.1652838,2008,787.64,14.4909016393443,5.59909836065574
"2469","GUA01",40.66411479,-4.1652838,2009,477.1,16.0021917808219,6.44076712328767
"2470","GUA01",40.66411479,-4.1652838,2010,708.86,14.4381643835616,5.64175342465753
"2471","GUA01",40.66411479,-4.1652838,2011,626.69,16.2061369863014,6.79041095890411
"2472","GUA01",40.66411479,-4.1652838,2012,506.55,15.1403005464481,5.82959016393443
"2473","GUA01",40.66411479,-4.1652838,2013,639.74,14.4258630136986,5.5146301369863
"2474","GUA01",40.66411479,-4.1652838,2014,775.66,15.3265479452055,6.67635616438356
"2475","GUA01",40.66411479,-4.1652838,2015,474.44,16.369095890411,7.06049315068493
"2476","GUA01",40.66411479,-4.1652838,2016,791.39,15.4615027322404,6.60081967213115
"2477","GUA01",40.66411479,-4.1652838,2017,483.55,16.8790410958904,7.06380821917808
"2478","GUA01",40.66411479,-4.1652838,2018,876.08,14.9594794520548,6.34860273972603
"2479","GUA01",40.66411479,-4.1652838,2019,511.15,16.3288493150685,6.67315068493151
"2480","GUA01",40.66411479,-4.1652838,2020,705.04,16.0476775956284,7.1592349726776
"2481","GUA01",40.66411479,-4.1652838,2021,621.26,15.4726849315068,6.58882191780822
"2482","GUA01",40.66411479,-4.1652838,2022,675.99,16.8064109589041,7.99153424657534
"2483","GUA06",40.66751447,-4.16154465,1950,404.96,15.376,5.35942465753425
"2484","GUA06",40.66751447,-4.16154465,1951,837.36,13.1648767123288,4.67227397260274
"2485","GUA06",40.66751447,-4.16154465,1952,687.01,13.9362295081967,4.95852459016393
"2486","GUA06",40.66751447,-4.16154465,1953,500.88,14.932,4.90076712328767
"2487","GUA06",40.66751447,-4.16154465,1954,451.96,14.0890410958904,5.09893150684931
"2488","GUA06",40.66751447,-4.16154465,1955,716.2,14.9201643835616,6.32284931506849
"2489","GUA06",40.66751447,-4.16154465,1956,595.83,12.7055191256831,3.76169398907104
"2490","GUA06",40.66751447,-4.16154465,1957,511.72,13.9213150684932,4.71260273972603
"2491","GUA06",40.66751447,-4.16154465,1958,595.69,13.6918904109589,5.12506849315069
"2492","GUA06",40.66751447,-4.16154465,1959,760.96,13.3292602739726,5.46271232876712
"2493","GUA06",40.66751447,-4.16154465,1960,772.66,13.4968852459016,5.29825136612022
"2494","GUA06",40.66751447,-4.16154465,1961,568.86,15.2222739726027,6.43408219178082
"2495","GUA06",40.66751447,-4.16154465,1962,598.79,14.0653424657534,5.45838356164384
"2496","GUA06",40.66751447,-4.16154465,1963,784.08,13.2295890410959,4.90841095890411
"2497","GUA06",40.66751447,-4.16154465,1964,517.21,14.4278961748634,5.83612021857923
"2498","GUA06",40.66751447,-4.16154465,1965,674.79,13.5828767123288,5.31843835616438
"2499","GUA06",40.66751447,-4.16154465,1966,806.09,13.8860273972603,5.49980821917808
"2500","GUA06",40.66751447,-4.16154465,1967,508.02,13.8333150684932,5.50761643835616
"2501","GUA06",40.66751447,-4.16154465,1968,502.87,13.8465573770492,5.77265027322404
"2502","GUA06",40.66751447,-4.16154465,1969,754.57,12.4475616438356,4.86495890410959
"2503","GUA06",40.66751447,-4.16154465,1970,489.85,13.8900547945205,5.21608219178082
"2504","GUA06",40.66751447,-4.16154465,1971,672.43,12.3839178082192,4.83364383561644
"2505","GUA06",40.66751447,-4.16154465,1972,907.52,11.6598907103825,4.50040983606557
"2506","GUA06",40.66751447,-4.16154465,1973,578.13,13.4078082191781,4.96161643835616
"2507","GUA06",40.66751447,-4.16154465,1974,491.35,12.9471506849315,4.92454794520548
"2508","GUA06",40.66751447,-4.16154465,1975,610.82,12.7740547945205,5.05805479452055
"2509","GUA06",40.66751447,-4.16154465,1976,812.52,12.9377322404372,5.31669398907104
"2510","GUA06",40.66751447,-4.16154465,1977,763.78,12.7113424657534,5.48438356164384
"2511","GUA06",40.66751447,-4.16154465,1978,734.84,13.1969315068493,5.62698630136986
"2512","GUA06",40.66751447,-4.16154465,1979,707.91,13.205698630137,5.88413698630137
"2513","GUA06",40.66751447,-4.16154465,1980,553.09,13.3783333333333,5.30390710382514
"2514","GUA06",40.66751447,-4.16154465,1981,568.43,14.3620273972603,5.79769863013699
"2515","GUA06",40.66751447,-4.16154465,1982,553.86,14.1883561643836,5.73654794520548
"2516","GUA06",40.66751447,-4.16154465,1983,456.83,14.6854520547945,5.4866301369863
"2517","GUA06",40.66751447,-4.16154465,1984,662.04,13.2089617486339,4.3424043715847
"2518","GUA06",40.66751447,-4.16154465,1985,409.5,14.8927397260274,5.51783561643836
"2519","GUA06",40.66751447,-4.16154465,1986,523.74,14.2786849315068,5.13405479452055
"2520","GUA06",40.66751447,-4.16154465,1987,723.59,14.8237260273973,6.0986301369863
"2521","GUA06",40.66751447,-4.16154465,1988,589.64,14.4806010928962,5.46013661202186
"2522","GUA06",40.66751447,-4.16154465,1989,808.87,15.3071780821918,6.44668493150685
"2523","GUA06",40.66751447,-4.16154465,1990,448.36,15.2111506849315,6.07690410958904
"2524","GUA06",40.66751447,-4.16154465,1991,457.35,14.3163835616438,5.2267397260274
"2525","GUA06",40.66751447,-4.16154465,1992,507.56,14.5743989071038,5.34729508196721
"2526","GUA06",40.66751447,-4.16154465,1993,566.56,13.5691232876712,4.54827397260274
"2527","GUA06",40.66751447,-4.16154465,1994,441.51,15.3177534246575,5.68287671232877
"2528","GUA06",40.66751447,-4.16154465,1995,524.44,15.6588767123288,6.2447397260274
"2529","GUA06",40.66751447,-4.16154465,1996,907.92,14.006174863388,5.50084699453552
"2530","GUA06",40.66751447,-4.16154465,1997,882.05,15.4926575342466,6.76432876712329
"2531","GUA06",40.66751447,-4.16154465,1998,585.7,15.0966301369863,6.31032876712329
"2532","GUA06",40.66751447,-4.16154465,1999,513.63,14.7665205479452,5.77558904109589
"2533","GUA06",40.66751447,-4.16154465,2000,697.64,15.0274316939891,6.03773224043716
"2534","GUA06",40.66751447,-4.16154465,2001,567.92,14.9598356164384,6.1527397260274
"2535","GUA06",40.66751447,-4.16154465,2002,745.25,14.9085479452055,6.24756164383562
"2536","GUA06",40.66751447,-4.16154465,2003,730.69,15.4867945205479,6.58778082191781
"2537","GUA06",40.66751447,-4.16154465,2004,606.57,14.8939071038251,5.91193989071038
"2538","GUA06",40.66751447,-4.16154465,2005,511.84,15.3252328767123,5.80824657534247
"2539","GUA06",40.66751447,-4.16154465,2006,725.25,15.8537808219178,6.89791780821918
"2540","GUA06",40.66751447,-4.16154465,2007,577.35,14.9698630136986,5.49821917808219
"2541","GUA06",40.66751447,-4.16154465,2008,760.24,14.5875683060109,5.71306010928962
"2542","GUA06",40.66751447,-4.16154465,2009,457.56,16.1007123287671,6.55578082191781
"2543","GUA06",40.66751447,-4.16154465,2010,677.88,14.5347123287671,5.75487671232877
"2544","GUA06",40.66751447,-4.16154465,2011,604.46,16.3067397260274,6.90550684931507
"2545","GUA06",40.66751447,-4.16154465,2012,490.19,15.2375136612022,5.94125683060109
"2546","GUA06",40.66751447,-4.16154465,2013,615.68,14.521397260274,5.63709589041096
"2547","GUA06",40.66751447,-4.16154465,2014,746.12,15.4201369863014,6.79087671232877
"2548","GUA06",40.66751447,-4.16154465,2015,456.94,16.4680547945205,7.17594520547945
"2549","GUA06",40.66751447,-4.16154465,2016,759.77,15.5550819672131,6.71693989071038
"2550","GUA06",40.66751447,-4.16154465,2017,470.73,16.9733424657534,7.17964383561644
"2551","GUA06",40.66751447,-4.16154465,2018,842.92,15.0552054794521,6.46687671232877
"2552","GUA06",40.66751447,-4.16154465,2019,493.45,16.4255616438356,6.79186301369863
"2553","GUA06",40.66751447,-4.16154465,2020,681.8,16.1477595628415,7.2792349726776
"2554","GUA06",40.66751447,-4.16154465,2021,598.89,15.5659452054795,6.70216438356164
"2555","GUA06",40.66751447,-4.16154465,2022,648.62,16.9047123287671,8.10887671232877
"2556","GUA05",40.66717473,-4.16215117,1950,404.96,15.376,5.35942465753425
"2557","GUA05",40.66717473,-4.16215117,1951,837.36,13.1648767123288,4.67227397260274
"2558","GUA05",40.66717473,-4.16215117,1952,687.01,13.9362295081967,4.95852459016393
"2559","GUA05",40.66717473,-4.16215117,1953,500.88,14.932,4.90076712328767
"2560","GUA05",40.66717473,-4.16215117,1954,451.96,14.0890410958904,5.09893150684931
"2561","GUA05",40.66717473,-4.16215117,1955,716.2,14.9201643835616,6.32284931506849
"2562","GUA05",40.66717473,-4.16215117,1956,595.83,12.7055191256831,3.76169398907104
"2563","GUA05",40.66717473,-4.16215117,1957,511.72,13.9213150684932,4.71260273972603
"2564","GUA05",40.66717473,-4.16215117,1958,595.69,13.6918904109589,5.12506849315069
"2565","GUA05",40.66717473,-4.16215117,1959,760.96,13.3292602739726,5.46271232876712
"2566","GUA05",40.66717473,-4.16215117,1960,772.66,13.4968852459016,5.29825136612022
"2567","GUA05",40.66717473,-4.16215117,1961,568.86,15.2222739726027,6.43408219178082
"2568","GUA05",40.66717473,-4.16215117,1962,598.79,14.0653424657534,5.45838356164384
"2569","GUA05",40.66717473,-4.16215117,1963,784.08,13.2295890410959,4.90841095890411
"2570","GUA05",40.66717473,-4.16215117,1964,517.21,14.4278961748634,5.83612021857923
"2571","GUA05",40.66717473,-4.16215117,1965,674.79,13.5828767123288,5.31843835616438
"2572","GUA05",40.66717473,-4.16215117,1966,806.09,13.8860273972603,5.49980821917808
"2573","GUA05",40.66717473,-4.16215117,1967,508.02,13.8333150684932,5.50761643835616
"2574","GUA05",40.66717473,-4.16215117,1968,502.87,13.8465573770492,5.77265027322404
"2575","GUA05",40.66717473,-4.16215117,1969,754.57,12.4475616438356,4.86495890410959
"2576","GUA05",40.66717473,-4.16215117,1970,489.85,13.8900547945205,5.21608219178082
"2577","GUA05",40.66717473,-4.16215117,1971,672.43,12.3839178082192,4.83364383561644
"2578","GUA05",40.66717473,-4.16215117,1972,907.52,11.6598907103825,4.50040983606557
"2579","GUA05",40.66717473,-4.16215117,1973,578.13,13.4078082191781,4.96161643835616
"2580","GUA05",40.66717473,-4.16215117,1974,491.35,12.9471506849315,4.92454794520548
"2581","GUA05",40.66717473,-4.16215117,1975,610.82,12.7740547945205,5.05805479452055
"2582","GUA05",40.66717473,-4.16215117,1976,812.52,12.9377322404372,5.31669398907104
"2583","GUA05",40.66717473,-4.16215117,1977,763.78,12.7113424657534,5.48438356164384
"2584","GUA05",40.66717473,-4.16215117,1978,734.84,13.1969315068493,5.62698630136986
"2585","GUA05",40.66717473,-4.16215117,1979,707.91,13.205698630137,5.88413698630137
"2586","GUA05",40.66717473,-4.16215117,1980,553.09,13.3783333333333,5.30390710382514
"2587","GUA05",40.66717473,-4.16215117,1981,568.43,14.3620273972603,5.79769863013699
"2588","GUA05",40.66717473,-4.16215117,1982,553.86,14.1883561643836,5.73654794520548
"2589","GUA05",40.66717473,-4.16215117,1983,456.83,14.6854520547945,5.4866301369863
"2590","GUA05",40.66717473,-4.16215117,1984,662.04,13.2089617486339,4.3424043715847
"2591","GUA05",40.66717473,-4.16215117,1985,409.5,14.8927397260274,5.51783561643836
"2592","GUA05",40.66717473,-4.16215117,1986,523.74,14.2786849315068,5.13405479452055
"2593","GUA05",40.66717473,-4.16215117,1987,723.59,14.8237260273973,6.0986301369863
"2594","GUA05",40.66717473,-4.16215117,1988,589.64,14.4806010928962,5.46013661202186
"2595","GUA05",40.66717473,-4.16215117,1989,808.87,15.3071780821918,6.44668493150685
"2596","GUA05",40.66717473,-4.16215117,1990,448.36,15.2111506849315,6.07690410958904
"2597","GUA05",40.66717473,-4.16215117,1991,457.35,14.3163835616438,5.2267397260274
"2598","GUA05",40.66717473,-4.16215117,1992,507.56,14.5743989071038,5.34729508196721
"2599","GUA05",40.66717473,-4.16215117,1993,566.56,13.5691232876712,4.54827397260274
"2600","GUA05",40.66717473,-4.16215117,1994,441.51,15.3177534246575,5.68287671232877
"2601","GUA05",40.66717473,-4.16215117,1995,524.44,15.6588767123288,6.2447397260274
"2602","GUA05",40.66717473,-4.16215117,1996,907.92,14.006174863388,5.50084699453552
"2603","GUA05",40.66717473,-4.16215117,1997,882.05,15.4926575342466,6.76432876712329
"2604","GUA05",40.66717473,-4.16215117,1998,585.7,15.0966301369863,6.31032876712329
"2605","GUA05",40.66717473,-4.16215117,1999,513.63,14.7665205479452,5.77558904109589
"2606","GUA05",40.66717473,-4.16215117,2000,697.64,15.0274316939891,6.03773224043716
"2607","GUA05",40.66717473,-4.16215117,2001,567.92,14.9598356164384,6.1527397260274
"2608","GUA05",40.66717473,-4.16215117,2002,745.25,14.9085479452055,6.24756164383562
"2609","GUA05",40.66717473,-4.16215117,2003,730.69,15.4867945205479,6.58778082191781
"2610","GUA05",40.66717473,-4.16215117,2004,606.57,14.8939071038251,5.91193989071038
"2611","GUA05",40.66717473,-4.16215117,2005,511.84,15.3252328767123,5.80824657534247
"2612","GUA05",40.66717473,-4.16215117,2006,725.25,15.8537808219178,6.89791780821918
"2613","GUA05",40.66717473,-4.16215117,2007,577.35,14.9698630136986,5.49821917808219
"2614","GUA05",40.66717473,-4.16215117,2008,760.24,14.5875683060109,5.71306010928962
"2615","GUA05",40.66717473,-4.16215117,2009,457.56,16.1007123287671,6.55578082191781
"2616","GUA05",40.66717473,-4.16215117,2010,677.88,14.5347123287671,5.75487671232877
"2617","GUA05",40.66717473,-4.16215117,2011,604.46,16.3067397260274,6.90550684931507
"2618","GUA05",40.66717473,-4.16215117,2012,490.19,15.2375136612022,5.94125683060109
"2619","GUA05",40.66717473,-4.16215117,2013,615.68,14.521397260274,5.63709589041096
"2620","GUA05",40.66717473,-4.16215117,2014,746.12,15.4201369863014,6.79087671232877
"2621","GUA05",40.66717473,-4.16215117,2015,456.94,16.4680547945205,7.17594520547945
"2622","GUA05",40.66717473,-4.16215117,2016,759.77,15.5550819672131,6.71693989071038
"2623","GUA05",40.66717473,-4.16215117,2017,470.73,16.9733424657534,7.17964383561644
"2624","GUA05",40.66717473,-4.16215117,2018,842.92,15.0552054794521,6.46687671232877
"2625","GUA05",40.66717473,-4.16215117,2019,493.45,16.4255616438356,6.79186301369863
"2626","GUA05",40.66717473,-4.16215117,2020,681.8,16.1477595628415,7.2792349726776
"2627","GUA05",40.66717473,-4.16215117,2021,598.89,15.5659452054795,6.70216438356164
"2628","GUA05",40.66717473,-4.16215117,2022,648.62,16.9047123287671,8.10887671232877
"2629","GUA04",40.66729349,-4.16343858,1950,404.96,15.376,5.35942465753425
"2630","GUA04",40.66729349,-4.16343858,1951,837.36,13.1648767123288,4.67227397260274
"2631","GUA04",40.66729349,-4.16343858,1952,687.01,13.9362295081967,4.95852459016393
"2632","GUA04",40.66729349,-4.16343858,1953,500.88,14.932,4.90076712328767
"2633","GUA04",40.66729349,-4.16343858,1954,451.96,14.0890410958904,5.09893150684931
"2634","GUA04",40.66729349,-4.16343858,1955,716.2,14.9201643835616,6.32284931506849
"2635","GUA04",40.66729349,-4.16343858,1956,595.83,12.7055191256831,3.76169398907104
"2636","GUA04",40.66729349,-4.16343858,1957,511.72,13.9213150684932,4.71260273972603
"2637","GUA04",40.66729349,-4.16343858,1958,595.69,13.6918904109589,5.12506849315069
"2638","GUA04",40.66729349,-4.16343858,1959,760.96,13.3292602739726,5.46271232876712
"2639","GUA04",40.66729349,-4.16343858,1960,772.66,13.4968852459016,5.29825136612022
"2640","GUA04",40.66729349,-4.16343858,1961,568.86,15.2222739726027,6.43408219178082
"2641","GUA04",40.66729349,-4.16343858,1962,598.79,14.0653424657534,5.45838356164384
"2642","GUA04",40.66729349,-4.16343858,1963,784.08,13.2295890410959,4.90841095890411
"2643","GUA04",40.66729349,-4.16343858,1964,517.21,14.4278961748634,5.83612021857923
"2644","GUA04",40.66729349,-4.16343858,1965,674.79,13.5828767123288,5.31843835616438
"2645","GUA04",40.66729349,-4.16343858,1966,806.09,13.8860273972603,5.49980821917808
"2646","GUA04",40.66729349,-4.16343858,1967,508.02,13.8333150684932,5.50761643835616
"2647","GUA04",40.66729349,-4.16343858,1968,502.87,13.8465573770492,5.77265027322404
"2648","GUA04",40.66729349,-4.16343858,1969,754.57,12.4475616438356,4.86495890410959
"2649","GUA04",40.66729349,-4.16343858,1970,489.85,13.8900547945205,5.21608219178082
"2650","GUA04",40.66729349,-4.16343858,1971,672.43,12.3839178082192,4.83364383561644
"2651","GUA04",40.66729349,-4.16343858,1972,907.52,11.6598907103825,4.50040983606557
"2652","GUA04",40.66729349,-4.16343858,1973,578.13,13.4078082191781,4.96161643835616
"2653","GUA04",40.66729349,-4.16343858,1974,491.35,12.9471506849315,4.92454794520548
"2654","GUA04",40.66729349,-4.16343858,1975,610.82,12.7740547945205,5.05805479452055
"2655","GUA04",40.66729349,-4.16343858,1976,812.52,12.9377322404372,5.31669398907104
"2656","GUA04",40.66729349,-4.16343858,1977,763.78,12.7113424657534,5.48438356164384
"2657","GUA04",40.66729349,-4.16343858,1978,734.84,13.1969315068493,5.62698630136986
"2658","GUA04",40.66729349,-4.16343858,1979,707.91,13.205698630137,5.88413698630137
"2659","GUA04",40.66729349,-4.16343858,1980,553.09,13.3783333333333,5.30390710382514
"2660","GUA04",40.66729349,-4.16343858,1981,568.43,14.3620273972603,5.79769863013699
"2661","GUA04",40.66729349,-4.16343858,1982,553.86,14.1883561643836,5.73654794520548
"2662","GUA04",40.66729349,-4.16343858,1983,456.83,14.6854520547945,5.4866301369863
"2663","GUA04",40.66729349,-4.16343858,1984,662.04,13.2089617486339,4.3424043715847
"2664","GUA04",40.66729349,-4.16343858,1985,409.5,14.8927397260274,5.51783561643836
"2665","GUA04",40.66729349,-4.16343858,1986,523.74,14.2786849315068,5.13405479452055
"2666","GUA04",40.66729349,-4.16343858,1987,723.59,14.8237260273973,6.0986301369863
"2667","GUA04",40.66729349,-4.16343858,1988,589.64,14.4806010928962,5.46013661202186
"2668","GUA04",40.66729349,-4.16343858,1989,808.87,15.3071780821918,6.44668493150685
"2669","GUA04",40.66729349,-4.16343858,1990,448.36,15.2111506849315,6.07690410958904
"2670","GUA04",40.66729349,-4.16343858,1991,457.35,14.3163835616438,5.2267397260274
"2671","GUA04",40.66729349,-4.16343858,1992,507.56,14.5743989071038,5.34729508196721
"2672","GUA04",40.66729349,-4.16343858,1993,566.56,13.5691232876712,4.54827397260274
"2673","GUA04",40.66729349,-4.16343858,1994,441.51,15.3177534246575,5.68287671232877
"2674","GUA04",40.66729349,-4.16343858,1995,524.44,15.6588767123288,6.2447397260274
"2675","GUA04",40.66729349,-4.16343858,1996,907.92,14.006174863388,5.50084699453552
"2676","GUA04",40.66729349,-4.16343858,1997,882.05,15.4926575342466,6.76432876712329
"2677","GUA04",40.66729349,-4.16343858,1998,585.7,15.0966301369863,6.31032876712329
"2678","GUA04",40.66729349,-4.16343858,1999,513.63,14.7665205479452,5.77558904109589
"2679","GUA04",40.66729349,-4.16343858,2000,697.64,15.0274316939891,6.03773224043716
"2680","GUA04",40.66729349,-4.16343858,2001,567.92,14.9598356164384,6.1527397260274
"2681","GUA04",40.66729349,-4.16343858,2002,745.25,14.9085479452055,6.24756164383562
"2682","GUA04",40.66729349,-4.16343858,2003,730.69,15.4867945205479,6.58778082191781
"2683","GUA04",40.66729349,-4.16343858,2004,606.57,14.8939071038251,5.91193989071038
"2684","GUA04",40.66729349,-4.16343858,2005,511.84,15.3252328767123,5.80824657534247
"2685","GUA04",40.66729349,-4.16343858,2006,725.25,15.8537808219178,6.89791780821918
"2686","GUA04",40.66729349,-4.16343858,2007,577.35,14.9698630136986,5.49821917808219
"2687","GUA04",40.66729349,-4.16343858,2008,760.24,14.5875683060109,5.71306010928962
"2688","GUA04",40.66729349,-4.16343858,2009,457.56,16.1007123287671,6.55578082191781
"2689","GUA04",40.66729349,-4.16343858,2010,677.88,14.5347123287671,5.75487671232877
"2690","GUA04",40.66729349,-4.16343858,2011,604.46,16.3067397260274,6.90550684931507
"2691","GUA04",40.66729349,-4.16343858,2012,490.19,15.2375136612022,5.94125683060109
"2692","GUA04",40.66729349,-4.16343858,2013,615.68,14.521397260274,5.63709589041096
"2693","GUA04",40.66729349,-4.16343858,2014,746.12,15.4201369863014,6.79087671232877
"2694","GUA04",40.66729349,-4.16343858,2015,456.94,16.4680547945205,7.17594520547945
"2695","GUA04",40.66729349,-4.16343858,2016,759.77,15.5550819672131,6.71693989071038
"2696","GUA04",40.66729349,-4.16343858,2017,470.73,16.9733424657534,7.17964383561644
"2697","GUA04",40.66729349,-4.16343858,2018,842.92,15.0552054794521,6.46687671232877
"2698","GUA04",40.66729349,-4.16343858,2019,493.45,16.4255616438356,6.79186301369863
"2699","GUA04",40.66729349,-4.16343858,2020,681.8,16.1477595628415,7.2792349726776
"2700","GUA04",40.66729349,-4.16343858,2021,598.89,15.5659452054795,6.70216438356164
"2701","GUA04",40.66729349,-4.16343858,2022,648.62,16.9047123287671,8.10887671232877
"2702","GUA07",40.66806985,-4.15350015,1950,353.95,16.0220273972603,5.78328767123288
"2703","GUA07",40.66806985,-4.15350015,1951,731.7,13.8103835616438,5.09142465753425
"2704","GUA07",40.66806985,-4.15350015,1952,606.14,14.5816393442623,5.38120218579235
"2705","GUA07",40.66806985,-4.15350015,1953,443.34,15.5727671232877,5.31161643835616
"2706","GUA07",40.66806985,-4.15350015,1954,395.04,14.7282739726027,5.51457534246575
"2707","GUA07",40.66806985,-4.15350015,1955,623.74,15.5606301369863,6.74065753424658
"2708","GUA07",40.66806985,-4.15350015,1956,523.83,13.3519672131148,4.17887978142076
"2709","GUA07",40.66806985,-4.15350015,1957,456.11,14.5662739726027,5.12402739726027
"2710","GUA07",40.66806985,-4.15350015,1958,523.79,14.3448219178082,5.54501369863014
"2711","GUA07",40.66806985,-4.15350015,1959,675.57,13.9778082191781,5.87975342465753
"2712","GUA07",40.66806985,-4.15350015,1960,678.23,14.1453825136612,5.72306010928962
"2713","GUA07",40.66806985,-4.15350015,1961,500.24,15.8716164383562,6.85358904109589
"2714","GUA07",40.66806985,-4.15350015,1962,524.38,14.7122465753425,5.88016438356164
"2715","GUA07",40.66806985,-4.15350015,1963,683.02,13.8808493150685,5.33682191780822
"2716","GUA07",40.66806985,-4.15350015,1964,455.96,15.0767486338798,6.26147540983607
"2717","GUA07",40.66806985,-4.15350015,1965,586.78,14.2326301369863,5.7432602739726
"2718","GUA07",40.66806985,-4.15350015,1966,703.77,14.536,5.91841095890411
"2719","GUA07",40.66806985,-4.15350015,1967,442.87,14.4803561643836,5.92558904109589
"2720","GUA07",40.66806985,-4.15350015,1968,436.59,14.4997267759563,6.19822404371585
"2721","GUA07",40.66806985,-4.15350015,1969,665.79,13.1039452054795,5.28304109589041
"2722","GUA07",40.66806985,-4.15350015,1970,426.42,14.5454520547945,5.63572602739726
"2723","GUA07",40.66806985,-4.15350015,1971,592.24,13.0427123287671,5.25769863013699
"2724","GUA07",40.66806985,-4.15350015,1972,790.84,12.3209016393443,4.92554644808743
"2725","GUA07",40.66806985,-4.15350015,1973,508.91,14.0646575342466,5.37852054794521
"2726","GUA07",40.66806985,-4.15350015,1974,429.37,13.5998356164384,5.34419178082192
"2727","GUA07",40.66806985,-4.15350015,1975,534.26,13.4314520547945,5.48197260273973
"2728","GUA07",40.66806985,-4.15350015,1976,721.51,13.5908743169399,5.73620218579235
"2729","GUA07",40.66806985,-4.15350015,1977,674.75,13.3667397260274,5.90712328767123
"2730","GUA07",40.66806985,-4.15350015,1978,638.33,13.8536164383562,6.05572602739726
"2731","GUA07",40.66806985,-4.15350015,1979,614.85,13.8603835616438,6.30909589041096
"2732","GUA07",40.66806985,-4.15350015,1980,487.77,14.0304098360656,5.7222131147541
"2733","GUA07",40.66806985,-4.15350015,1981,501.49,15.0132054794521,6.21690410958904
"2734","GUA07",40.66806985,-4.15350015,1982,492.51,14.8342465753425,6.15915068493151
"2735","GUA07",40.66806985,-4.15350015,1983,399.46,15.3364383561644,5.9146301369863
"2736","GUA07",40.66806985,-4.15350015,1984,574.24,13.8546174863388,4.77603825136612
"2737","GUA07",40.66806985,-4.15350015,1985,352.69,15.5392054794521,5.96435616438356
"2738","GUA07",40.66806985,-4.15350015,1986,459.17,14.9262739726027,5.57553424657534
"2739","GUA07",40.66806985,-4.15350015,1987,634.12,15.4741095890411,6.54830136986301
"2740","GUA07",40.66806985,-4.15350015,1988,522.43,15.1283606557377,5.89937158469945
"2741","GUA07",40.66806985,-4.15350015,1989,703.14,15.9559452054795,6.88821917808219
"2742","GUA07",40.66806985,-4.15350015,1990,394.78,15.8577260273973,6.52038356164384
"2743","GUA07",40.66806985,-4.15350015,1991,399.62,14.9621369863014,5.66687671232877
"2744","GUA07",40.66806985,-4.15350015,1992,453.93,15.2234426229508,5.79092896174863
"2745","GUA07",40.66806985,-4.15350015,1993,502.46,14.2139452054795,4.98980821917808
"2746","GUA07",40.66806985,-4.15350015,1994,384.91,15.9601095890411,6.12764383561644
"2747","GUA07",40.66806985,-4.15350015,1995,460.41,16.3036164383562,6.69202739726027
"2748","GUA07",40.66806985,-4.15350015,1996,785.38,14.6528415300546,5.94489071038251
"2749","GUA07",40.66806985,-4.15350015,1997,770.24,16.1327123287671,7.20506849315068
"2750","GUA07",40.66806985,-4.15350015,1998,515.75,15.7379178082192,6.74939726027397
"2751","GUA07",40.66806985,-4.15350015,1999,453.7,15.4104383561644,6.21306849315068
"2752","GUA07",40.66806985,-4.15350015,2000,607.25,15.6705737704918,6.47163934426229
"2753","GUA07",40.66806985,-4.15350015,2001,496.42,15.5978904109589,6.58605479452055
"2754","GUA07",40.66806985,-4.15350015,2002,655.46,15.5481095890411,6.682
"2755","GUA07",40.66806985,-4.15350015,2003,635.74,16.126,7.02227397260274
"2756","GUA07",40.66806985,-4.15350015,2004,534.99,15.5303278688525,6.34273224043716
"2757","GUA07",40.66806985,-4.15350015,2005,448.36,15.9639452054795,6.23906849315069
"2758","GUA07",40.66806985,-4.15350015,2006,633.32,16.4906301369863,7.32906849315069
"2759","GUA07",40.66806985,-4.15350015,2007,507.75,15.6055342465753,5.92972602739726
"2760","GUA07",40.66806985,-4.15350015,2008,670.08,15.2294535519126,6.1453825136612
"2761","GUA07",40.66806985,-4.15350015,2009,395.73,16.7413150684932,6.98506849315068
"2762","GUA07",40.66806985,-4.15350015,2010,595.42,15.1728493150685,6.18432876712329
"2763","GUA07",40.66806985,-4.15350015,2011,524.46,16.947698630137,7.33917808219178
"2764","GUA07",40.66806985,-4.15350015,2012,429.13,15.880218579235,6.37644808743169
"2765","GUA07",40.66806985,-4.15350015,2013,532.14,15.1655068493151,6.06375342465753
"2766","GUA07",40.66806985,-4.15350015,2014,648.17,16.0630136986301,7.22520547945205
"2767","GUA07",40.66806985,-4.15350015,2015,398.78,17.1083287671233,7.60915068493151
"2768","GUA07",40.66806985,-4.15350015,2016,657.44,16.1972677595628,7.14786885245902
"2769","GUA07",40.66806985,-4.15350015,2017,416.71,17.6138904109589,7.61446575342466
"2770","GUA07",40.66806985,-4.15350015,2018,731.28,15.6970136986301,6.89586301369863
"2771","GUA07",40.66806985,-4.15350015,2019,427.88,17.0660273972603,7.22578082191781
"2772","GUA07",40.66806985,-4.15350015,2020,597.88,16.7841530054645,7.7075956284153
"2773","GUA07",40.66806985,-4.15350015,2021,526.96,16.2096712328767,7.13331506849315
"2774","GUA07",40.66806985,-4.15350015,2022,561.62,17.5477534246575,8.5398904109589
"2775","GUA09",40.6648752,-4.14595789,1950,331.52,16.5543287671233,6.06830136986301
"2776","GUA09",40.6648752,-4.14595789,1951,689.6,14.3437260273973,5.37778082191781
"2777","GUA09",40.6648752,-4.14595789,1952,569.64,15.1151639344262,5.67092896174863
"2778","GUA09",40.6648752,-4.14595789,1953,415.47,16.0967945205479,5.55416438356164
"2779","GUA09",40.6648752,-4.14595789,1954,364.91,15.2501095890411,5.78312328767123
"2780","GUA09",40.6648752,-4.14595789,1955,590.46,16.0786301369863,7.02178082191781
"2781","GUA09",40.6648752,-4.14595789,1956,500.01,13.8791530054645,4.45983606557377
"2782","GUA09",40.6648752,-4.14595789,1957,435.23,15.0824383561644,5.39252054794521
"2783","GUA09",40.6648752,-4.14595789,1958,494.23,14.8922465753425,5.83334246575342
"2784","GUA09",40.6648752,-4.14595789,1959,639.56,14.5144657534247,6.15928767123288
"2785","GUA09",40.6648752,-4.14595789,1960,641.39,14.6776775956284,6.02800546448087
"2786","GUA09",40.6648752,-4.14595789,1961,469.57,16.4055890410959,7.12980821917808
"2787","GUA09",40.6648752,-4.14595789,1962,497.13,15.2423835616438,6.16753424657534
"2788","GUA09",40.6648752,-4.14595789,1963,641.53,14.4203835616438,5.64668493150685
"2789","GUA09",40.6648752,-4.14595789,1964,427.88,15.6087704918033,6.5581693989071
"2790","GUA09",40.6648752,-4.14595789,1965,548.09,14.7707945205479,6.03906849315069
"2791","GUA09",40.6648752,-4.14595789,1966,660.56,15.073095890411,6.19509589041096
"2792","GUA09",40.6648752,-4.14595789,1967,416.46,15.0117534246575,6.1907397260274
"2793","GUA09",40.6648752,-4.14595789,1968,408.74,15.0447540983607,6.4844262295082
"2794","GUA09",40.6648752,-4.14595789,1969,631.53,13.6540821917808,5.56178082191781
"2795","GUA09",40.6648752,-4.14595789,1970,397.7,15.0912328767123,5.91432876712329
"2796","GUA09",40.6648752,-4.14595789,1971,554.44,13.5940821917808,5.54583561643836
"2797","GUA09",40.6648752,-4.14595789,1972,738.1,12.8864480874317,5.2246174863388
"2798","GUA09",40.6648752,-4.14595789,1973,479.5,14.6183835616438,5.6432602739726
"2799","GUA09",40.6648752,-4.14595789,1974,401.43,14.1484383561644,5.61742465753425
"2800","GUA09",40.6648752,-4.14595789,1975,503.78,13.9892602739726,5.76657534246575
"2801","GUA09",40.6648752,-4.14595789,1976,680.35,14.1329781420765,6.00896174863388
"2802","GUA09",40.6648752,-4.14595789,1977,635.06,13.9143561643836,6.18778082191781
"2803","GUA09",40.6648752,-4.14595789,1978,595.5,14.4093150684932,6.34695890410959
"2804","GUA09",40.6648752,-4.14595789,1979,573.03,14.4099726027397,6.59630136986301
"2805","GUA09",40.6648752,-4.14595789,1980,460.75,14.5715300546448,5.99229508196721
"2806","GUA09",40.6648752,-4.14595789,1981,475.43,15.5524109589041,6.48895890410959
"2807","GUA09",40.6648752,-4.14595789,1982,467.31,15.3689315068493,6.44747945205479
"2808","GUA09",40.6648752,-4.14595789,1983,375.04,15.8703835616438,6.19043835616438
"2809","GUA09",40.6648752,-4.14595789,1984,534.8,14.3887704918033,5.06647540983607
"2810","GUA09",40.6648752,-4.14595789,1985,330.81,16.076,6.27512328767123
"2811","GUA09",40.6648752,-4.14595789,1986,433.59,15.4616712328767,5.88558904109589
"2812","GUA09",40.6648752,-4.14595789,1987,598.58,16.0144383561644,6.8718904109589
"2813","GUA09",40.6648752,-4.14595789,1988,491.17,15.6557103825137,6.19669398907104
"2814","GUA09",40.6648752,-4.14595789,1989,661.03,16.4918082191781,7.20265753424658
"2815","GUA09",40.6648752,-4.14595789,1990,373.37,16.3838356164384,6.83698630136986
"2816","GUA09",40.6648752,-4.14595789,1991,376.16,15.4959178082192,5.97950684931507
"2817","GUA09",40.6648752,-4.14595789,1992,431.22,15.7598907103825,6.1024043715847
"2818","GUA09",40.6648752,-4.14595789,1993,475.87,14.7434794520548,5.3033698630137
"2819","GUA09",40.6648752,-4.14595789,1994,360.95,16.4864657534247,6.44142465753425
"2820","GUA09",40.6648752,-4.14595789,1995,431.87,16.8337260273973,7.02421917808219
"2821","GUA09",40.6648752,-4.14595789,1996,737.31,15.1908469945355,6.27248633879781
"2822","GUA09",40.6648752,-4.14595789,1997,723.63,16.6511780821918,7.5207397260274
"2823","GUA09",40.6648752,-4.14595789,1998,489.91,16.2568767123288,7.05884931506849
"2824","GUA09",40.6648752,-4.14595789,1999,429.66,15.9405205479452,6.52520547945205
"2825","GUA09",40.6648752,-4.14595789,2000,568.43,16.1943989071038,6.77691256830601
"2826","GUA09",40.6648752,-4.14595789,2001,468.94,16.1168219178082,6.89312328767123
"2827","GUA09",40.6648752,-4.14595789,2002,619.14,16.067698630137,6.99539726027397
"2828","GUA09",40.6648752,-4.14595789,2003,597.62,16.6458082191781,7.33660273972603
"2829","GUA09",40.6648752,-4.14595789,2004,507.39,16.0460109289617,6.64767759562841
"2830","GUA09",40.6648752,-4.14595789,2005,419.76,16.484904109589,6.54572602739726
"2831","GUA09",40.6648752,-4.14595789,2006,593.14,17.0023835616438,7.63679452054795
"2832","GUA09",40.6648752,-4.14595789,2007,481.52,16.1097808219178,6.23542465753425
"2833","GUA09",40.6648752,-4.14595789,2008,633.17,15.7519398907104,6.45592896174863
"2834","GUA09",40.6648752,-4.14595789,2009,368.9,17.2593150684932,7.28887671232877
"2835","GUA09",40.6648752,-4.14595789,2010,565.57,15.6934246575342,6.4973698630137
"2836","GUA09",40.6648752,-4.14595789,2011,488.21,17.4615068493151,7.64860273972603
"2837","GUA09",40.6648752,-4.14595789,2012,401.82,16.4010655737705,6.69136612021858
"2838","GUA09",40.6648752,-4.14595789,2013,495.1,15.693095890411,6.35684931506849
"2839","GUA09",40.6648752,-4.14595789,2014,603.21,16.5938356164384,7.53854794520548
"2840","GUA09",40.6648752,-4.14595789,2015,372.79,17.6242191780822,7.9158904109589
"2841","GUA09",40.6648752,-4.14595789,2016,614.04,16.7227322404372,7.45546448087432
"2842","GUA09",40.6648752,-4.14595789,2017,390.05,18.1361095890411,7.9206301369863
"2843","GUA09",40.6648752,-4.14595789,2018,682.21,16.2218356164384,7.19693150684931
"2844","GUA09",40.6648752,-4.14595789,2019,398.92,17.5830684931507,7.52967123287671
"2845","GUA09",40.6648752,-4.14595789,2020,560.74,17.2936612021858,8.00434426229508
"2846","GUA09",40.6648752,-4.14595789,2021,497.16,16.737095890411,7.44024657534247
"2847","GUA09",40.6648752,-4.14595789,2022,523.59,18.0709315068493,8.84120547945206
"2848","GUA08",40.66538972,-4.14483174,1950,331.52,16.5543287671233,6.06830136986301
"2849","GUA08",40.66538972,-4.14483174,1951,689.6,14.3437260273973,5.37778082191781
"2850","GUA08",40.66538972,-4.14483174,1952,569.64,15.1151639344262,5.67092896174863
"2851","GUA08",40.66538972,-4.14483174,1953,415.47,16.0967945205479,5.55416438356164
"2852","GUA08",40.66538972,-4.14483174,1954,364.91,15.2501095890411,5.78312328767123
"2853","GUA08",40.66538972,-4.14483174,1955,590.46,16.0786301369863,7.02178082191781
"2854","GUA08",40.66538972,-4.14483174,1956,500.01,13.8791530054645,4.45983606557377
"2855","GUA08",40.66538972,-4.14483174,1957,435.23,15.0824383561644,5.39252054794521
"2856","GUA08",40.66538972,-4.14483174,1958,494.23,14.8922465753425,5.83334246575342
"2857","GUA08",40.66538972,-4.14483174,1959,639.56,14.5144657534247,6.15928767123288
"2858","GUA08",40.66538972,-4.14483174,1960,641.39,14.6776775956284,6.02800546448087
"2859","GUA08",40.66538972,-4.14483174,1961,469.57,16.4055890410959,7.12980821917808
"2860","GUA08",40.66538972,-4.14483174,1962,497.13,15.2423835616438,6.16753424657534
"2861","GUA08",40.66538972,-4.14483174,1963,641.53,14.4203835616438,5.64668493150685
"2862","GUA08",40.66538972,-4.14483174,1964,427.88,15.6087704918033,6.5581693989071
"2863","GUA08",40.66538972,-4.14483174,1965,548.09,14.7707945205479,6.03906849315069
"2864","GUA08",40.66538972,-4.14483174,1966,660.56,15.073095890411,6.19509589041096
"2865","GUA08",40.66538972,-4.14483174,1967,416.46,15.0117534246575,6.1907397260274
"2866","GUA08",40.66538972,-4.14483174,1968,408.74,15.0447540983607,6.4844262295082
"2867","GUA08",40.66538972,-4.14483174,1969,631.53,13.6540821917808,5.56178082191781
"2868","GUA08",40.66538972,-4.14483174,1970,397.7,15.0912328767123,5.91432876712329
"2869","GUA08",40.66538972,-4.14483174,1971,554.44,13.5940821917808,5.54583561643836
"2870","GUA08",40.66538972,-4.14483174,1972,738.1,12.8864480874317,5.2246174863388
"2871","GUA08",40.66538972,-4.14483174,1973,479.5,14.6183835616438,5.6432602739726
"2872","GUA08",40.66538972,-4.14483174,1974,401.43,14.1484383561644,5.61742465753425
"2873","GUA08",40.66538972,-4.14483174,1975,503.78,13.9892602739726,5.76657534246575
"2874","GUA08",40.66538972,-4.14483174,1976,680.35,14.1329781420765,6.00896174863388
"2875","GUA08",40.66538972,-4.14483174,1977,635.06,13.9143561643836,6.18778082191781
"2876","GUA08",40.66538972,-4.14483174,1978,595.5,14.4093150684932,6.34695890410959
"2877","GUA08",40.66538972,-4.14483174,1979,573.03,14.4099726027397,6.59630136986301
"2878","GUA08",40.66538972,-4.14483174,1980,460.75,14.5715300546448,5.99229508196721
"2879","GUA08",40.66538972,-4.14483174,1981,475.43,15.5524109589041,6.48895890410959
"2880","GUA08",40.66538972,-4.14483174,1982,467.31,15.3689315068493,6.44747945205479
"2881","GUA08",40.66538972,-4.14483174,1983,375.04,15.8703835616438,6.19043835616438
"2882","GUA08",40.66538972,-4.14483174,1984,534.8,14.3887704918033,5.06647540983607
"2883","GUA08",40.66538972,-4.14483174,1985,330.81,16.076,6.27512328767123
"2884","GUA08",40.66538972,-4.14483174,1986,433.59,15.4616712328767,5.88558904109589
"2885","GUA08",40.66538972,-4.14483174,1987,598.58,16.0144383561644,6.8718904109589
"2886","GUA08",40.66538972,-4.14483174,1988,491.17,15.6557103825137,6.19669398907104
"2887","GUA08",40.66538972,-4.14483174,1989,661.03,16.4918082191781,7.20265753424658
"2888","GUA08",40.66538972,-4.14483174,1990,373.37,16.3838356164384,6.83698630136986
"2889","GUA08",40.66538972,-4.14483174,1991,376.16,15.4959178082192,5.97950684931507
"2890","GUA08",40.66538972,-4.14483174,1992,431.22,15.7598907103825,6.1024043715847
"2891","GUA08",40.66538972,-4.14483174,1993,475.87,14.7434794520548,5.3033698630137
"2892","GUA08",40.66538972,-4.14483174,1994,360.95,16.4864657534247,6.44142465753425
"2893","GUA08",40.66538972,-4.14483174,1995,431.87,16.8337260273973,7.02421917808219
"2894","GUA08",40.66538972,-4.14483174,1996,737.31,15.1908469945355,6.27248633879781
"2895","GUA08",40.66538972,-4.14483174,1997,723.63,16.6511780821918,7.5207397260274
"2896","GUA08",40.66538972,-4.14483174,1998,489.91,16.2568767123288,7.05884931506849
"2897","GUA08",40.66538972,-4.14483174,1999,429.66,15.9405205479452,6.52520547945205
"2898","GUA08",40.66538972,-4.14483174,2000,568.43,16.1943989071038,6.77691256830601
"2899","GUA08",40.66538972,-4.14483174,2001,468.94,16.1168219178082,6.89312328767123
"2900","GUA08",40.66538972,-4.14483174,2002,619.14,16.067698630137,6.99539726027397
"2901","GUA08",40.66538972,-4.14483174,2003,597.62,16.6458082191781,7.33660273972603
"2902","GUA08",40.66538972,-4.14483174,2004,507.39,16.0460109289617,6.64767759562841
"2903","GUA08",40.66538972,-4.14483174,2005,419.76,16.484904109589,6.54572602739726
"2904","GUA08",40.66538972,-4.14483174,2006,593.14,17.0023835616438,7.63679452054795
"2905","GUA08",40.66538972,-4.14483174,2007,481.52,16.1097808219178,6.23542465753425
"2906","GUA08",40.66538972,-4.14483174,2008,633.17,15.7519398907104,6.45592896174863
"2907","GUA08",40.66538972,-4.14483174,2009,368.9,17.2593150684932,7.28887671232877
"2908","GUA08",40.66538972,-4.14483174,2010,565.57,15.6934246575342,6.4973698630137
"2909","GUA08",40.66538972,-4.14483174,2011,488.21,17.4615068493151,7.64860273972603
"2910","GUA08",40.66538972,-4.14483174,2012,401.82,16.4010655737705,6.69136612021858
"2911","GUA08",40.66538972,-4.14483174,2013,495.1,15.693095890411,6.35684931506849
"2912","GUA08",40.66538972,-4.14483174,2014,603.21,16.5938356164384,7.53854794520548
"2913","GUA08",40.66538972,-4.14483174,2015,372.79,17.6242191780822,7.9158904109589
"2914","GUA08",40.66538972,-4.14483174,2016,614.04,16.7227322404372,7.45546448087432
"2915","GUA08",40.66538972,-4.14483174,2017,390.05,18.1361095890411,7.9206301369863
"2916","GUA08",40.66538972,-4.14483174,2018,682.21,16.2218356164384,7.19693150684931
"2917","GUA08",40.66538972,-4.14483174,2019,398.92,17.5830684931507,7.52967123287671
"2918","GUA08",40.66538972,-4.14483174,2020,560.74,17.2936612021858,8.00434426229508
"2919","GUA08",40.66538972,-4.14483174,2021,497.16,16.737095890411,7.44024657534247
"2920","GUA08",40.66538972,-4.14483174,2022,523.59,18.0709315068493,8.84120547945206
"2921","NAV11",40.40784768,-4.30898803,1950,238.08,20.9195890410959,8.67424657534247
"2922","NAV11",40.40784768,-4.30898803,1951,512.73,18.7943835616438,8.33939726027397
"2923","NAV11",40.40784768,-4.30898803,1952,363.01,19.453087431694,8.40986338797814
"2924","NAV11",40.40784768,-4.30898803,1953,262.3,20.4217808219178,7.7367397260274
"2925","NAV11",40.40784768,-4.30898803,1954,211.61,19.694,8.27460273972603
"2926","NAV11",40.40784768,-4.30898803,1955,460.1,20.2228493150685,9.73893150684932
"2927","NAV11",40.40784768,-4.30898803,1956,391.03,18.0413114754098,7.27150273224044
"2928","NAV11",40.40784768,-4.30898803,1957,314.78,19.038301369863,8.0652602739726
"2929","NAV11",40.40784768,-4.30898803,1958,358.63,19.4939726027397,8.68495890410959
"2930","NAV11",40.40784768,-4.30898803,1959,453.85,18.9964383561644,8.89043835616438
"2931","NAV11",40.40784768,-4.30898803,1960,470.59,18.9787978142076,8.98122950819672
"2932","NAV11",40.40784768,-4.30898803,1961,319.65,20.6926849315069,9.4818904109589
"2933","NAV11",40.40784768,-4.30898803,1962,382.64,19.5584931506849,8.79054794520548
"2934","NAV11",40.40784768,-4.30898803,1963,486.05,18.8065753424658,8.62134246575343
"2935","NAV11",40.40784768,-4.30898803,1964,281.06,19.8774043715847,9.09792349726776
"2936","NAV11",40.40784768,-4.30898803,1965,331.55,19.2422739726027,8.778
"2937","NAV11",40.40784768,-4.30898803,1966,421.39,19.5034794520548,8.78739726027397
"2938","NAV11",40.40784768,-4.30898803,1967,308.86,19.3568493150685,8.41268493150685
"2939","NAV11",40.40784768,-4.30898803,1968,278.64,19.5159016393443,8.87994535519126
"2940","NAV11",40.40784768,-4.30898803,1969,437.51,18.1058630136986,8.12430136986301
"2941","NAV11",40.40784768,-4.30898803,1970,244.28,19.5404931506849,8.40564383561644
"2942","NAV11",40.40784768,-4.30898803,1971,366.02,18.1271506849315,8.01715068493151
"2943","NAV11",40.40784768,-4.30898803,1972,486.32,17.6758196721311,8.11926229508197
"2944","NAV11",40.40784768,-4.30898803,1973,307.21,19.2039178082192,7.80786301369863
"2945","NAV11",40.40784768,-4.30898803,1974,296.92,18.8543561643836,7.99021917808219
"2946","NAV11",40.40784768,-4.30898803,1975,355.1,18.6735068493151,8.24257534246575
"2947","NAV11",40.40784768,-4.30898803,1976,426.53,18.7237431693989,8.34122950819672
"2948","NAV11",40.40784768,-4.30898803,1977,437.07,18.4370684931507,8.71065753424658
"2949","NAV11",40.40784768,-4.30898803,1978,432.59,19.0190410958904,8.67668493150685
"2950","NAV11",40.40784768,-4.30898803,1979,392.93,19.0724931506849,9.03169863013699
"2951","NAV11",40.40784768,-4.30898803,1980,294.07,19.198825136612,8.25256830601093
"2952","NAV11",40.40784768,-4.30898803,1981,338.94,20.153698630137,8.81019178082192
"2953","NAV11",40.40784768,-4.30898803,1982,332.29,19.9703287671233,8.98358904109589
"2954","NAV11",40.40784768,-4.30898803,1983,266.52,20.2074520547945,8.2433698630137
"2955","NAV11",40.40784768,-4.30898803,1984,371.27,18.9601092896175,7.37677595628415
"2956","NAV11",40.40784768,-4.30898803,1985,269.8,20.5652602739726,8.19320547945206
"2957","NAV11",40.40784768,-4.30898803,1986,313.43,19.998602739726,8.02884931506849
"2958","NAV11",40.40784768,-4.30898803,1987,453.7,20.3569863013699,8.96575342465753
"2959","NAV11",40.40784768,-4.30898803,1988,366.19,19.8420491803279,8.23071038251366
"2960","NAV11",40.40784768,-4.30898803,1989,484.96,21.0547945205479,9.4846301369863
"2961","NAV11",40.40784768,-4.30898803,1990,270.94,20.7105479452055,9.06879452054794
"2962","NAV11",40.40784768,-4.30898803,1991,272.54,20.0648767123288,8.2181095890411
"2963","NAV11",40.40784768,-4.30898803,1992,307.53,20.2121038251366,8.00524590163934
"2964","NAV11",40.40784768,-4.30898803,1993,340.8,19.1102191780822,7.49695890410959
"2965","NAV11",40.40784768,-4.30898803,1994,267.97,20.9727397260274,8.57295890410959
"2966","NAV11",40.40784768,-4.30898803,1995,285.67,21.4719178082192,9.58331506849315
"2967","NAV11",40.40784768,-4.30898803,1996,475.09,19.8974863387978,8.75789617486339
"2968","NAV11",40.40784768,-4.30898803,1997,571.39,21.0211780821918,9.87802739726027
"2969","NAV11",40.40784768,-4.30898803,1998,370.95,20.6235342465753,9.08446575342466
"2970","NAV11",40.40784768,-4.30898803,1999,314.11,20.4904657534247,8.9054794520548
"2971","NAV11",40.40784768,-4.30898803,2000,401.94,20.6467213114754,8.93631147540984
"2972","NAV11",40.40784768,-4.30898803,2001,343.38,20.5766301369863,9.33857534246575
"2973","NAV11",40.40784768,-4.30898803,2002,412.19,20.6138630136986,9.51054794520548
"2974","NAV11",40.40784768,-4.30898803,2003,413.18,21.1986301369863,9.80380821917808
"2975","NAV11",40.40784768,-4.30898803,2004,373.85,20.5453005464481,8.98661202185792
"2976","NAV11",40.40784768,-4.30898803,2005,258.61,21.0468767123288,8.81558904109589
"2977","NAV11",40.40784768,-4.30898803,2006,371.71,21.3860547945205,10.049397260274
"2978","NAV11",40.40784768,-4.30898803,2007,373.29,20.3561369863014,8.58657534246575
"2979","NAV11",40.40784768,-4.30898803,2008,437.81,20.2293989071038,8.8825956284153
"2980","NAV11",40.40784768,-4.30898803,2009,257.92,21.5915068493151,9.7127397260274
"2981","NAV11",40.40784768,-4.30898803,2010,456.55,20.1424931506849,9.19495890410959
"2982","NAV11",40.40784768,-4.30898803,2011,305.34,21.8073424657534,9.9253698630137
"2983","NAV11",40.40784768,-4.30898803,2012,283.21,20.8851912568306,9.00325136612022
"2984","NAV11",40.40784768,-4.30898803,2013,338.1,20.2135068493151,8.66383561643836
"2985","NAV11",40.40784768,-4.30898803,2014,371.98,21.2159726027397,10.0509589041096
"2986","NAV11",40.40784768,-4.30898803,2015,237.3,22.0308493150685,10.0649589041096
"2987","NAV11",40.40784768,-4.30898803,2016,414.04,21.2770218579235,9.89459016393443
"2988","NAV11",40.40784768,-4.30898803,2017,250.15,22.637095890411,10.0697534246575
"2989","NAV11",40.40784768,-4.30898803,2018,465.18,20.7830684931507,9.61208219178082
"2990","NAV11",40.40784768,-4.30898803,2019,257.29,22.0464383561644,9.84128767123288
"2991","NAV11",40.40784768,-4.30898803,2020,353.01,21.7891530054645,10.2701092896175
"2992","NAV11",40.40784768,-4.30898803,2021,356.85,21.3126301369863,9.80994520547945
"2993","NAV11",40.40784768,-4.30898803,2022,375.05,22.6502191780822,11.0156712328767
"2994","NAV05",40.42186937,-4.30673515,1950,246.03,20.4551780821918,8.29923287671233
"2995","NAV05",40.42186937,-4.30673515,1951,526.91,18.3192328767123,7.96460273972603
"2996","NAV05",40.42186937,-4.30673515,1952,372.55,18.9891256830601,8.04204918032787
"2997","NAV05",40.42186937,-4.30673515,1953,271.56,19.9601643835616,7.36569863013699
"2998","NAV05",40.42186937,-4.30673515,1954,217.08,19.218602739726,7.91241095890411
"2999","NAV05",40.42186937,-4.30673515,1955,467.3,19.7648767123288,9.36772602739726
"3000","NAV05",40.42186937,-4.30673515,1956,398.82,17.5819672131148,6.89267759562841
"3001","NAV05",40.42186937,-4.30673515,1957,321.79,18.5797808219178,7.69123287671233
"3002","NAV05",40.42186937,-4.30673515,1958,368.09,19.0080547945205,8.31128767123288
"3003","NAV05",40.42186937,-4.30673515,1959,468.37,18.5161643835616,8.51961643835616
"3004","NAV05",40.42186937,-4.30673515,1960,482.45,18.5051092896175,8.61224043715847
"3005","NAV05",40.42186937,-4.30673515,1961,325.11,20.2313150684931,9.13430136986301
"3006","NAV05",40.42186937,-4.30673515,1962,388.44,19.0854246575342,8.43106849315068
"3007","NAV05",40.42186937,-4.30673515,1963,495.5,18.3337260273973,8.25109589041096
"3008","NAV05",40.42186937,-4.30673515,1964,291.74,19.4063661202186,8.75374316939891
"3009","NAV05",40.42186937,-4.30673515,1965,338,18.7650136986301,8.41665753424657
"3010","NAV05",40.42186937,-4.30673515,1966,433.54,19.0275890410959,8.42854794520548
"3011","NAV05",40.42186937,-4.30673515,1967,314.89,18.8808767123288,8.07016438356164
"3012","NAV05",40.42186937,-4.30673515,1968,287.6,19.0403005464481,8.53286885245902
"3013","NAV05",40.42186937,-4.30673515,1969,447.48,17.6256164383562,7.76698630136986
"3014","NAV05",40.42186937,-4.30673515,1970,252.62,19.060602739726,8.05164383561644
"3015","NAV05",40.42186937,-4.30673515,1971,375.68,17.6429863013699,7.66824657534247
"3016","NAV05",40.42186937,-4.30673515,1972,501.77,17.1832786885246,7.75084699453552
"3017","NAV05",40.42186937,-4.30673515,1973,316.17,18.7188219178082,7.46742465753425
"3018","NAV05",40.42186937,-4.30673515,1974,303.18,18.3612328767123,7.63865753424658
"3019","NAV05",40.42186937,-4.30673515,1975,362.23,18.1835616438356,7.89082191780822
"3020","NAV05",40.42186937,-4.30673515,1976,443.06,18.2305191256831,7.99101092896175
"3021","NAV05",40.42186937,-4.30673515,1977,451.94,17.9519452054795,8.35520547945205
"3022","NAV05",40.42186937,-4.30673515,1978,440.73,18.5283835616438,8.32747945205479
"3023","NAV05",40.42186937,-4.30673515,1979,402.21,18.5809315068493,8.68205479452055
"3024","NAV05",40.42186937,-4.30673515,1980,301.91,18.7012021857924,7.91215846994536
"3025","NAV05",40.42186937,-4.30673515,1981,348.35,19.6500821917808,8.46487671232877
"3026","NAV05",40.42186937,-4.30673515,1982,339.44,19.4792054794521,8.63838356164384
"3027","NAV05",40.42186937,-4.30673515,1983,274.31,19.7245479452055,7.90347945205479
"3028","NAV05",40.42186937,-4.30673515,1984,378.07,18.4726775956284,7.02636612021858
"3029","NAV05",40.42186937,-4.30673515,1985,275.43,20.0826849315069,7.8686301369863
"3030","NAV05",40.42186937,-4.30673515,1986,323.53,19.5117534246575,7.69504109589041
"3031","NAV05",40.42186937,-4.30673515,1987,466.94,19.8780547945205,8.62997260273973
"3032","NAV05",40.42186937,-4.30673515,1988,371.58,19.367868852459,7.89642076502732
"3033","NAV05",40.42186937,-4.30673515,1989,500.87,20.5637260273973,9.14553424657534
"3034","NAV05",40.42186937,-4.30673515,1990,277.59,20.2244657534247,8.72931506849315
"3035","NAV05",40.42186937,-4.30673515,1991,279.66,19.571698630137,7.87841095890411
"3036","NAV05",40.42186937,-4.30673515,1992,319.08,19.7284699453552,7.6851912568306
"3037","NAV05",40.42186937,-4.30673515,1993,347.54,18.6340821917808,7.15830136986301
"3038","NAV05",40.42186937,-4.30673515,1994,275.02,20.4834246575342,8.23246575342466
"3039","NAV05",40.42186937,-4.30673515,1995,298.56,20.9720547945205,9.2233698630137
"3040","NAV05",40.42186937,-4.30673515,1996,486.97,19.4029781420765,8.40994535519126
"3041","NAV05",40.42186937,-4.30673515,1997,583.42,20.5391506849315,9.54019178082192
"3042","NAV05",40.42186937,-4.30673515,1998,378.98,20.1398630136986,8.76805479452055
"3043","NAV05",40.42186937,-4.30673515,1999,320.81,19.9981643835616,8.56621917808219
"3044","NAV05",40.42186937,-4.30673515,2000,413.39,20.1619945355191,8.61540983606557
"3045","NAV05",40.42186937,-4.30673515,2001,350.97,20.0916438356164,8.99769863013699
"3046","NAV05",40.42186937,-4.30673515,2002,423.18,20.1229315068493,9.1687397260274
"3047","NAV05",40.42186937,-4.30673515,2003,422.48,20.7069863013699,9.46747945205479
"3048","NAV05",40.42186937,-4.30673515,2004,385.5,20.0582240437158,8.65612021857923
"3049","NAV05",40.42186937,-4.30673515,2005,269,20.5529863013699,8.48917808219178
"3050","NAV05",40.42186937,-4.30673515,2006,381.44,20.8977808219178,9.71317808219178
"3051","NAV05",40.42186937,-4.30673515,2007,383.61,19.8711232876712,8.25413698630137
"3052","NAV05",40.42186937,-4.30673515,2008,451.79,19.7378415300546,8.54631147540984
"3053","NAV05",40.42186937,-4.30673515,2009,264.67,21.1118356164384,9.37479452054795
"3054","NAV05",40.42186937,-4.30673515,2010,466.13,19.6592328767123,8.84756164383562
"3055","NAV05",40.42186937,-4.30673515,2011,315.1,21.3227945205479,9.59605479452055
"3056","NAV05",40.42186937,-4.30673515,2012,287.27,20.3889617486339,8.67131147540984
"3057","NAV05",40.42186937,-4.30673515,2013,345.87,19.7236164383562,8.32068493150685
"3058","NAV05",40.42186937,-4.30673515,2014,378.96,20.7204383561644,9.70583561643836
"3059","NAV05",40.42186937,-4.30673515,2015,245.41,21.5407945205479,9.74158904109589
"3060","NAV05",40.42186937,-4.30673515,2016,424.35,20.7866120218579,9.55620218579235
"3061","NAV05",40.42186937,-4.30673515,2017,261.13,22.1439178082192,9.74715068493151
"3062","NAV05",40.42186937,-4.30673515,2018,479.09,20.2922739726027,9.27493150684931
"3063","NAV05",40.42186937,-4.30673515,2019,264.25,21.5540273972603,9.5052602739726
"3064","NAV05",40.42186937,-4.30673515,2020,363.93,21.3001366120219,9.93617486338798
"3065","NAV05",40.42186937,-4.30673515,2021,366.29,20.8217808219178,9.47745205479452
"3066","NAV05",40.42186937,-4.30673515,2022,383.83,22.1538630136986,10.6930410958904
"3067","NAV04",40.41550165,-4.30903192,1950,240.41,20.7847397260274,8.55832876712329
"3068","NAV04",40.41550165,-4.30903192,1951,517.1,18.6543287671233,8.22295890410959
"3069","NAV04",40.41550165,-4.30903192,1952,366.24,19.3165846994536,8.29532786885246
"3070","NAV04",40.41550165,-4.30903192,1953,264.68,20.2866301369863,7.62484931506849
"3071","NAV04",40.41550165,-4.30903192,1954,214.1,19.5519178082192,8.16057534246575
"3072","NAV04",40.41550165,-4.30903192,1955,460.08,20.0908219178082,9.62342465753425
"3073","NAV04",40.41550165,-4.30903192,1956,393.89,17.9067486338798,7.15215846994536
"3074","NAV04",40.41550165,-4.30903192,1957,316.36,18.9032602739726,7.94909589041096
"3075","NAV04",40.41550165,-4.30903192,1958,360.43,19.3467123287671,8.57013698630137
"3076","NAV04",40.41550165,-4.30903192,1959,456.78,18.8542191780822,8.77769863013699
"3077","NAV04",40.41550165,-4.30903192,1960,472.93,18.8384426229508,8.86595628415301
"3078","NAV04",40.41550165,-4.30903192,1961,321.7,20.5587671232877,9.3767397260274
"3079","NAV04",40.41550165,-4.30903192,1962,384.19,19.4179726027397,8.68049315068493
"3080","NAV04",40.41550165,-4.30903192,1963,487.72,18.6675068493151,8.50630136986301
"3081","NAV04",40.41550165,-4.30903192,1964,283.02,19.7377868852459,8.99163934426229
"3082","NAV04",40.41550165,-4.30903192,1965,332.17,19.1007671232877,8.66745205479452
"3083","NAV04",40.41550165,-4.30903192,1966,424.41,19.3632328767123,8.67693150684931
"3084","NAV04",40.41550165,-4.30903192,1967,310.73,19.2155890410959,8.30843835616438
"3085","NAV04",40.41550165,-4.30903192,1968,281.34,19.3744262295082,8.7746174863388
"3086","NAV04",40.41550165,-4.30903192,1969,439.76,17.9619726027397,8.0147397260274
"3087","NAV04",40.41550165,-4.30903192,1970,246.63,19.3959726027397,8.29561643835616
"3088","NAV04",40.41550165,-4.30903192,1971,369.92,17.981397260274,7.90978082191781
"3089","NAV04",40.41550165,-4.30903192,1972,489.04,17.5262021857924,8.00415300546448
"3090","NAV04",40.41550165,-4.30903192,1973,309.75,19.0549863013699,7.70317808219178
"3091","NAV04",40.41550165,-4.30903192,1974,298.4,18.7035068493151,7.87975342465753
"3092","NAV04",40.41550165,-4.30903192,1975,358.27,18.5238904109589,8.13331506849315
"3093","NAV04",40.41550165,-4.30903192,1976,430.28,18.5730054644809,8.23254098360656
"3094","NAV04",40.41550165,-4.30903192,1977,439.66,18.2903835616438,8.60016438356164
"3095","NAV04",40.41550165,-4.30903192,1978,435,18.8694246575342,8.56638356164384
"3096","NAV04",40.41550165,-4.30903192,1979,394.77,18.922904109589,8.92224657534247
"3097","NAV04",40.41550165,-4.30903192,1980,296.8,19.0451639344262,8.14551912568306
"3098","NAV04",40.41550165,-4.30903192,1981,341.52,19.9977534246575,8.70235616438356
"3099","NAV04",40.41550165,-4.30903192,1982,333.99,19.822,8.87758904109589
"3100","NAV04",40.41550165,-4.30903192,1983,269.39,20.0635068493151,8.13298630136986
"3101","NAV04",40.41550165,-4.30903192,1984,374.18,18.8152732240437,7.26229508196721
"3102","NAV04",40.41550165,-4.30903192,1985,272.01,20.4224383561644,8.08654794520548
"3103","NAV04",40.41550165,-4.30903192,1986,315.75,19.8542739726027,7.92112328767123
"3104","NAV04",40.41550165,-4.30903192,1987,456.32,20.2153698630137,8.85731506849315
"3105","NAV04",40.41550165,-4.30903192,1988,367.67,19.7009836065574,8.12265027322404
"3106","NAV04",40.41550165,-4.30903192,1989,491.94,20.9084109589041,9.37493150684931
"3107","NAV04",40.41550165,-4.30903192,1990,272.91,20.5654246575342,8.95876712328767
"3108","NAV04",40.41550165,-4.30903192,1991,273.72,19.916602739726,8.10827397260274
"3109","NAV04",40.41550165,-4.30903192,1992,310.06,20.0664207650273,7.90289617486339
"3110","NAV04",40.41550165,-4.30903192,1993,342.36,18.9689315068493,7.3866301369863
"3111","NAV04",40.41550165,-4.30903192,1994,271.45,20.8255342465753,8.4618904109589
"3112","NAV04",40.41550165,-4.30903192,1995,288.89,21.3198082191781,9.4638904109589
"3113","NAV04",40.41550165,-4.30903192,1996,479.77,19.7467759562842,8.64505464480874
"3114","NAV04",40.41550165,-4.30903192,1997,574.97,20.8772054794521,9.77175342465753
"3115","NAV04",40.41550165,-4.30903192,1998,375.52,20.4787397260274,8.98495890410959
"3116","NAV04",40.41550165,-4.30903192,1999,316.17,20.3410684931507,8.79638356164384
"3117","NAV04",40.41550165,-4.30903192,2000,407.18,20.5010655737705,8.83617486338798
"3118","NAV04",40.41550165,-4.30903192,2001,345.64,20.431397260274,9.22997260273973
"3119","NAV04",40.41550165,-4.30903192,2002,415.57,20.4666849315069,9.4027397260274
"3120","NAV04",40.41550165,-4.30903192,2003,416.17,21.0507123287671,9.69865753424657
"3121","NAV04",40.41550165,-4.30903192,2004,377.62,20.4007650273224,8.88289617486339
"3122","NAV04",40.41550165,-4.30903192,2005,261.6,20.8986575342466,8.71345205479452
"3123","NAV04",40.41550165,-4.30903192,2006,373.53,21.2402191780822,9.94323287671233
"3124","NAV04",40.41550165,-4.30903192,2007,377.98,20.2127671232877,8.48093150684931
"3125","NAV04",40.41550165,-4.30903192,2008,443.48,20.081912568306,8.77696721311475
"3126","NAV04",40.41550165,-4.30903192,2009,258.99,21.4496164383562,9.60484931506849
"3127","NAV04",40.41550165,-4.30903192,2010,458.32,20,9.08487671232877
"3128","NAV04",40.41550165,-4.30903192,2011,309.54,21.6638082191781,9.82101369863014
"3129","NAV04",40.41550165,-4.30903192,2012,285.44,20.7346174863388,8.89677595628415
"3130","NAV04",40.41550165,-4.30903192,2013,341.17,20.0667123287671,8.55421917808219
"3131","NAV04",40.41550165,-4.30903192,2014,373.07,21.0665479452055,9.94104109589041
"3132","NAV04",40.41550165,-4.30903192,2015,239.1,21.8844931506849,9.96265753424658
"3133","NAV04",40.41550165,-4.30903192,2016,418.32,21.1298087431694,9.78666666666667
"3134","NAV04",40.41550165,-4.30903192,2017,251.36,22.4893424657534,9.96739726027397
"3135","NAV04",40.41550165,-4.30903192,2018,470.57,20.6368767123288,9.50580821917808
"3136","NAV04",40.41550165,-4.30903192,2019,259.23,21.8990136986301,9.73408219178082
"3137","NAV04",40.41550165,-4.30903192,2020,357.45,21.6451639344262,10.1647267759563
"3138","NAV04",40.41550165,-4.30903192,2021,359.21,21.1657260273973,9.70471232876712
"3139","NAV04",40.41550165,-4.30903192,2022,378.8,22.5012328767123,10.9135890410959
"3140","NAV06",40.4213198,-4.3088257,1950,239.97,20.7912876712329,8.52539726027397
"3141","NAV06",40.4213198,-4.3088257,1951,513.65,18.6554794520548,8.18994520547945
"3142","NAV06",40.4213198,-4.3088257,1952,363.07,19.3218306010929,8.26431693989071
"3143","NAV06",40.4213198,-4.3088257,1953,264.69,20.2932054794521,7.59586301369863
"3144","NAV06",40.4213198,-4.3088257,1954,211.78,19.5504931506849,8.12934246575342
"3145","NAV06",40.4213198,-4.3088257,1955,456.67,20.1005479452055,9.59052054794521
"3146","NAV06",40.4213198,-4.3088257,1956,389.58,17.9141803278689,7.11658469945355
"3147","NAV06",40.4213198,-4.3088257,1957,314.33,18.9101369863014,7.91547945205479
"3148","NAV06",40.4213198,-4.3088257,1958,358.58,19.3410136986301,8.53775342465753
"3149","NAV06",40.4213198,-4.3088257,1959,455,18.852904109589,8.74794520547945
"3150","NAV06",40.4213198,-4.3088257,1960,471.01,18.8403825136612,8.834043715847
"3151","NAV06",40.4213198,-4.3088257,1961,318.91,20.5660273972603,9.35523287671233
"3152","NAV06",40.4213198,-4.3088257,1962,380,19.4188493150685,8.65364383561644
"3153","NAV06",40.4213198,-4.3088257,1963,484.16,18.6699178082192,8.47452054794521
"3154","NAV06",40.4213198,-4.3088257,1964,282.53,19.7400273224044,8.96819672131148
"3155","NAV06",40.4213198,-4.3088257,1965,329.11,19.1012328767123,8.63980821917808
"3156","NAV06",40.4213198,-4.3088257,1966,423.91,19.3633150684932,8.65027397260274
"3157","NAV06",40.4213198,-4.3088257,1967,307.29,19.2155890410959,8.28706849315068
"3158","NAV06",40.4213198,-4.3088257,1968,279.61,19.375,8.75234972677596
"3159","NAV06",40.4213198,-4.3088257,1969,435.67,17.9602465753425,7.98813698630137
"3160","NAV06",40.4213198,-4.3088257,1970,246.81,19.3930684931507,8.26876712328767
"3161","NAV06",40.4213198,-4.3088257,1971,367.75,17.977397260274,7.88506849315069
"3162","NAV06",40.4213198,-4.3088257,1972,488.19,17.5186885245902,7.9724043715847
"3163","NAV06",40.4213198,-4.3088257,1973,308.31,19.0482739726027,7.68128767123288
"3164","NAV06",40.4213198,-4.3088257,1974,294.91,18.6946301369863,7.8521095890411
"3165","NAV06",40.4213198,-4.3088257,1975,355.71,18.5157808219178,8.10750684931507
"3166","NAV06",40.4213198,-4.3088257,1976,430.15,18.5646174863388,8.20674863387978
"3167","NAV06",40.4213198,-4.3088257,1977,439.18,18.2852876712329,8.57331506849315
"3168","NAV06",40.4213198,-4.3088257,1978,431.78,18.8613424657534,8.53898630136986
"3169","NAV06",40.4213198,-4.3088257,1979,393.01,18.9150410958904,8.89572602739726
"3170","NAV06",40.4213198,-4.3088257,1980,294.24,19.0334426229508,8.12147540983607
"3171","NAV06",40.4213198,-4.3088257,1981,340.02,19.9836712328767,8.67764383561644
"3172","NAV06",40.4213198,-4.3088257,1982,331.51,19.8158356164384,8.8546301369863
"3173","NAV06",40.4213198,-4.3088257,1983,268.1,20.0607945205479,8.10564383561644
"3174","NAV06",40.4213198,-4.3088257,1984,369.9,18.8125683060109,7.23054644808743
"3175","NAV06",40.4213198,-4.3088257,1985,271.06,20.4210136986301,8.06284931506849
"3176","NAV06",40.4213198,-4.3088257,1986,315.19,19.8507397260274,7.89564383561644
"3177","NAV06",40.4213198,-4.3088257,1987,455.69,20.2153150684932,8.83172602739726
"3178","NAV06",40.4213198,-4.3088257,1988,365.06,19.7018579234973,8.09775956284153
"3179","NAV06",40.4213198,-4.3088257,1989,491.19,20.9039726027397,9.348
"3180","NAV06",40.4213198,-4.3088257,1990,271.41,20.5620273972603,8.93153424657534
"3181","NAV06",40.4213198,-4.3088257,1991,271.49,19.9097808219178,8.08131506849315
"3182","NAV06",40.4213198,-4.3088257,1992,310.41,20.0627868852459,7.88322404371585
"3183","NAV06",40.4213198,-4.3088257,1993,339.75,18.9692054794521,7.35931506849315
"3184","NAV06",40.4213198,-4.3088257,1994,271.72,20.8197534246575,8.43413698630137
"3185","NAV06",40.4213198,-4.3088257,1995,289.77,21.3095616438356,9.42767123287671
"3186","NAV06",40.4213198,-4.3088257,1996,479.08,19.7384426229508,8.61568306010929
"3187","NAV06",40.4213198,-4.3088257,1997,571.31,20.8750136986301,9.74813698630137
"3188","NAV06",40.4213198,-4.3088257,1998,374.81,20.4758630136986,8.96865753424658
"3189","NAV06",40.4213198,-4.3088257,1999,314.86,20.3336712328767,8.77090410958904
"3190","NAV06",40.4213198,-4.3088257,2000,405.39,20.4969945355191,8.81920765027322
"3191","NAV06",40.4213198,-4.3088257,2001,343.77,20.4278630136986,9.20476712328767
"3192","NAV06",40.4213198,-4.3088257,2002,413.16,20.4609315068493,9.37767123287671
"3193","NAV06",40.4213198,-4.3088257,2003,414.36,21.0449589041096,9.67641095890411
"3194","NAV06",40.4213198,-4.3088257,2004,375.53,20.3974863387978,8.86284153005465
"3195","NAV06",40.4213198,-4.3088257,2005,261.92,20.8928219178082,8.69468493150685
"3196","NAV06",40.4213198,-4.3088257,2006,370.59,21.2353424657534,9.92013698630137
"3197","NAV06",40.4213198,-4.3088257,2007,376.57,20.2107671232877,8.45838356164383
"3198","NAV06",40.4213198,-4.3088257,2008,444.34,20.0762568306011,8.75390710382514
"3199","NAV06",40.4213198,-4.3088257,2009,258.11,21.4493150684931,9.57931506849315
"3200","NAV06",40.4213198,-4.3088257,2010,455.26,19.9990684931507,9.05783561643836
"3201","NAV06",40.4213198,-4.3088257,2011,307.85,21.6610410958904,9.79953424657534
"3202","NAV06",40.4213198,-4.3088257,2012,283.24,20.7257923497268,8.87254098360656
"3203","NAV06",40.4213198,-4.3088257,2013,337.95,20.061095890411,8.52775342465753
"3204","NAV06",40.4213198,-4.3088257,2014,370.27,21.0589315068493,9.91452054794521
"3205","NAV06",40.4213198,-4.3088257,2015,238.15,21.8799726027397,9.94339726027397
"3206","NAV06",40.4213198,-4.3088257,2016,416.15,21.1243989071038,9.76234972677596
"3207","NAV06",40.4213198,-4.3088257,2017,250.3,22.4832328767123,9.94835616438356
"3208","NAV06",40.4213198,-4.3088257,2018,467.34,20.6322739726027,9.48227397260274
"3209","NAV06",40.4213198,-4.3088257,2019,258.37,21.8929315068493,9.70969863013699
"3210","NAV06",40.4213198,-4.3088257,2020,356.25,21.6430601092896,10.1419398907104
"3211","NAV06",40.4213198,-4.3088257,2021,359.11,21.1605205479452,9.68246575342466
"3212","NAV06",40.4213198,-4.3088257,2022,375.49,22.4938630136986,10.8944657534247
"3213","NAV07",40.42203975,-4.30886219,1950,239.97,20.7912876712329,8.52539726027397
"3214","NAV07",40.42203975,-4.30886219,1951,513.65,18.6554794520548,8.18994520547945
"3215","NAV07",40.42203975,-4.30886219,1952,363.07,19.3218306010929,8.26431693989071
"3216","NAV07",40.42203975,-4.30886219,1953,264.69,20.2932054794521,7.59586301369863
"3217","NAV07",40.42203975,-4.30886219,1954,211.78,19.5504931506849,8.12934246575342
"3218","NAV07",40.42203975,-4.30886219,1955,456.67,20.1005479452055,9.59052054794521
"3219","NAV07",40.42203975,-4.30886219,1956,389.58,17.9141803278689,7.11658469945355
"3220","NAV07",40.42203975,-4.30886219,1957,314.33,18.9101369863014,7.91547945205479
"3221","NAV07",40.42203975,-4.30886219,1958,358.58,19.3410136986301,8.53775342465753
"3222","NAV07",40.42203975,-4.30886219,1959,455,18.852904109589,8.74794520547945
"3223","NAV07",40.42203975,-4.30886219,1960,471.01,18.8403825136612,8.834043715847
"3224","NAV07",40.42203975,-4.30886219,1961,318.91,20.5660273972603,9.35523287671233
"3225","NAV07",40.42203975,-4.30886219,1962,380,19.4188493150685,8.65364383561644
"3226","NAV07",40.42203975,-4.30886219,1963,484.16,18.6699178082192,8.47452054794521
"3227","NAV07",40.42203975,-4.30886219,1964,282.53,19.7400273224044,8.96819672131148
"3228","NAV07",40.42203975,-4.30886219,1965,329.11,19.1012328767123,8.63980821917808
"3229","NAV07",40.42203975,-4.30886219,1966,423.91,19.3633150684932,8.65027397260274
"3230","NAV07",40.42203975,-4.30886219,1967,307.29,19.2155890410959,8.28706849315068
"3231","NAV07",40.42203975,-4.30886219,1968,279.61,19.375,8.75234972677596
"3232","NAV07",40.42203975,-4.30886219,1969,435.67,17.9602465753425,7.98813698630137
"3233","NAV07",40.42203975,-4.30886219,1970,246.81,19.3930684931507,8.26876712328767
"3234","NAV07",40.42203975,-4.30886219,1971,367.75,17.977397260274,7.88506849315069
"3235","NAV07",40.42203975,-4.30886219,1972,488.19,17.5186885245902,7.9724043715847
"3236","NAV07",40.42203975,-4.30886219,1973,308.31,19.0482739726027,7.68128767123288
"3237","NAV07",40.42203975,-4.30886219,1974,294.91,18.6946301369863,7.8521095890411
"3238","NAV07",40.42203975,-4.30886219,1975,355.71,18.5157808219178,8.10750684931507
"3239","NAV07",40.42203975,-4.30886219,1976,430.15,18.5646174863388,8.20674863387978
"3240","NAV07",40.42203975,-4.30886219,1977,439.18,18.2852876712329,8.57331506849315
"3241","NAV07",40.42203975,-4.30886219,1978,431.78,18.8613424657534,8.53898630136986
"3242","NAV07",40.42203975,-4.30886219,1979,393.01,18.9150410958904,8.89572602739726
"3243","NAV07",40.42203975,-4.30886219,1980,294.24,19.0334426229508,8.12147540983607
"3244","NAV07",40.42203975,-4.30886219,1981,340.02,19.9836712328767,8.67764383561644
"3245","NAV07",40.42203975,-4.30886219,1982,331.51,19.8158356164384,8.8546301369863
"3246","NAV07",40.42203975,-4.30886219,1983,268.1,20.0607945205479,8.10564383561644
"3247","NAV07",40.42203975,-4.30886219,1984,369.9,18.8125683060109,7.23054644808743
"3248","NAV07",40.42203975,-4.30886219,1985,271.06,20.4210136986301,8.06284931506849
"3249","NAV07",40.42203975,-4.30886219,1986,315.19,19.8507397260274,7.89564383561644
"3250","NAV07",40.42203975,-4.30886219,1987,455.69,20.2153150684932,8.83172602739726
"3251","NAV07",40.42203975,-4.30886219,1988,365.06,19.7018579234973,8.09775956284153
"3252","NAV07",40.42203975,-4.30886219,1989,491.19,20.9039726027397,9.348
"3253","NAV07",40.42203975,-4.30886219,1990,271.41,20.5620273972603,8.93153424657534
"3254","NAV07",40.42203975,-4.30886219,1991,271.49,19.9097808219178,8.08131506849315
"3255","NAV07",40.42203975,-4.30886219,1992,310.41,20.0627868852459,7.88322404371585
"3256","NAV07",40.42203975,-4.30886219,1993,339.75,18.9692054794521,7.35931506849315
"3257","NAV07",40.42203975,-4.30886219,1994,271.72,20.8197534246575,8.43413698630137
"3258","NAV07",40.42203975,-4.30886219,1995,289.77,21.3095616438356,9.42767123287671
"3259","NAV07",40.42203975,-4.30886219,1996,479.08,19.7384426229508,8.61568306010929
"3260","NAV07",40.42203975,-4.30886219,1997,571.31,20.8750136986301,9.74813698630137
"3261","NAV07",40.42203975,-4.30886219,1998,374.81,20.4758630136986,8.96865753424658
"3262","NAV07",40.42203975,-4.30886219,1999,314.86,20.3336712328767,8.77090410958904
"3263","NAV07",40.42203975,-4.30886219,2000,405.39,20.4969945355191,8.81920765027322
"3264","NAV07",40.42203975,-4.30886219,2001,343.77,20.4278630136986,9.20476712328767
"3265","NAV07",40.42203975,-4.30886219,2002,413.16,20.4609315068493,9.37767123287671
"3266","NAV07",40.42203975,-4.30886219,2003,414.36,21.0449589041096,9.67641095890411
"3267","NAV07",40.42203975,-4.30886219,2004,375.53,20.3974863387978,8.86284153005465
"3268","NAV07",40.42203975,-4.30886219,2005,261.92,20.8928219178082,8.69468493150685
"3269","NAV07",40.42203975,-4.30886219,2006,370.59,21.2353424657534,9.92013698630137
"3270","NAV07",40.42203975,-4.30886219,2007,376.57,20.2107671232877,8.45838356164383
"3271","NAV07",40.42203975,-4.30886219,2008,444.34,20.0762568306011,8.75390710382514
"3272","NAV07",40.42203975,-4.30886219,2009,258.11,21.4493150684931,9.57931506849315
"3273","NAV07",40.42203975,-4.30886219,2010,455.26,19.9990684931507,9.05783561643836
"3274","NAV07",40.42203975,-4.30886219,2011,307.85,21.6610410958904,9.79953424657534
"3275","NAV07",40.42203975,-4.30886219,2012,283.24,20.7257923497268,8.87254098360656
"3276","NAV07",40.42203975,-4.30886219,2013,337.95,20.061095890411,8.52775342465753
"3277","NAV07",40.42203975,-4.30886219,2014,370.27,21.0589315068493,9.91452054794521
"3278","NAV07",40.42203975,-4.30886219,2015,238.15,21.8799726027397,9.94339726027397
"3279","NAV07",40.42203975,-4.30886219,2016,416.15,21.1243989071038,9.76234972677596
"3280","NAV07",40.42203975,-4.30886219,2017,250.3,22.4832328767123,9.94835616438356
"3281","NAV07",40.42203975,-4.30886219,2018,467.34,20.6322739726027,9.48227397260274
"3282","NAV07",40.42203975,-4.30886219,2019,258.37,21.8929315068493,9.70969863013699
"3283","NAV07",40.42203975,-4.30886219,2020,356.25,21.6430601092896,10.1419398907104
"3284","NAV07",40.42203975,-4.30886219,2021,359.11,21.1605205479452,9.68246575342466
"3285","NAV07",40.42203975,-4.30886219,2022,375.49,22.4938630136986,10.8944657534247
"3286","NAV08",40.42323564,-4.30881748,1950,239.97,20.7912876712329,8.52539726027397
"3287","NAV08",40.42323564,-4.30881748,1951,513.65,18.6554794520548,8.18994520547945
"3288","NAV08",40.42323564,-4.30881748,1952,363.07,19.3218306010929,8.26431693989071
"3289","NAV08",40.42323564,-4.30881748,1953,264.69,20.2932054794521,7.59586301369863
"3290","NAV08",40.42323564,-4.30881748,1954,211.78,19.5504931506849,8.12934246575342
"3291","NAV08",40.42323564,-4.30881748,1955,456.67,20.1005479452055,9.59052054794521
"3292","NAV08",40.42323564,-4.30881748,1956,389.58,17.9141803278689,7.11658469945355
"3293","NAV08",40.42323564,-4.30881748,1957,314.33,18.9101369863014,7.91547945205479
"3294","NAV08",40.42323564,-4.30881748,1958,358.58,19.3410136986301,8.53775342465753
"3295","NAV08",40.42323564,-4.30881748,1959,455,18.852904109589,8.74794520547945
"3296","NAV08",40.42323564,-4.30881748,1960,471.01,18.8403825136612,8.834043715847
"3297","NAV08",40.42323564,-4.30881748,1961,318.91,20.5660273972603,9.35523287671233
"3298","NAV08",40.42323564,-4.30881748,1962,380,19.4188493150685,8.65364383561644
"3299","NAV08",40.42323564,-4.30881748,1963,484.16,18.6699178082192,8.47452054794521
"3300","NAV08",40.42323564,-4.30881748,1964,282.53,19.7400273224044,8.96819672131148
"3301","NAV08",40.42323564,-4.30881748,1965,329.11,19.1012328767123,8.63980821917808
"3302","NAV08",40.42323564,-4.30881748,1966,423.91,19.3633150684932,8.65027397260274
"3303","NAV08",40.42323564,-4.30881748,1967,307.29,19.2155890410959,8.28706849315068
"3304","NAV08",40.42323564,-4.30881748,1968,279.61,19.375,8.75234972677596
"3305","NAV08",40.42323564,-4.30881748,1969,435.67,17.9602465753425,7.98813698630137
"3306","NAV08",40.42323564,-4.30881748,1970,246.81,19.3930684931507,8.26876712328767
"3307","NAV08",40.42323564,-4.30881748,1971,367.75,17.977397260274,7.88506849315069
"3308","NAV08",40.42323564,-4.30881748,1972,488.19,17.5186885245902,7.9724043715847
"3309","NAV08",40.42323564,-4.30881748,1973,308.31,19.0482739726027,7.68128767123288
"3310","NAV08",40.42323564,-4.30881748,1974,294.91,18.6946301369863,7.8521095890411
"3311","NAV08",40.42323564,-4.30881748,1975,355.71,18.5157808219178,8.10750684931507
"3312","NAV08",40.42323564,-4.30881748,1976,430.15,18.5646174863388,8.20674863387978
"3313","NAV08",40.42323564,-4.30881748,1977,439.18,18.2852876712329,8.57331506849315
"3314","NAV08",40.42323564,-4.30881748,1978,431.78,18.8613424657534,8.53898630136986
"3315","NAV08",40.42323564,-4.30881748,1979,393.01,18.9150410958904,8.89572602739726
"3316","NAV08",40.42323564,-4.30881748,1980,294.24,19.0334426229508,8.12147540983607
"3317","NAV08",40.42323564,-4.30881748,1981,340.02,19.9836712328767,8.67764383561644
"3318","NAV08",40.42323564,-4.30881748,1982,331.51,19.8158356164384,8.8546301369863
"3319","NAV08",40.42323564,-4.30881748,1983,268.1,20.0607945205479,8.10564383561644
"3320","NAV08",40.42323564,-4.30881748,1984,369.9,18.8125683060109,7.23054644808743
"3321","NAV08",40.42323564,-4.30881748,1985,271.06,20.4210136986301,8.06284931506849
"3322","NAV08",40.42323564,-4.30881748,1986,315.19,19.8507397260274,7.89564383561644
"3323","NAV08",40.42323564,-4.30881748,1987,455.69,20.2153150684932,8.83172602739726
"3324","NAV08",40.42323564,-4.30881748,1988,365.06,19.7018579234973,8.09775956284153
"3325","NAV08",40.42323564,-4.30881748,1989,491.19,20.9039726027397,9.348
"3326","NAV08",40.42323564,-4.30881748,1990,271.41,20.5620273972603,8.93153424657534
"3327","NAV08",40.42323564,-4.30881748,1991,271.49,19.9097808219178,8.08131506849315
"3328","NAV08",40.42323564,-4.30881748,1992,310.41,20.0627868852459,7.88322404371585
"3329","NAV08",40.42323564,-4.30881748,1993,339.75,18.9692054794521,7.35931506849315
"3330","NAV08",40.42323564,-4.30881748,1994,271.72,20.8197534246575,8.43413698630137
"3331","NAV08",40.42323564,-4.30881748,1995,289.77,21.3095616438356,9.42767123287671
"3332","NAV08",40.42323564,-4.30881748,1996,479.08,19.7384426229508,8.61568306010929
"3333","NAV08",40.42323564,-4.30881748,1997,571.31,20.8750136986301,9.74813698630137
"3334","NAV08",40.42323564,-4.30881748,1998,374.81,20.4758630136986,8.96865753424658
"3335","NAV08",40.42323564,-4.30881748,1999,314.86,20.3336712328767,8.77090410958904
"3336","NAV08",40.42323564,-4.30881748,2000,405.39,20.4969945355191,8.81920765027322
"3337","NAV08",40.42323564,-4.30881748,2001,343.77,20.4278630136986,9.20476712328767
"3338","NAV08",40.42323564,-4.30881748,2002,413.16,20.4609315068493,9.37767123287671
"3339","NAV08",40.42323564,-4.30881748,2003,414.36,21.0449589041096,9.67641095890411
"3340","NAV08",40.42323564,-4.30881748,2004,375.53,20.3974863387978,8.86284153005465
"3341","NAV08",40.42323564,-4.30881748,2005,261.92,20.8928219178082,8.69468493150685
"3342","NAV08",40.42323564,-4.30881748,2006,370.59,21.2353424657534,9.92013698630137
"3343","NAV08",40.42323564,-4.30881748,2007,376.57,20.2107671232877,8.45838356164383
"3344","NAV08",40.42323564,-4.30881748,2008,444.34,20.0762568306011,8.75390710382514
"3345","NAV08",40.42323564,-4.30881748,2009,258.11,21.4493150684931,9.57931506849315
"3346","NAV08",40.42323564,-4.30881748,2010,455.26,19.9990684931507,9.05783561643836
"3347","NAV08",40.42323564,-4.30881748,2011,307.85,21.6610410958904,9.79953424657534
"3348","NAV08",40.42323564,-4.30881748,2012,283.24,20.7257923497268,8.87254098360656
"3349","NAV08",40.42323564,-4.30881748,2013,337.95,20.061095890411,8.52775342465753
"3350","NAV08",40.42323564,-4.30881748,2014,370.27,21.0589315068493,9.91452054794521
"3351","NAV08",40.42323564,-4.30881748,2015,238.15,21.8799726027397,9.94339726027397
"3352","NAV08",40.42323564,-4.30881748,2016,416.15,21.1243989071038,9.76234972677596
"3353","NAV08",40.42323564,-4.30881748,2017,250.3,22.4832328767123,9.94835616438356
"3354","NAV08",40.42323564,-4.30881748,2018,467.34,20.6322739726027,9.48227397260274
"3355","NAV08",40.42323564,-4.30881748,2019,258.37,21.8929315068493,9.70969863013699
"3356","NAV08",40.42323564,-4.30881748,2020,356.25,21.6430601092896,10.1419398907104
"3357","NAV08",40.42323564,-4.30881748,2021,359.11,21.1605205479452,9.68246575342466
"3358","NAV08",40.42323564,-4.30881748,2022,375.49,22.4938630136986,10.8944657534247
"3359","NAV09",40.42346152,-4.30778299,1950,246.03,20.4551780821918,8.29923287671233
"3360","NAV09",40.42346152,-4.30778299,1951,526.91,18.3192328767123,7.96460273972603
"3361","NAV09",40.42346152,-4.30778299,1952,372.55,18.9891256830601,8.04204918032787
"3362","NAV09",40.42346152,-4.30778299,1953,271.56,19.9601643835616,7.36569863013699
"3363","NAV09",40.42346152,-4.30778299,1954,217.08,19.218602739726,7.91241095890411
"3364","NAV09",40.42346152,-4.30778299,1955,467.3,19.7648767123288,9.36772602739726
"3365","NAV09",40.42346152,-4.30778299,1956,398.82,17.5819672131148,6.89267759562841
"3366","NAV09",40.42346152,-4.30778299,1957,321.79,18.5797808219178,7.69123287671233
"3367","NAV09",40.42346152,-4.30778299,1958,368.09,19.0080547945205,8.31128767123288
"3368","NAV09",40.42346152,-4.30778299,1959,468.37,18.5161643835616,8.51961643835616
"3369","NAV09",40.42346152,-4.30778299,1960,482.45,18.5051092896175,8.61224043715847
"3370","NAV09",40.42346152,-4.30778299,1961,325.11,20.2313150684931,9.13430136986301
"3371","NAV09",40.42346152,-4.30778299,1962,388.44,19.0854246575342,8.43106849315068
"3372","NAV09",40.42346152,-4.30778299,1963,495.5,18.3337260273973,8.25109589041096
"3373","NAV09",40.42346152,-4.30778299,1964,291.74,19.4063661202186,8.75374316939891
"3374","NAV09",40.42346152,-4.30778299,1965,338,18.7650136986301,8.41665753424657
"3375","NAV09",40.42346152,-4.30778299,1966,433.54,19.0275890410959,8.42854794520548
"3376","NAV09",40.42346152,-4.30778299,1967,314.89,18.8808767123288,8.07016438356164
"3377","NAV09",40.42346152,-4.30778299,1968,287.6,19.0403005464481,8.53286885245902
"3378","NAV09",40.42346152,-4.30778299,1969,447.48,17.6256164383562,7.76698630136986
"3379","NAV09",40.42346152,-4.30778299,1970,252.62,19.060602739726,8.05164383561644
"3380","NAV09",40.42346152,-4.30778299,1971,375.68,17.6429863013699,7.66824657534247
"3381","NAV09",40.42346152,-4.30778299,1972,501.77,17.1832786885246,7.75084699453552
"3382","NAV09",40.42346152,-4.30778299,1973,316.17,18.7188219178082,7.46742465753425
"3383","NAV09",40.42346152,-4.30778299,1974,303.18,18.3612328767123,7.63865753424658
"3384","NAV09",40.42346152,-4.30778299,1975,362.23,18.1835616438356,7.89082191780822
"3385","NAV09",40.42346152,-4.30778299,1976,443.06,18.2305191256831,7.99101092896175
"3386","NAV09",40.42346152,-4.30778299,1977,451.94,17.9519452054795,8.35520547945205
"3387","NAV09",40.42346152,-4.30778299,1978,440.73,18.5283835616438,8.32747945205479
"3388","NAV09",40.42346152,-4.30778299,1979,402.21,18.5809315068493,8.68205479452055
"3389","NAV09",40.42346152,-4.30778299,1980,301.91,18.7012021857924,7.91215846994536
"3390","NAV09",40.42346152,-4.30778299,1981,348.35,19.6500821917808,8.46487671232877
"3391","NAV09",40.42346152,-4.30778299,1982,339.44,19.4792054794521,8.63838356164384
"3392","NAV09",40.42346152,-4.30778299,1983,274.31,19.7245479452055,7.90347945205479
"3393","NAV09",40.42346152,-4.30778299,1984,378.07,18.4726775956284,7.02636612021858
"3394","NAV09",40.42346152,-4.30778299,1985,275.43,20.0826849315069,7.8686301369863
"3395","NAV09",40.42346152,-4.30778299,1986,323.53,19.5117534246575,7.69504109589041
"3396","NAV09",40.42346152,-4.30778299,1987,466.94,19.8780547945205,8.62997260273973
"3397","NAV09",40.42346152,-4.30778299,1988,371.58,19.367868852459,7.89642076502732
"3398","NAV09",40.42346152,-4.30778299,1989,500.87,20.5637260273973,9.14553424657534
"3399","NAV09",40.42346152,-4.30778299,1990,277.59,20.2244657534247,8.72931506849315
"3400","NAV09",40.42346152,-4.30778299,1991,279.66,19.571698630137,7.87841095890411
"3401","NAV09",40.42346152,-4.30778299,1992,319.08,19.7284699453552,7.6851912568306
"3402","NAV09",40.42346152,-4.30778299,1993,347.54,18.6340821917808,7.15830136986301
"3403","NAV09",40.42346152,-4.30778299,1994,275.02,20.4834246575342,8.23246575342466
"3404","NAV09",40.42346152,-4.30778299,1995,298.56,20.9720547945205,9.2233698630137
"3405","NAV09",40.42346152,-4.30778299,1996,486.97,19.4029781420765,8.40994535519126
"3406","NAV09",40.42346152,-4.30778299,1997,583.42,20.5391506849315,9.54019178082192
"3407","NAV09",40.42346152,-4.30778299,1998,378.98,20.1398630136986,8.76805479452055
"3408","NAV09",40.42346152,-4.30778299,1999,320.81,19.9981643835616,8.56621917808219
"3409","NAV09",40.42346152,-4.30778299,2000,413.39,20.1619945355191,8.61540983606557
"3410","NAV09",40.42346152,-4.30778299,2001,350.97,20.0916438356164,8.99769863013699
"3411","NAV09",40.42346152,-4.30778299,2002,423.18,20.1229315068493,9.1687397260274
"3412","NAV09",40.42346152,-4.30778299,2003,422.48,20.7069863013699,9.46747945205479
"3413","NAV09",40.42346152,-4.30778299,2004,385.5,20.0582240437158,8.65612021857923
"3414","NAV09",40.42346152,-4.30778299,2005,269,20.5529863013699,8.48917808219178
"3415","NAV09",40.42346152,-4.30778299,2006,381.44,20.8977808219178,9.71317808219178
"3416","NAV09",40.42346152,-4.30778299,2007,383.61,19.8711232876712,8.25413698630137
"3417","NAV09",40.42346152,-4.30778299,2008,451.79,19.7378415300546,8.54631147540984
"3418","NAV09",40.42346152,-4.30778299,2009,264.67,21.1118356164384,9.37479452054795
"3419","NAV09",40.42346152,-4.30778299,2010,466.13,19.6592328767123,8.84756164383562
"3420","NAV09",40.42346152,-4.30778299,2011,315.1,21.3227945205479,9.59605479452055
"3421","NAV09",40.42346152,-4.30778299,2012,287.27,20.3889617486339,8.67131147540984
"3422","NAV09",40.42346152,-4.30778299,2013,345.87,19.7236164383562,8.32068493150685
"3423","NAV09",40.42346152,-4.30778299,2014,378.96,20.7204383561644,9.70583561643836
"3424","NAV09",40.42346152,-4.30778299,2015,245.41,21.5407945205479,9.74158904109589
"3425","NAV09",40.42346152,-4.30778299,2016,424.35,20.7866120218579,9.55620218579235
"3426","NAV09",40.42346152,-4.30778299,2017,261.13,22.1439178082192,9.74715068493151
"3427","NAV09",40.42346152,-4.30778299,2018,479.09,20.2922739726027,9.27493150684931
"3428","NAV09",40.42346152,-4.30778299,2019,264.25,21.5540273972603,9.5052602739726
"3429","NAV09",40.42346152,-4.30778299,2020,363.93,21.3001366120219,9.93617486338798
"3430","NAV09",40.42346152,-4.30778299,2021,366.29,20.8217808219178,9.47745205479452
"3431","NAV09",40.42346152,-4.30778299,2022,383.83,22.1538630136986,10.6930410958904
"3432","NAV03",40.41248072,-4.31200132,1950,240.41,20.7847397260274,8.55832876712329
"3433","NAV03",40.41248072,-4.31200132,1951,517.1,18.6543287671233,8.22295890410959
"3434","NAV03",40.41248072,-4.31200132,1952,366.24,19.3165846994536,8.29532786885246
"3435","NAV03",40.41248072,-4.31200132,1953,264.68,20.2866301369863,7.62484931506849
"3436","NAV03",40.41248072,-4.31200132,1954,214.1,19.5519178082192,8.16057534246575
"3437","NAV03",40.41248072,-4.31200132,1955,460.08,20.0908219178082,9.62342465753425
"3438","NAV03",40.41248072,-4.31200132,1956,393.89,17.9067486338798,7.15215846994536
"3439","NAV03",40.41248072,-4.31200132,1957,316.36,18.9032602739726,7.94909589041096
"3440","NAV03",40.41248072,-4.31200132,1958,360.43,19.3467123287671,8.57013698630137
"3441","NAV03",40.41248072,-4.31200132,1959,456.78,18.8542191780822,8.77769863013699
"3442","NAV03",40.41248072,-4.31200132,1960,472.93,18.8384426229508,8.86595628415301
"3443","NAV03",40.41248072,-4.31200132,1961,321.7,20.5587671232877,9.3767397260274
"3444","NAV03",40.41248072,-4.31200132,1962,384.19,19.4179726027397,8.68049315068493
"3445","NAV03",40.41248072,-4.31200132,1963,487.72,18.6675068493151,8.50630136986301
"3446","NAV03",40.41248072,-4.31200132,1964,283.02,19.7377868852459,8.99163934426229
"3447","NAV03",40.41248072,-4.31200132,1965,332.17,19.1007671232877,8.66745205479452
"3448","NAV03",40.41248072,-4.31200132,1966,424.41,19.3632328767123,8.67693150684931
"3449","NAV03",40.41248072,-4.31200132,1967,310.73,19.2155890410959,8.30843835616438
"3450","NAV03",40.41248072,-4.31200132,1968,281.34,19.3744262295082,8.7746174863388
"3451","NAV03",40.41248072,-4.31200132,1969,439.76,17.9619726027397,8.0147397260274
"3452","NAV03",40.41248072,-4.31200132,1970,246.63,19.3959726027397,8.29561643835616
"3453","NAV03",40.41248072,-4.31200132,1971,369.92,17.981397260274,7.90978082191781
"3454","NAV03",40.41248072,-4.31200132,1972,489.04,17.5262021857924,8.00415300546448
"3455","NAV03",40.41248072,-4.31200132,1973,309.75,19.0549863013699,7.70317808219178
"3456","NAV03",40.41248072,-4.31200132,1974,298.4,18.7035068493151,7.87975342465753
"3457","NAV03",40.41248072,-4.31200132,1975,358.27,18.5238904109589,8.13331506849315
"3458","NAV03",40.41248072,-4.31200132,1976,430.28,18.5730054644809,8.23254098360656
"3459","NAV03",40.41248072,-4.31200132,1977,439.66,18.2903835616438,8.60016438356164
"3460","NAV03",40.41248072,-4.31200132,1978,435,18.8694246575342,8.56638356164384
"3461","NAV03",40.41248072,-4.31200132,1979,394.77,18.922904109589,8.92224657534247
"3462","NAV03",40.41248072,-4.31200132,1980,296.8,19.0451639344262,8.14551912568306
"3463","NAV03",40.41248072,-4.31200132,1981,341.52,19.9977534246575,8.70235616438356
"3464","NAV03",40.41248072,-4.31200132,1982,333.99,19.822,8.87758904109589
"3465","NAV03",40.41248072,-4.31200132,1983,269.39,20.0635068493151,8.13298630136986
"3466","NAV03",40.41248072,-4.31200132,1984,374.18,18.8152732240437,7.26229508196721
"3467","NAV03",40.41248072,-4.31200132,1985,272.01,20.4224383561644,8.08654794520548
"3468","NAV03",40.41248072,-4.31200132,1986,315.75,19.8542739726027,7.92112328767123
"3469","NAV03",40.41248072,-4.31200132,1987,456.32,20.2153698630137,8.85731506849315
"3470","NAV03",40.41248072,-4.31200132,1988,367.67,19.7009836065574,8.12265027322404
"3471","NAV03",40.41248072,-4.31200132,1989,491.94,20.9084109589041,9.37493150684931
"3472","NAV03",40.41248072,-4.31200132,1990,272.91,20.5654246575342,8.95876712328767
"3473","NAV03",40.41248072,-4.31200132,1991,273.72,19.916602739726,8.10827397260274
"3474","NAV03",40.41248072,-4.31200132,1992,310.06,20.0664207650273,7.90289617486339
"3475","NAV03",40.41248072,-4.31200132,1993,342.36,18.9689315068493,7.3866301369863
"3476","NAV03",40.41248072,-4.31200132,1994,271.45,20.8255342465753,8.4618904109589
"3477","NAV03",40.41248072,-4.31200132,1995,288.89,21.3198082191781,9.4638904109589
"3478","NAV03",40.41248072,-4.31200132,1996,479.77,19.7467759562842,8.64505464480874
"3479","NAV03",40.41248072,-4.31200132,1997,574.97,20.8772054794521,9.77175342465753
"3480","NAV03",40.41248072,-4.31200132,1998,375.52,20.4787397260274,8.98495890410959
"3481","NAV03",40.41248072,-4.31200132,1999,316.17,20.3410684931507,8.79638356164384
"3482","NAV03",40.41248072,-4.31200132,2000,407.18,20.5010655737705,8.83617486338798
"3483","NAV03",40.41248072,-4.31200132,2001,345.64,20.431397260274,9.22997260273973
"3484","NAV03",40.41248072,-4.31200132,2002,415.57,20.4666849315069,9.4027397260274
"3485","NAV03",40.41248072,-4.31200132,2003,416.17,21.0507123287671,9.69865753424657
"3486","NAV03",40.41248072,-4.31200132,2004,377.62,20.4007650273224,8.88289617486339
"3487","NAV03",40.41248072,-4.31200132,2005,261.6,20.8986575342466,8.71345205479452
"3488","NAV03",40.41248072,-4.31200132,2006,373.53,21.2402191780822,9.94323287671233
"3489","NAV03",40.41248072,-4.31200132,2007,377.98,20.2127671232877,8.48093150684931
"3490","NAV03",40.41248072,-4.31200132,2008,443.48,20.081912568306,8.77696721311475
"3491","NAV03",40.41248072,-4.31200132,2009,258.99,21.4496164383562,9.60484931506849
"3492","NAV03",40.41248072,-4.31200132,2010,458.32,20,9.08487671232877
"3493","NAV03",40.41248072,-4.31200132,2011,309.54,21.6638082191781,9.82101369863014
"3494","NAV03",40.41248072,-4.31200132,2012,285.44,20.7346174863388,8.89677595628415
"3495","NAV03",40.41248072,-4.31200132,2013,341.17,20.0667123287671,8.55421917808219
"3496","NAV03",40.41248072,-4.31200132,2014,373.07,21.0665479452055,9.94104109589041
"3497","NAV03",40.41248072,-4.31200132,2015,239.1,21.8844931506849,9.96265753424658
"3498","NAV03",40.41248072,-4.31200132,2016,418.32,21.1298087431694,9.78666666666667
"3499","NAV03",40.41248072,-4.31200132,2017,251.36,22.4893424657534,9.96739726027397
"3500","NAV03",40.41248072,-4.31200132,2018,470.57,20.6368767123288,9.50580821917808
"3501","NAV03",40.41248072,-4.31200132,2019,259.23,21.8990136986301,9.73408219178082
"3502","NAV03",40.41248072,-4.31200132,2020,357.45,21.6451639344262,10.1647267759563
"3503","NAV03",40.41248072,-4.31200132,2021,359.21,21.1657260273973,9.70471232876712
"3504","NAV03",40.41248072,-4.31200132,2022,378.8,22.5012328767123,10.9135890410959
"3505","NAV10",40.41304343,-4.31411071,1950,240.41,20.7847397260274,8.55832876712329
"3506","NAV10",40.41304343,-4.31411071,1951,517.1,18.6543287671233,8.22295890410959
"3507","NAV10",40.41304343,-4.31411071,1952,366.24,19.3165846994536,8.29532786885246
"3508","NAV10",40.41304343,-4.31411071,1953,264.68,20.2866301369863,7.62484931506849
"3509","NAV10",40.41304343,-4.31411071,1954,214.1,19.5519178082192,8.16057534246575
"3510","NAV10",40.41304343,-4.31411071,1955,460.08,20.0908219178082,9.62342465753425
"3511","NAV10",40.41304343,-4.31411071,1956,393.89,17.9067486338798,7.15215846994536
"3512","NAV10",40.41304343,-4.31411071,1957,316.36,18.9032602739726,7.94909589041096
"3513","NAV10",40.41304343,-4.31411071,1958,360.43,19.3467123287671,8.57013698630137
"3514","NAV10",40.41304343,-4.31411071,1959,456.78,18.8542191780822,8.77769863013699
"3515","NAV10",40.41304343,-4.31411071,1960,472.93,18.8384426229508,8.86595628415301
"3516","NAV10",40.41304343,-4.31411071,1961,321.7,20.5587671232877,9.3767397260274
"3517","NAV10",40.41304343,-4.31411071,1962,384.19,19.4179726027397,8.68049315068493
"3518","NAV10",40.41304343,-4.31411071,1963,487.72,18.6675068493151,8.50630136986301
"3519","NAV10",40.41304343,-4.31411071,1964,283.02,19.7377868852459,8.99163934426229
"3520","NAV10",40.41304343,-4.31411071,1965,332.17,19.1007671232877,8.66745205479452
"3521","NAV10",40.41304343,-4.31411071,1966,424.41,19.3632328767123,8.67693150684931
"3522","NAV10",40.41304343,-4.31411071,1967,310.73,19.2155890410959,8.30843835616438
"3523","NAV10",40.41304343,-4.31411071,1968,281.34,19.3744262295082,8.7746174863388
"3524","NAV10",40.41304343,-4.31411071,1969,439.76,17.9619726027397,8.0147397260274
"3525","NAV10",40.41304343,-4.31411071,1970,246.63,19.3959726027397,8.29561643835616
"3526","NAV10",40.41304343,-4.31411071,1971,369.92,17.981397260274,7.90978082191781
"3527","NAV10",40.41304343,-4.31411071,1972,489.04,17.5262021857924,8.00415300546448
"3528","NAV10",40.41304343,-4.31411071,1973,309.75,19.0549863013699,7.70317808219178
"3529","NAV10",40.41304343,-4.31411071,1974,298.4,18.7035068493151,7.87975342465753
"3530","NAV10",40.41304343,-4.31411071,1975,358.27,18.5238904109589,8.13331506849315
"3531","NAV10",40.41304343,-4.31411071,1976,430.28,18.5730054644809,8.23254098360656
"3532","NAV10",40.41304343,-4.31411071,1977,439.66,18.2903835616438,8.60016438356164
"3533","NAV10",40.41304343,-4.31411071,1978,435,18.8694246575342,8.56638356164384
"3534","NAV10",40.41304343,-4.31411071,1979,394.77,18.922904109589,8.92224657534247
"3535","NAV10",40.41304343,-4.31411071,1980,296.8,19.0451639344262,8.14551912568306
"3536","NAV10",40.41304343,-4.31411071,1981,341.52,19.9977534246575,8.70235616438356
"3537","NAV10",40.41304343,-4.31411071,1982,333.99,19.822,8.87758904109589
"3538","NAV10",40.41304343,-4.31411071,1983,269.39,20.0635068493151,8.13298630136986
"3539","NAV10",40.41304343,-4.31411071,1984,374.18,18.8152732240437,7.26229508196721
"3540","NAV10",40.41304343,-4.31411071,1985,272.01,20.4224383561644,8.08654794520548
"3541","NAV10",40.41304343,-4.31411071,1986,315.75,19.8542739726027,7.92112328767123
"3542","NAV10",40.41304343,-4.31411071,1987,456.32,20.2153698630137,8.85731506849315
"3543","NAV10",40.41304343,-4.31411071,1988,367.67,19.7009836065574,8.12265027322404
"3544","NAV10",40.41304343,-4.31411071,1989,491.94,20.9084109589041,9.37493150684931
"3545","NAV10",40.41304343,-4.31411071,1990,272.91,20.5654246575342,8.95876712328767
"3546","NAV10",40.41304343,-4.31411071,1991,273.72,19.916602739726,8.10827397260274
"3547","NAV10",40.41304343,-4.31411071,1992,310.06,20.0664207650273,7.90289617486339
"3548","NAV10",40.41304343,-4.31411071,1993,342.36,18.9689315068493,7.3866301369863
"3549","NAV10",40.41304343,-4.31411071,1994,271.45,20.8255342465753,8.4618904109589
"3550","NAV10",40.41304343,-4.31411071,1995,288.89,21.3198082191781,9.4638904109589
"3551","NAV10",40.41304343,-4.31411071,1996,479.77,19.7467759562842,8.64505464480874
"3552","NAV10",40.41304343,-4.31411071,1997,574.97,20.8772054794521,9.77175342465753
"3553","NAV10",40.41304343,-4.31411071,1998,375.52,20.4787397260274,8.98495890410959
"3554","NAV10",40.41304343,-4.31411071,1999,316.17,20.3410684931507,8.79638356164384
"3555","NAV10",40.41304343,-4.31411071,2000,407.18,20.5010655737705,8.83617486338798
"3556","NAV10",40.41304343,-4.31411071,2001,345.64,20.431397260274,9.22997260273973
"3557","NAV10",40.41304343,-4.31411071,2002,415.57,20.4666849315069,9.4027397260274
"3558","NAV10",40.41304343,-4.31411071,2003,416.17,21.0507123287671,9.69865753424657
"3559","NAV10",40.41304343,-4.31411071,2004,377.62,20.4007650273224,8.88289617486339
"3560","NAV10",40.41304343,-4.31411071,2005,261.6,20.8986575342466,8.71345205479452
"3561","NAV10",40.41304343,-4.31411071,2006,373.53,21.2402191780822,9.94323287671233
"3562","NAV10",40.41304343,-4.31411071,2007,377.98,20.2127671232877,8.48093150684931
"3563","NAV10",40.41304343,-4.31411071,2008,443.48,20.081912568306,8.77696721311475
"3564","NAV10",40.41304343,-4.31411071,2009,258.99,21.4496164383562,9.60484931506849
"3565","NAV10",40.41304343,-4.31411071,2010,458.32,20,9.08487671232877
"3566","NAV10",40.41304343,-4.31411071,2011,309.54,21.6638082191781,9.82101369863014
"3567","NAV10",40.41304343,-4.31411071,2012,285.44,20.7346174863388,8.89677595628415
"3568","NAV10",40.41304343,-4.31411071,2013,341.17,20.0667123287671,8.55421917808219
"3569","NAV10",40.41304343,-4.31411071,2014,373.07,21.0665479452055,9.94104109589041
"3570","NAV10",40.41304343,-4.31411071,2015,239.1,21.8844931506849,9.96265753424658
"3571","NAV10",40.41304343,-4.31411071,2016,418.32,21.1298087431694,9.78666666666667
"3572","NAV10",40.41304343,-4.31411071,2017,251.36,22.4893424657534,9.96739726027397
"3573","NAV10",40.41304343,-4.31411071,2018,470.57,20.6368767123288,9.50580821917808
"3574","NAV10",40.41304343,-4.31411071,2019,259.23,21.8990136986301,9.73408219178082
"3575","NAV10",40.41304343,-4.31411071,2020,357.45,21.6451639344262,10.1647267759563
"3576","NAV10",40.41304343,-4.31411071,2021,359.21,21.1657260273973,9.70471232876712
"3577","NAV10",40.41304343,-4.31411071,2022,378.8,22.5012328767123,10.9135890410959
"3578","NAV02",40.41220083,-4.31606831,1950,240.41,20.7847397260274,8.55832876712329
"3579","NAV02",40.41220083,-4.31606831,1951,517.1,18.6543287671233,8.22295890410959
"3580","NAV02",40.41220083,-4.31606831,1952,366.24,19.3165846994536,8.29532786885246
"3581","NAV02",40.41220083,-4.31606831,1953,264.68,20.2866301369863,7.62484931506849
"3582","NAV02",40.41220083,-4.31606831,1954,214.1,19.5519178082192,8.16057534246575
"3583","NAV02",40.41220083,-4.31606831,1955,460.08,20.0908219178082,9.62342465753425
"3584","NAV02",40.41220083,-4.31606831,1956,393.89,17.9067486338798,7.15215846994536
"3585","NAV02",40.41220083,-4.31606831,1957,316.36,18.9032602739726,7.94909589041096
"3586","NAV02",40.41220083,-4.31606831,1958,360.43,19.3467123287671,8.57013698630137
"3587","NAV02",40.41220083,-4.31606831,1959,456.78,18.8542191780822,8.77769863013699
"3588","NAV02",40.41220083,-4.31606831,1960,472.93,18.8384426229508,8.86595628415301
"3589","NAV02",40.41220083,-4.31606831,1961,321.7,20.5587671232877,9.3767397260274
"3590","NAV02",40.41220083,-4.31606831,1962,384.19,19.4179726027397,8.68049315068493
"3591","NAV02",40.41220083,-4.31606831,1963,487.72,18.6675068493151,8.50630136986301
"3592","NAV02",40.41220083,-4.31606831,1964,283.02,19.7377868852459,8.99163934426229
"3593","NAV02",40.41220083,-4.31606831,1965,332.17,19.1007671232877,8.66745205479452
"3594","NAV02",40.41220083,-4.31606831,1966,424.41,19.3632328767123,8.67693150684931
"3595","NAV02",40.41220083,-4.31606831,1967,310.73,19.2155890410959,8.30843835616438
"3596","NAV02",40.41220083,-4.31606831,1968,281.34,19.3744262295082,8.7746174863388
"3597","NAV02",40.41220083,-4.31606831,1969,439.76,17.9619726027397,8.0147397260274
"3598","NAV02",40.41220083,-4.31606831,1970,246.63,19.3959726027397,8.29561643835616
"3599","NAV02",40.41220083,-4.31606831,1971,369.92,17.981397260274,7.90978082191781
"3600","NAV02",40.41220083,-4.31606831,1972,489.04,17.5262021857924,8.00415300546448
"3601","NAV02",40.41220083,-4.31606831,1973,309.75,19.0549863013699,7.70317808219178
"3602","NAV02",40.41220083,-4.31606831,1974,298.4,18.7035068493151,7.87975342465753
"3603","NAV02",40.41220083,-4.31606831,1975,358.27,18.5238904109589,8.13331506849315
"3604","NAV02",40.41220083,-4.31606831,1976,430.28,18.5730054644809,8.23254098360656
"3605","NAV02",40.41220083,-4.31606831,1977,439.66,18.2903835616438,8.60016438356164
"3606","NAV02",40.41220083,-4.31606831,1978,435,18.8694246575342,8.56638356164384
"3607","NAV02",40.41220083,-4.31606831,1979,394.77,18.922904109589,8.92224657534247
"3608","NAV02",40.41220083,-4.31606831,1980,296.8,19.0451639344262,8.14551912568306
"3609","NAV02",40.41220083,-4.31606831,1981,341.52,19.9977534246575,8.70235616438356
"3610","NAV02",40.41220083,-4.31606831,1982,333.99,19.822,8.87758904109589
"3611","NAV02",40.41220083,-4.31606831,1983,269.39,20.0635068493151,8.13298630136986
"3612","NAV02",40.41220083,-4.31606831,1984,374.18,18.8152732240437,7.26229508196721
"3613","NAV02",40.41220083,-4.31606831,1985,272.01,20.4224383561644,8.08654794520548
"3614","NAV02",40.41220083,-4.31606831,1986,315.75,19.8542739726027,7.92112328767123
"3615","NAV02",40.41220083,-4.31606831,1987,456.32,20.2153698630137,8.85731506849315
"3616","NAV02",40.41220083,-4.31606831,1988,367.67,19.7009836065574,8.12265027322404
"3617","NAV02",40.41220083,-4.31606831,1989,491.94,20.9084109589041,9.37493150684931
"3618","NAV02",40.41220083,-4.31606831,1990,272.91,20.5654246575342,8.95876712328767
"3619","NAV02",40.41220083,-4.31606831,1991,273.72,19.916602739726,8.10827397260274
"3620","NAV02",40.41220083,-4.31606831,1992,310.06,20.0664207650273,7.90289617486339
"3621","NAV02",40.41220083,-4.31606831,1993,342.36,18.9689315068493,7.3866301369863
"3622","NAV02",40.41220083,-4.31606831,1994,271.45,20.8255342465753,8.4618904109589
"3623","NAV02",40.41220083,-4.31606831,1995,288.89,21.3198082191781,9.4638904109589
"3624","NAV02",40.41220083,-4.31606831,1996,479.77,19.7467759562842,8.64505464480874
"3625","NAV02",40.41220083,-4.31606831,1997,574.97,20.8772054794521,9.77175342465753
"3626","NAV02",40.41220083,-4.31606831,1998,375.52,20.4787397260274,8.98495890410959
"3627","NAV02",40.41220083,-4.31606831,1999,316.17,20.3410684931507,8.79638356164384
"3628","NAV02",40.41220083,-4.31606831,2000,407.18,20.5010655737705,8.83617486338798
"3629","NAV02",40.41220083,-4.31606831,2001,345.64,20.431397260274,9.22997260273973
"3630","NAV02",40.41220083,-4.31606831,2002,415.57,20.4666849315069,9.4027397260274
"3631","NAV02",40.41220083,-4.31606831,2003,416.17,21.0507123287671,9.69865753424657
"3632","NAV02",40.41220083,-4.31606831,2004,377.62,20.4007650273224,8.88289617486339
"3633","NAV02",40.41220083,-4.31606831,2005,261.6,20.8986575342466,8.71345205479452
"3634","NAV02",40.41220083,-4.31606831,2006,373.53,21.2402191780822,9.94323287671233
"3635","NAV02",40.41220083,-4.31606831,2007,377.98,20.2127671232877,8.48093150684931
"3636","NAV02",40.41220083,-4.31606831,2008,443.48,20.081912568306,8.77696721311475
"3637","NAV02",40.41220083,-4.31606831,2009,258.99,21.4496164383562,9.60484931506849
"3638","NAV02",40.41220083,-4.31606831,2010,458.32,20,9.08487671232877
"3639","NAV02",40.41220083,-4.31606831,2011,309.54,21.6638082191781,9.82101369863014
"3640","NAV02",40.41220083,-4.31606831,2012,285.44,20.7346174863388,8.89677595628415
"3641","NAV02",40.41220083,-4.31606831,2013,341.17,20.0667123287671,8.55421917808219
"3642","NAV02",40.41220083,-4.31606831,2014,373.07,21.0665479452055,9.94104109589041
"3643","NAV02",40.41220083,-4.31606831,2015,239.1,21.8844931506849,9.96265753424658
"3644","NAV02",40.41220083,-4.31606831,2016,418.32,21.1298087431694,9.78666666666667
"3645","NAV02",40.41220083,-4.31606831,2017,251.36,22.4893424657534,9.96739726027397
"3646","NAV02",40.41220083,-4.31606831,2018,470.57,20.6368767123288,9.50580821917808
"3647","NAV02",40.41220083,-4.31606831,2019,259.23,21.8990136986301,9.73408219178082
"3648","NAV02",40.41220083,-4.31606831,2020,357.45,21.6451639344262,10.1647267759563
"3649","NAV02",40.41220083,-4.31606831,2021,359.21,21.1657260273973,9.70471232876712
"3650","NAV02",40.41220083,-4.31606831,2022,378.8,22.5012328767123,10.9135890410959
"3651","NAV01",40.4133601,-4.31577021,1950,240.41,20.7847397260274,8.55832876712329
"3652","NAV01",40.4133601,-4.31577021,1951,517.1,18.6543287671233,8.22295890410959
"3653","NAV01",40.4133601,-4.31577021,1952,366.24,19.3165846994536,8.29532786885246
"3654","NAV01",40.4133601,-4.31577021,1953,264.68,20.2866301369863,7.62484931506849
"3655","NAV01",40.4133601,-4.31577021,1954,214.1,19.5519178082192,8.16057534246575
"3656","NAV01",40.4133601,-4.31577021,1955,460.08,20.0908219178082,9.62342465753425
"3657","NAV01",40.4133601,-4.31577021,1956,393.89,17.9067486338798,7.15215846994536
"3658","NAV01",40.4133601,-4.31577021,1957,316.36,18.9032602739726,7.94909589041096
"3659","NAV01",40.4133601,-4.31577021,1958,360.43,19.3467123287671,8.57013698630137
"3660","NAV01",40.4133601,-4.31577021,1959,456.78,18.8542191780822,8.77769863013699
"3661","NAV01",40.4133601,-4.31577021,1960,472.93,18.8384426229508,8.86595628415301
"3662","NAV01",40.4133601,-4.31577021,1961,321.7,20.5587671232877,9.3767397260274
"3663","NAV01",40.4133601,-4.31577021,1962,384.19,19.4179726027397,8.68049315068493
"3664","NAV01",40.4133601,-4.31577021,1963,487.72,18.6675068493151,8.50630136986301
"3665","NAV01",40.4133601,-4.31577021,1964,283.02,19.7377868852459,8.99163934426229
"3666","NAV01",40.4133601,-4.31577021,1965,332.17,19.1007671232877,8.66745205479452
"3667","NAV01",40.4133601,-4.31577021,1966,424.41,19.3632328767123,8.67693150684931
"3668","NAV01",40.4133601,-4.31577021,1967,310.73,19.2155890410959,8.30843835616438
"3669","NAV01",40.4133601,-4.31577021,1968,281.34,19.3744262295082,8.7746174863388
"3670","NAV01",40.4133601,-4.31577021,1969,439.76,17.9619726027397,8.0147397260274
"3671","NAV01",40.4133601,-4.31577021,1970,246.63,19.3959726027397,8.29561643835616
"3672","NAV01",40.4133601,-4.31577021,1971,369.92,17.981397260274,7.90978082191781
"3673","NAV01",40.4133601,-4.31577021,1972,489.04,17.5262021857924,8.00415300546448
"3674","NAV01",40.4133601,-4.31577021,1973,309.75,19.0549863013699,7.70317808219178
"3675","NAV01",40.4133601,-4.31577021,1974,298.4,18.7035068493151,7.87975342465753
"3676","NAV01",40.4133601,-4.31577021,1975,358.27,18.5238904109589,8.13331506849315
"3677","NAV01",40.4133601,-4.31577021,1976,430.28,18.5730054644809,8.23254098360656
"3678","NAV01",40.4133601,-4.31577021,1977,439.66,18.2903835616438,8.60016438356164
"3679","NAV01",40.4133601,-4.31577021,1978,435,18.8694246575342,8.56638356164384
"3680","NAV01",40.4133601,-4.31577021,1979,394.77,18.922904109589,8.92224657534247
"3681","NAV01",40.4133601,-4.31577021,1980,296.8,19.0451639344262,8.14551912568306
"3682","NAV01",40.4133601,-4.31577021,1981,341.52,19.9977534246575,8.70235616438356
"3683","NAV01",40.4133601,-4.31577021,1982,333.99,19.822,8.87758904109589
"3684","NAV01",40.4133601,-4.31577021,1983,269.39,20.0635068493151,8.13298630136986
"3685","NAV01",40.4133601,-4.31577021,1984,374.18,18.8152732240437,7.26229508196721
"3686","NAV01",40.4133601,-4.31577021,1985,272.01,20.4224383561644,8.08654794520548
"3687","NAV01",40.4133601,-4.31577021,1986,315.75,19.8542739726027,7.92112328767123
"3688","NAV01",40.4133601,-4.31577021,1987,456.32,20.2153698630137,8.85731506849315
"3689","NAV01",40.4133601,-4.31577021,1988,367.67,19.7009836065574,8.12265027322404
"3690","NAV01",40.4133601,-4.31577021,1989,491.94,20.9084109589041,9.37493150684931
"3691","NAV01",40.4133601,-4.31577021,1990,272.91,20.5654246575342,8.95876712328767
"3692","NAV01",40.4133601,-4.31577021,1991,273.72,19.916602739726,8.10827397260274
"3693","NAV01",40.4133601,-4.31577021,1992,310.06,20.0664207650273,7.90289617486339
"3694","NAV01",40.4133601,-4.31577021,1993,342.36,18.9689315068493,7.3866301369863
"3695","NAV01",40.4133601,-4.31577021,1994,271.45,20.8255342465753,8.4618904109589
"3696","NAV01",40.4133601,-4.31577021,1995,288.89,21.3198082191781,9.4638904109589
"3697","NAV01",40.4133601,-4.31577021,1996,479.77,19.7467759562842,8.64505464480874
"3698","NAV01",40.4133601,-4.31577021,1997,574.97,20.8772054794521,9.77175342465753
"3699","NAV01",40.4133601,-4.31577021,1998,375.52,20.4787397260274,8.98495890410959
"3700","NAV01",40.4133601,-4.31577021,1999,316.17,20.3410684931507,8.79638356164384
"3701","NAV01",40.4133601,-4.31577021,2000,407.18,20.5010655737705,8.83617486338798
"3702","NAV01",40.4133601,-4.31577021,2001,345.64,20.431397260274,9.22997260273973
"3703","NAV01",40.4133601,-4.31577021,2002,415.57,20.4666849315069,9.4027397260274
"3704","NAV01",40.4133601,-4.31577021,2003,416.17,21.0507123287671,9.69865753424657
"3705","NAV01",40.4133601,-4.31577021,2004,377.62,20.4007650273224,8.88289617486339
"3706","NAV01",40.4133601,-4.31577021,2005,261.6,20.8986575342466,8.71345205479452
"3707","NAV01",40.4133601,-4.31577021,2006,373.53,21.2402191780822,9.94323287671233
"3708","NAV01",40.4133601,-4.31577021,2007,377.98,20.2127671232877,8.48093150684931
"3709","NAV01",40.4133601,-4.31577021,2008,443.48,20.081912568306,8.77696721311475
"3710","NAV01",40.4133601,-4.31577021,2009,258.99,21.4496164383562,9.60484931506849
"3711","NAV01",40.4133601,-4.31577021,2010,458.32,20,9.08487671232877
"3712","NAV01",40.4133601,-4.31577021,2011,309.54,21.6638082191781,9.82101369863014
"3713","NAV01",40.4133601,-4.31577021,2012,285.44,20.7346174863388,8.89677595628415
"3714","NAV01",40.4133601,-4.31577021,2013,341.17,20.0667123287671,8.55421917808219
"3715","NAV01",40.4133601,-4.31577021,2014,373.07,21.0665479452055,9.94104109589041
"3716","NAV01",40.4133601,-4.31577021,2015,239.1,21.8844931506849,9.96265753424658
"3717","NAV01",40.4133601,-4.31577021,2016,418.32,21.1298087431694,9.78666666666667
"3718","NAV01",40.4133601,-4.31577021,2017,251.36,22.4893424657534,9.96739726027397
"3719","NAV01",40.4133601,-4.31577021,2018,470.57,20.6368767123288,9.50580821917808
"3720","NAV01",40.4133601,-4.31577021,2019,259.23,21.8990136986301,9.73408219178082
"3721","NAV01",40.4133601,-4.31577021,2020,357.45,21.6451639344262,10.1647267759563
"3722","NAV01",40.4133601,-4.31577021,2021,359.21,21.1657260273973,9.70471232876712
"3723","NAV01",40.4133601,-4.31577021,2022,378.8,22.5012328767123,10.9135890410959
"3724","PEL01",40.3392625,-4.36995319,1950,250.08,20.0537808219178,8.0307397260274
"3725","PEL01",40.3392625,-4.36995319,1951,528.77,17.9644931506849,7.6698904109589
"3726","PEL01",40.3392625,-4.36995319,1952,397.1,18.5907103825137,7.73420765027322
"3727","PEL01",40.3392625,-4.36995319,1953,273.17,19.5655616438356,7.13901369863014
"3728","PEL01",40.3392625,-4.36995319,1954,221.32,18.8776438356164,7.60112328767123
"3729","PEL01",40.3392625,-4.36995319,1955,492.37,19.3602465753425,9.07983561643836
"3730","PEL01",40.3392625,-4.36995319,1956,407.49,17.1604918032787,6.64153005464481
"3731","PEL01",40.3392625,-4.36995319,1957,329.93,18.1507123287671,7.44547945205479
"3732","PEL01",40.3392625,-4.36995319,1958,379.99,18.6658904109589,8.03797260273973
"3733","PEL01",40.3392625,-4.36995319,1959,469.41,18.1667671232877,8.24868493150685
"3734","PEL01",40.3392625,-4.36995319,1960,495.52,18.1463387978142,8.30213114754098
"3735","PEL01",40.3392625,-4.36995319,1961,339.01,19.8201369863014,8.77706849315068
"3736","PEL01",40.3392625,-4.36995319,1962,405.11,18.7155068493151,8.1132602739726
"3737","PEL01",40.3392625,-4.36995319,1963,508.26,17.9505479452055,7.94575342465753
"3738","PEL01",40.3392625,-4.36995319,1964,292.58,19.0345628415301,8.3557650273224
"3739","PEL01",40.3392625,-4.36995319,1965,344.51,18.4084383561644,8.09490410958904
"3740","PEL01",40.3392625,-4.36995319,1966,436.5,18.6726849315069,8.10605479452055
"3741","PEL01",40.3392625,-4.36995319,1967,326.44,18.5224109589041,7.69147945205479
"3742","PEL01",40.3392625,-4.36995319,1968,293.77,18.6662568306011,8.15306010928962
"3743","PEL01",40.3392625,-4.36995319,1969,459.47,17.2458356164384,7.43224657534247
"3744","PEL01",40.3392625,-4.36995319,1970,250.53,18.6878630136986,7.68660273972603
"3745","PEL01",40.3392625,-4.36995319,1971,389.54,17.2727671232877,7.28128767123288
"3746","PEL01",40.3392625,-4.36995319,1972,497.48,16.8304644808743,7.4201912568306
"3747","PEL01",40.3392625,-4.36995319,1973,323.83,18.348,7.07671232876712
"3748","PEL01",40.3392625,-4.36995319,1974,321.57,18.0278630136986,7.26972602739726
"3749","PEL01",40.3392625,-4.36995319,1975,374.82,17.8257534246575,7.50630136986301
"3750","PEL01",40.3392625,-4.36995319,1976,448.66,17.8972131147541,7.6072131147541
"3751","PEL01",40.3392625,-4.36995319,1977,473.76,17.585397260274,7.99835616438356
"3752","PEL01",40.3392625,-4.36995319,1978,467.41,18.1907123287671,7.94104109589041
"3753","PEL01",40.3392625,-4.36995319,1979,418.97,18.2412876712329,8.2986301369863
"3754","PEL01",40.3392625,-4.36995319,1980,310.46,18.3908196721311,7.50639344262295
"3755","PEL01",40.3392625,-4.36995319,1981,360.77,19.3666575342466,8.07591780821918
"3756","PEL01",40.3392625,-4.36995319,1982,351.56,19.1811780821918,8.23531506849315
"3757","PEL01",40.3392625,-4.36995319,1983,285.87,19.3849315068493,7.44531506849315
"3758","PEL01",40.3392625,-4.36995319,1984,393.75,18.1624863387978,6.58945355191257
"3759","PEL01",40.3392625,-4.36995319,1985,291.88,19.7678356164384,7.3261095890411
"3760","PEL01",40.3392625,-4.36995319,1986,329.09,19.2139726027397,7.20169863013699
"3761","PEL01",40.3392625,-4.36995319,1987,477.42,19.5527945205479,8.14854794520548
"3762","PEL01",40.3392625,-4.36995319,1988,401.11,19.0060928961749,7.41054644808743
"3763","PEL01",40.3392625,-4.36995319,1989,506.86,20.2598356164384,8.68545205479452
"3764","PEL01",40.3392625,-4.36995319,1990,287.49,19.9147671232877,8.2701095890411
"3765","PEL01",40.3392625,-4.36995319,1991,288.79,19.2826849315069,7.41665753424658
"3766","PEL01",40.3392625,-4.36995319,1992,324.2,19.3962568306011,7.1529781420765
"3767","PEL01",40.3392625,-4.36995319,1993,371.36,18.2772328767123,6.67504109589041
"3768","PEL01",40.3392625,-4.36995319,1994,283.47,20.1911232876712,7.76994520547945
"3769","PEL01",40.3392625,-4.36995319,1995,298.05,20.7131780821918,8.8286301369863
"3770","PEL01",40.3392625,-4.36995319,1996,495.18,19.0933333333333,7.98292349726776
"3771","PEL01",40.3392625,-4.36995319,1997,611.06,20.2065205479452,9.07761643835616
"3772","PEL01",40.3392625,-4.36995319,1998,393.98,19.8127123287671,8.24046575342466
"3773","PEL01",40.3392625,-4.36995319,1999,331.17,19.7034794520548,8.12312328767123
"3774","PEL01",40.3392625,-4.36995319,2000,418.81,19.8415846994536,8.10232240437158
"3775","PEL01",40.3392625,-4.36995319,2001,360.84,19.7746301369863,8.57372602739726
"3776","PEL01",40.3392625,-4.36995319,2002,431.31,19.8373424657534,8.7387397260274
"3777","PEL01",40.3392625,-4.36995319,2003,435.24,20.4199452054795,9.028
"3778","PEL01",40.3392625,-4.36995319,2004,395.34,19.766174863388,8.1820218579235
"3779","PEL01",40.3392625,-4.36995319,2005,267.36,20.2793424657534,8.00279452054795
"3780","PEL01",40.3392625,-4.36995319,2006,395.83,20.6058630136986,9.26608219178082
"3781","PEL01",40.3392625,-4.36995319,2007,400.82,19.5786575342466,7.77967123287671
"3782","PEL01",40.3392625,-4.36995319,2008,464.5,19.4412021857923,8.10027322404372
"3783","PEL01",40.3392625,-4.36995319,2009,275.06,20.7873150684932,8.95279452054795
"3784","PEL01",40.3392625,-4.36995319,2010,492.53,19.3570684931507,8.44947945205479
"3785","PEL01",40.3392625,-4.36995319,2011,324.24,21.021397260274,9.11917808219178
"3786","PEL01",40.3392625,-4.36995319,2012,304.73,20.1061475409836,8.19978142076503
"3787","PEL01",40.3392625,-4.36995319,2013,356.91,19.4255890410959,7.89786301369863
"3788","PEL01",40.3392625,-4.36995319,2014,395.6,20.4381917808219,9.27841095890411
"3789","PEL01",40.3392625,-4.36995319,2015,246.84,21.251095890411,9.24172602739726
"3790","PEL01",40.3392625,-4.36995319,2016,435.59,20.4909289617486,9.1175956284153
"3791","PEL01",40.3392625,-4.36995319,2017,268.96,21.8696164383562,9.2447397260274
"3792","PEL01",40.3392625,-4.36995319,2018,487.62,19.9995890410959,8.82890410958904
"3793","PEL01",40.3392625,-4.36995319,2019,275.91,21.279397260274,9.05421917808219
"3794","PEL01",40.3392625,-4.36995319,2020,369.8,21.0152732240437,9.47355191256831
"3795","PEL01",40.3392625,-4.36995319,2021,379.19,20.5277534246575,9.02468493150685
"3796","PEL01",40.3392625,-4.36995319,2022,391.22,21.8725479452055,10.1950410958904
"3797","PEL02",40.33921727,-4.36873431,1950,250.08,20.0537808219178,8.0307397260274
"3798","PEL02",40.33921727,-4.36873431,1951,528.77,17.9644931506849,7.6698904109589
"3799","PEL02",40.33921727,-4.36873431,1952,397.1,18.5907103825137,7.73420765027322
"3800","PEL02",40.33921727,-4.36873431,1953,273.17,19.5655616438356,7.13901369863014
"3801","PEL02",40.33921727,-4.36873431,1954,221.32,18.8776438356164,7.60112328767123
"3802","PEL02",40.33921727,-4.36873431,1955,492.37,19.3602465753425,9.07983561643836
"3803","PEL02",40.33921727,-4.36873431,1956,407.49,17.1604918032787,6.64153005464481
"3804","PEL02",40.33921727,-4.36873431,1957,329.93,18.1507123287671,7.44547945205479
"3805","PEL02",40.33921727,-4.36873431,1958,379.99,18.6658904109589,8.03797260273973
"3806","PEL02",40.33921727,-4.36873431,1959,469.41,18.1667671232877,8.24868493150685
"3807","PEL02",40.33921727,-4.36873431,1960,495.52,18.1463387978142,8.30213114754098
"3808","PEL02",40.33921727,-4.36873431,1961,339.01,19.8201369863014,8.77706849315068
"3809","PEL02",40.33921727,-4.36873431,1962,405.11,18.7155068493151,8.1132602739726
"3810","PEL02",40.33921727,-4.36873431,1963,508.26,17.9505479452055,7.94575342465753
"3811","PEL02",40.33921727,-4.36873431,1964,292.58,19.0345628415301,8.3557650273224
"3812","PEL02",40.33921727,-4.36873431,1965,344.51,18.4084383561644,8.09490410958904
"3813","PEL02",40.33921727,-4.36873431,1966,436.5,18.6726849315069,8.10605479452055
"3814","PEL02",40.33921727,-4.36873431,1967,326.44,18.5224109589041,7.69147945205479
"3815","PEL02",40.33921727,-4.36873431,1968,293.77,18.6662568306011,8.15306010928962
"3816","PEL02",40.33921727,-4.36873431,1969,459.47,17.2458356164384,7.43224657534247
"3817","PEL02",40.33921727,-4.36873431,1970,250.53,18.6878630136986,7.68660273972603
"3818","PEL02",40.33921727,-4.36873431,1971,389.54,17.2727671232877,7.28128767123288
"3819","PEL02",40.33921727,-4.36873431,1972,497.48,16.8304644808743,7.4201912568306
"3820","PEL02",40.33921727,-4.36873431,1973,323.83,18.348,7.07671232876712
"3821","PEL02",40.33921727,-4.36873431,1974,321.57,18.0278630136986,7.26972602739726
"3822","PEL02",40.33921727,-4.36873431,1975,374.82,17.8257534246575,7.50630136986301
"3823","PEL02",40.33921727,-4.36873431,1976,448.66,17.8972131147541,7.6072131147541
"3824","PEL02",40.33921727,-4.36873431,1977,473.76,17.585397260274,7.99835616438356
"3825","PEL02",40.33921727,-4.36873431,1978,467.41,18.1907123287671,7.94104109589041
"3826","PEL02",40.33921727,-4.36873431,1979,418.97,18.2412876712329,8.2986301369863
"3827","PEL02",40.33921727,-4.36873431,1980,310.46,18.3908196721311,7.50639344262295
"3828","PEL02",40.33921727,-4.36873431,1981,360.77,19.3666575342466,8.07591780821918
"3829","PEL02",40.33921727,-4.36873431,1982,351.56,19.1811780821918,8.23531506849315
"3830","PEL02",40.33921727,-4.36873431,1983,285.87,19.3849315068493,7.44531506849315
"3831","PEL02",40.33921727,-4.36873431,1984,393.75,18.1624863387978,6.58945355191257
"3832","PEL02",40.33921727,-4.36873431,1985,291.88,19.7678356164384,7.3261095890411
"3833","PEL02",40.33921727,-4.36873431,1986,329.09,19.2139726027397,7.20169863013699
"3834","PEL02",40.33921727,-4.36873431,1987,477.42,19.5527945205479,8.14854794520548
"3835","PEL02",40.33921727,-4.36873431,1988,401.11,19.0060928961749,7.41054644808743
"3836","PEL02",40.33921727,-4.36873431,1989,506.86,20.2598356164384,8.68545205479452
"3837","PEL02",40.33921727,-4.36873431,1990,287.49,19.9147671232877,8.2701095890411
"3838","PEL02",40.33921727,-4.36873431,1991,288.79,19.2826849315069,7.41665753424658
"3839","PEL02",40.33921727,-4.36873431,1992,324.2,19.3962568306011,7.1529781420765
"3840","PEL02",40.33921727,-4.36873431,1993,371.36,18.2772328767123,6.67504109589041
"3841","PEL02",40.33921727,-4.36873431,1994,283.47,20.1911232876712,7.76994520547945
"3842","PEL02",40.33921727,-4.36873431,1995,298.05,20.7131780821918,8.8286301369863
"3843","PEL02",40.33921727,-4.36873431,1996,495.18,19.0933333333333,7.98292349726776
"3844","PEL02",40.33921727,-4.36873431,1997,611.06,20.2065205479452,9.07761643835616
"3845","PEL02",40.33921727,-4.36873431,1998,393.98,19.8127123287671,8.24046575342466
"3846","PEL02",40.33921727,-4.36873431,1999,331.17,19.7034794520548,8.12312328767123
"3847","PEL02",40.33921727,-4.36873431,2000,418.81,19.8415846994536,8.10232240437158
"3848","PEL02",40.33921727,-4.36873431,2001,360.84,19.7746301369863,8.57372602739726
"3849","PEL02",40.33921727,-4.36873431,2002,431.31,19.8373424657534,8.7387397260274
"3850","PEL02",40.33921727,-4.36873431,2003,435.24,20.4199452054795,9.028
"3851","PEL02",40.33921727,-4.36873431,2004,395.34,19.766174863388,8.1820218579235
"3852","PEL02",40.33921727,-4.36873431,2005,267.36,20.2793424657534,8.00279452054795
"3853","PEL02",40.33921727,-4.36873431,2006,395.83,20.6058630136986,9.26608219178082
"3854","PEL02",40.33921727,-4.36873431,2007,400.82,19.5786575342466,7.77967123287671
"3855","PEL02",40.33921727,-4.36873431,2008,464.5,19.4412021857923,8.10027322404372
"3856","PEL02",40.33921727,-4.36873431,2009,275.06,20.7873150684932,8.95279452054795
"3857","PEL02",40.33921727,-4.36873431,2010,492.53,19.3570684931507,8.44947945205479
"3858","PEL02",40.33921727,-4.36873431,2011,324.24,21.021397260274,9.11917808219178
"3859","PEL02",40.33921727,-4.36873431,2012,304.73,20.1061475409836,8.19978142076503
"3860","PEL02",40.33921727,-4.36873431,2013,356.91,19.4255890410959,7.89786301369863
"3861","PEL02",40.33921727,-4.36873431,2014,395.6,20.4381917808219,9.27841095890411
"3862","PEL02",40.33921727,-4.36873431,2015,246.84,21.251095890411,9.24172602739726
"3863","PEL02",40.33921727,-4.36873431,2016,435.59,20.4909289617486,9.1175956284153
"3864","PEL02",40.33921727,-4.36873431,2017,268.96,21.8696164383562,9.2447397260274
"3865","PEL02",40.33921727,-4.36873431,2018,487.62,19.9995890410959,8.82890410958904
"3866","PEL02",40.33921727,-4.36873431,2019,275.91,21.279397260274,9.05421917808219
"3867","PEL02",40.33921727,-4.36873431,2020,369.8,21.0152732240437,9.47355191256831
"3868","PEL02",40.33921727,-4.36873431,2021,379.19,20.5277534246575,9.02468493150685
"3869","PEL02",40.33921727,-4.36873431,2022,391.22,21.8725479452055,10.1950410958904
"3870","PEL03",40.340045,-4.36858124,1950,250.08,20.0537808219178,8.0307397260274
"3871","PEL03",40.340045,-4.36858124,1951,528.77,17.9644931506849,7.6698904109589
"3872","PEL03",40.340045,-4.36858124,1952,397.1,18.5907103825137,7.73420765027322
"3873","PEL03",40.340045,-4.36858124,1953,273.17,19.5655616438356,7.13901369863014
"3874","PEL03",40.340045,-4.36858124,1954,221.32,18.8776438356164,7.60112328767123
"3875","PEL03",40.340045,-4.36858124,1955,492.37,19.3602465753425,9.07983561643836
"3876","PEL03",40.340045,-4.36858124,1956,407.49,17.1604918032787,6.64153005464481
"3877","PEL03",40.340045,-4.36858124,1957,329.93,18.1507123287671,7.44547945205479
"3878","PEL03",40.340045,-4.36858124,1958,379.99,18.6658904109589,8.03797260273973
"3879","PEL03",40.340045,-4.36858124,1959,469.41,18.1667671232877,8.24868493150685
"3880","PEL03",40.340045,-4.36858124,1960,495.52,18.1463387978142,8.30213114754098
"3881","PEL03",40.340045,-4.36858124,1961,339.01,19.8201369863014,8.77706849315068
"3882","PEL03",40.340045,-4.36858124,1962,405.11,18.7155068493151,8.1132602739726
"3883","PEL03",40.340045,-4.36858124,1963,508.26,17.9505479452055,7.94575342465753
"3884","PEL03",40.340045,-4.36858124,1964,292.58,19.0345628415301,8.3557650273224
"3885","PEL03",40.340045,-4.36858124,1965,344.51,18.4084383561644,8.09490410958904
"3886","PEL03",40.340045,-4.36858124,1966,436.5,18.6726849315069,8.10605479452055
"3887","PEL03",40.340045,-4.36858124,1967,326.44,18.5224109589041,7.69147945205479
"3888","PEL03",40.340045,-4.36858124,1968,293.77,18.6662568306011,8.15306010928962
"3889","PEL03",40.340045,-4.36858124,1969,459.47,17.2458356164384,7.43224657534247
"3890","PEL03",40.340045,-4.36858124,1970,250.53,18.6878630136986,7.68660273972603
"3891","PEL03",40.340045,-4.36858124,1971,389.54,17.2727671232877,7.28128767123288
"3892","PEL03",40.340045,-4.36858124,1972,497.48,16.8304644808743,7.4201912568306
"3893","PEL03",40.340045,-4.36858124,1973,323.83,18.348,7.07671232876712
"3894","PEL03",40.340045,-4.36858124,1974,321.57,18.0278630136986,7.26972602739726
"3895","PEL03",40.340045,-4.36858124,1975,374.82,17.8257534246575,7.50630136986301
"3896","PEL03",40.340045,-4.36858124,1976,448.66,17.8972131147541,7.6072131147541
"3897","PEL03",40.340045,-4.36858124,1977,473.76,17.585397260274,7.99835616438356
"3898","PEL03",40.340045,-4.36858124,1978,467.41,18.1907123287671,7.94104109589041
"3899","PEL03",40.340045,-4.36858124,1979,418.97,18.2412876712329,8.2986301369863
"3900","PEL03",40.340045,-4.36858124,1980,310.46,18.3908196721311,7.50639344262295
"3901","PEL03",40.340045,-4.36858124,1981,360.77,19.3666575342466,8.07591780821918
"3902","PEL03",40.340045,-4.36858124,1982,351.56,19.1811780821918,8.23531506849315
"3903","PEL03",40.340045,-4.36858124,1983,285.87,19.3849315068493,7.44531506849315
"3904","PEL03",40.340045,-4.36858124,1984,393.75,18.1624863387978,6.58945355191257
"3905","PEL03",40.340045,-4.36858124,1985,291.88,19.7678356164384,7.3261095890411
"3906","PEL03",40.340045,-4.36858124,1986,329.09,19.2139726027397,7.20169863013699
"3907","PEL03",40.340045,-4.36858124,1987,477.42,19.5527945205479,8.14854794520548
"3908","PEL03",40.340045,-4.36858124,1988,401.11,19.0060928961749,7.41054644808743
"3909","PEL03",40.340045,-4.36858124,1989,506.86,20.2598356164384,8.68545205479452
"3910","PEL03",40.340045,-4.36858124,1990,287.49,19.9147671232877,8.2701095890411
"3911","PEL03",40.340045,-4.36858124,1991,288.79,19.2826849315069,7.41665753424658
"3912","PEL03",40.340045,-4.36858124,1992,324.2,19.3962568306011,7.1529781420765
"3913","PEL03",40.340045,-4.36858124,1993,371.36,18.2772328767123,6.67504109589041
"3914","PEL03",40.340045,-4.36858124,1994,283.47,20.1911232876712,7.76994520547945
"3915","PEL03",40.340045,-4.36858124,1995,298.05,20.7131780821918,8.8286301369863
"3916","PEL03",40.340045,-4.36858124,1996,495.18,19.0933333333333,7.98292349726776
"3917","PEL03",40.340045,-4.36858124,1997,611.06,20.2065205479452,9.07761643835616
"3918","PEL03",40.340045,-4.36858124,1998,393.98,19.8127123287671,8.24046575342466
"3919","PEL03",40.340045,-4.36858124,1999,331.17,19.7034794520548,8.12312328767123
"3920","PEL03",40.340045,-4.36858124,2000,418.81,19.8415846994536,8.10232240437158
"3921","PEL03",40.340045,-4.36858124,2001,360.84,19.7746301369863,8.57372602739726
"3922","PEL03",40.340045,-4.36858124,2002,431.31,19.8373424657534,8.7387397260274
"3923","PEL03",40.340045,-4.36858124,2003,435.24,20.4199452054795,9.028
"3924","PEL03",40.340045,-4.36858124,2004,395.34,19.766174863388,8.1820218579235
"3925","PEL03",40.340045,-4.36858124,2005,267.36,20.2793424657534,8.00279452054795
"3926","PEL03",40.340045,-4.36858124,2006,395.83,20.6058630136986,9.26608219178082
"3927","PEL03",40.340045,-4.36858124,2007,400.82,19.5786575342466,7.77967123287671
"3928","PEL03",40.340045,-4.36858124,2008,464.5,19.4412021857923,8.10027322404372
"3929","PEL03",40.340045,-4.36858124,2009,275.06,20.7873150684932,8.95279452054795
"3930","PEL03",40.340045,-4.36858124,2010,492.53,19.3570684931507,8.44947945205479
"3931","PEL03",40.340045,-4.36858124,2011,324.24,21.021397260274,9.11917808219178
"3932","PEL03",40.340045,-4.36858124,2012,304.73,20.1061475409836,8.19978142076503
"3933","PEL03",40.340045,-4.36858124,2013,356.91,19.4255890410959,7.89786301369863
"3934","PEL03",40.340045,-4.36858124,2014,395.6,20.4381917808219,9.27841095890411
"3935","PEL03",40.340045,-4.36858124,2015,246.84,21.251095890411,9.24172602739726
"3936","PEL03",40.340045,-4.36858124,2016,435.59,20.4909289617486,9.1175956284153
"3937","PEL03",40.340045,-4.36858124,2017,268.96,21.8696164383562,9.2447397260274
"3938","PEL03",40.340045,-4.36858124,2018,487.62,19.9995890410959,8.82890410958904
"3939","PEL03",40.340045,-4.36858124,2019,275.91,21.279397260274,9.05421917808219
"3940","PEL03",40.340045,-4.36858124,2020,369.8,21.0152732240437,9.47355191256831
"3941","PEL03",40.340045,-4.36858124,2021,379.19,20.5277534246575,9.02468493150685
"3942","PEL03",40.340045,-4.36858124,2022,391.22,21.8725479452055,10.1950410958904
"3943","PEL04",40.34128244,-4.37032298,1950,250.08,20.0537808219178,8.0307397260274
"3944","PEL04",40.34128244,-4.37032298,1951,528.77,17.9644931506849,7.6698904109589
"3945","PEL04",40.34128244,-4.37032298,1952,397.1,18.5907103825137,7.73420765027322
"3946","PEL04",40.34128244,-4.37032298,1953,273.17,19.5655616438356,7.13901369863014
"3947","PEL04",40.34128244,-4.37032298,1954,221.32,18.8776438356164,7.60112328767123
"3948","PEL04",40.34128244,-4.37032298,1955,492.37,19.3602465753425,9.07983561643836
"3949","PEL04",40.34128244,-4.37032298,1956,407.49,17.1604918032787,6.64153005464481
"3950","PEL04",40.34128244,-4.37032298,1957,329.93,18.1507123287671,7.44547945205479
"3951","PEL04",40.34128244,-4.37032298,1958,379.99,18.6658904109589,8.03797260273973
"3952","PEL04",40.34128244,-4.37032298,1959,469.41,18.1667671232877,8.24868493150685
"3953","PEL04",40.34128244,-4.37032298,1960,495.52,18.1463387978142,8.30213114754098
"3954","PEL04",40.34128244,-4.37032298,1961,339.01,19.8201369863014,8.77706849315068
"3955","PEL04",40.34128244,-4.37032298,1962,405.11,18.7155068493151,8.1132602739726
"3956","PEL04",40.34128244,-4.37032298,1963,508.26,17.9505479452055,7.94575342465753
"3957","PEL04",40.34128244,-4.37032298,1964,292.58,19.0345628415301,8.3557650273224
"3958","PEL04",40.34128244,-4.37032298,1965,344.51,18.4084383561644,8.09490410958904
"3959","PEL04",40.34128244,-4.37032298,1966,436.5,18.6726849315069,8.10605479452055
"3960","PEL04",40.34128244,-4.37032298,1967,326.44,18.5224109589041,7.69147945205479
"3961","PEL04",40.34128244,-4.37032298,1968,293.77,18.6662568306011,8.15306010928962
"3962","PEL04",40.34128244,-4.37032298,1969,459.47,17.2458356164384,7.43224657534247
"3963","PEL04",40.34128244,-4.37032298,1970,250.53,18.6878630136986,7.68660273972603
"3964","PEL04",40.34128244,-4.37032298,1971,389.54,17.2727671232877,7.28128767123288
"3965","PEL04",40.34128244,-4.37032298,1972,497.48,16.8304644808743,7.4201912568306
"3966","PEL04",40.34128244,-4.37032298,1973,323.83,18.348,7.07671232876712
"3967","PEL04",40.34128244,-4.37032298,1974,321.57,18.0278630136986,7.26972602739726
"3968","PEL04",40.34128244,-4.37032298,1975,374.82,17.8257534246575,7.50630136986301
"3969","PEL04",40.34128244,-4.37032298,1976,448.66,17.8972131147541,7.6072131147541
"3970","PEL04",40.34128244,-4.37032298,1977,473.76,17.585397260274,7.99835616438356
"3971","PEL04",40.34128244,-4.37032298,1978,467.41,18.1907123287671,7.94104109589041
"3972","PEL04",40.34128244,-4.37032298,1979,418.97,18.2412876712329,8.2986301369863
"3973","PEL04",40.34128244,-4.37032298,1980,310.46,18.3908196721311,7.50639344262295
"3974","PEL04",40.34128244,-4.37032298,1981,360.77,19.3666575342466,8.07591780821918
"3975","PEL04",40.34128244,-4.37032298,1982,351.56,19.1811780821918,8.23531506849315
"3976","PEL04",40.34128244,-4.37032298,1983,285.87,19.3849315068493,7.44531506849315
"3977","PEL04",40.34128244,-4.37032298,1984,393.75,18.1624863387978,6.58945355191257
"3978","PEL04",40.34128244,-4.37032298,1985,291.88,19.7678356164384,7.3261095890411
"3979","PEL04",40.34128244,-4.37032298,1986,329.09,19.2139726027397,7.20169863013699
"3980","PEL04",40.34128244,-4.37032298,1987,477.42,19.5527945205479,8.14854794520548
"3981","PEL04",40.34128244,-4.37032298,1988,401.11,19.0060928961749,7.41054644808743
"3982","PEL04",40.34128244,-4.37032298,1989,506.86,20.2598356164384,8.68545205479452
"3983","PEL04",40.34128244,-4.37032298,1990,287.49,19.9147671232877,8.2701095890411
"3984","PEL04",40.34128244,-4.37032298,1991,288.79,19.2826849315069,7.41665753424658
"3985","PEL04",40.34128244,-4.37032298,1992,324.2,19.3962568306011,7.1529781420765
"3986","PEL04",40.34128244,-4.37032298,1993,371.36,18.2772328767123,6.67504109589041
"3987","PEL04",40.34128244,-4.37032298,1994,283.47,20.1911232876712,7.76994520547945
"3988","PEL04",40.34128244,-4.37032298,1995,298.05,20.7131780821918,8.8286301369863
"3989","PEL04",40.34128244,-4.37032298,1996,495.18,19.0933333333333,7.98292349726776
"3990","PEL04",40.34128244,-4.37032298,1997,611.06,20.2065205479452,9.07761643835616
"3991","PEL04",40.34128244,-4.37032298,1998,393.98,19.8127123287671,8.24046575342466
"3992","PEL04",40.34128244,-4.37032298,1999,331.17,19.7034794520548,8.12312328767123
"3993","PEL04",40.34128244,-4.37032298,2000,418.81,19.8415846994536,8.10232240437158
"3994","PEL04",40.34128244,-4.37032298,2001,360.84,19.7746301369863,8.57372602739726
"3995","PEL04",40.34128244,-4.37032298,2002,431.31,19.8373424657534,8.7387397260274
"3996","PEL04",40.34128244,-4.37032298,2003,435.24,20.4199452054795,9.028
"3997","PEL04",40.34128244,-4.37032298,2004,395.34,19.766174863388,8.1820218579235
"3998","PEL04",40.34128244,-4.37032298,2005,267.36,20.2793424657534,8.00279452054795
"3999","PEL04",40.34128244,-4.37032298,2006,395.83,20.6058630136986,9.26608219178082
"4000","PEL04",40.34128244,-4.37032298,2007,400.82,19.5786575342466,7.77967123287671
"4001","PEL04",40.34128244,-4.37032298,2008,464.5,19.4412021857923,8.10027322404372
"4002","PEL04",40.34128244,-4.37032298,2009,275.06,20.7873150684932,8.95279452054795
"4003","PEL04",40.34128244,-4.37032298,2010,492.53,19.3570684931507,8.44947945205479
"4004","PEL04",40.34128244,-4.37032298,2011,324.24,21.021397260274,9.11917808219178
"4005","PEL04",40.34128244,-4.37032298,2012,304.73,20.1061475409836,8.19978142076503
"4006","PEL04",40.34128244,-4.37032298,2013,356.91,19.4255890410959,7.89786301369863
"4007","PEL04",40.34128244,-4.37032298,2014,395.6,20.4381917808219,9.27841095890411
"4008","PEL04",40.34128244,-4.37032298,2015,246.84,21.251095890411,9.24172602739726
"4009","PEL04",40.34128244,-4.37032298,2016,435.59,20.4909289617486,9.1175956284153
"4010","PEL04",40.34128244,-4.37032298,2017,268.96,21.8696164383562,9.2447397260274
"4011","PEL04",40.34128244,-4.37032298,2018,487.62,19.9995890410959,8.82890410958904
"4012","PEL04",40.34128244,-4.37032298,2019,275.91,21.279397260274,9.05421917808219
"4013","PEL04",40.34128244,-4.37032298,2020,369.8,21.0152732240437,9.47355191256831
"4014","PEL04",40.34128244,-4.37032298,2021,379.19,20.5277534246575,9.02468493150685
"4015","PEL04",40.34128244,-4.37032298,2022,391.22,21.8725479452055,10.1950410958904
"4016","PEL05",40.3413194,-4.37191112,1950,250.08,20.0537808219178,8.0307397260274
"4017","PEL05",40.3413194,-4.37191112,1951,528.77,17.9644931506849,7.6698904109589
"4018","PEL05",40.3413194,-4.37191112,1952,397.1,18.5907103825137,7.73420765027322
"4019","PEL05",40.3413194,-4.37191112,1953,273.17,19.5655616438356,7.13901369863014
"4020","PEL05",40.3413194,-4.37191112,1954,221.32,18.8776438356164,7.60112328767123
"4021","PEL05",40.3413194,-4.37191112,1955,492.37,19.3602465753425,9.07983561643836
"4022","PEL05",40.3413194,-4.37191112,1956,407.49,17.1604918032787,6.64153005464481
"4023","PEL05",40.3413194,-4.37191112,1957,329.93,18.1507123287671,7.44547945205479
"4024","PEL05",40.3413194,-4.37191112,1958,379.99,18.6658904109589,8.03797260273973
"4025","PEL05",40.3413194,-4.37191112,1959,469.41,18.1667671232877,8.24868493150685
"4026","PEL05",40.3413194,-4.37191112,1960,495.52,18.1463387978142,8.30213114754098
"4027","PEL05",40.3413194,-4.37191112,1961,339.01,19.8201369863014,8.77706849315068
"4028","PEL05",40.3413194,-4.37191112,1962,405.11,18.7155068493151,8.1132602739726
"4029","PEL05",40.3413194,-4.37191112,1963,508.26,17.9505479452055,7.94575342465753
"4030","PEL05",40.3413194,-4.37191112,1964,292.58,19.0345628415301,8.3557650273224
"4031","PEL05",40.3413194,-4.37191112,1965,344.51,18.4084383561644,8.09490410958904
"4032","PEL05",40.3413194,-4.37191112,1966,436.5,18.6726849315069,8.10605479452055
"4033","PEL05",40.3413194,-4.37191112,1967,326.44,18.5224109589041,7.69147945205479
"4034","PEL05",40.3413194,-4.37191112,1968,293.77,18.6662568306011,8.15306010928962
"4035","PEL05",40.3413194,-4.37191112,1969,459.47,17.2458356164384,7.43224657534247
"4036","PEL05",40.3413194,-4.37191112,1970,250.53,18.6878630136986,7.68660273972603
"4037","PEL05",40.3413194,-4.37191112,1971,389.54,17.2727671232877,7.28128767123288
"4038","PEL05",40.3413194,-4.37191112,1972,497.48,16.8304644808743,7.4201912568306
"4039","PEL05",40.3413194,-4.37191112,1973,323.83,18.348,7.07671232876712
"4040","PEL05",40.3413194,-4.37191112,1974,321.57,18.0278630136986,7.26972602739726
"4041","PEL05",40.3413194,-4.37191112,1975,374.82,17.8257534246575,7.50630136986301
"4042","PEL05",40.3413194,-4.37191112,1976,448.66,17.8972131147541,7.6072131147541
"4043","PEL05",40.3413194,-4.37191112,1977,473.76,17.585397260274,7.99835616438356
"4044","PEL05",40.3413194,-4.37191112,1978,467.41,18.1907123287671,7.94104109589041
"4045","PEL05",40.3413194,-4.37191112,1979,418.97,18.2412876712329,8.2986301369863
"4046","PEL05",40.3413194,-4.37191112,1980,310.46,18.3908196721311,7.50639344262295
"4047","PEL05",40.3413194,-4.37191112,1981,360.77,19.3666575342466,8.07591780821918
"4048","PEL05",40.3413194,-4.37191112,1982,351.56,19.1811780821918,8.23531506849315
"4049","PEL05",40.3413194,-4.37191112,1983,285.87,19.3849315068493,7.44531506849315
"4050","PEL05",40.3413194,-4.37191112,1984,393.75,18.1624863387978,6.58945355191257
"4051","PEL05",40.3413194,-4.37191112,1985,291.88,19.7678356164384,7.3261095890411
"4052","PEL05",40.3413194,-4.37191112,1986,329.09,19.2139726027397,7.20169863013699
"4053","PEL05",40.3413194,-4.37191112,1987,477.42,19.5527945205479,8.14854794520548
"4054","PEL05",40.3413194,-4.37191112,1988,401.11,19.0060928961749,7.41054644808743
"4055","PEL05",40.3413194,-4.37191112,1989,506.86,20.2598356164384,8.68545205479452
"4056","PEL05",40.3413194,-4.37191112,1990,287.49,19.9147671232877,8.2701095890411
"4057","PEL05",40.3413194,-4.37191112,1991,288.79,19.2826849315069,7.41665753424658
"4058","PEL05",40.3413194,-4.37191112,1992,324.2,19.3962568306011,7.1529781420765
"4059","PEL05",40.3413194,-4.37191112,1993,371.36,18.2772328767123,6.67504109589041
"4060","PEL05",40.3413194,-4.37191112,1994,283.47,20.1911232876712,7.76994520547945
"4061","PEL05",40.3413194,-4.37191112,1995,298.05,20.7131780821918,8.8286301369863
"4062","PEL05",40.3413194,-4.37191112,1996,495.18,19.0933333333333,7.98292349726776
"4063","PEL05",40.3413194,-4.37191112,1997,611.06,20.2065205479452,9.07761643835616
"4064","PEL05",40.3413194,-4.37191112,1998,393.98,19.8127123287671,8.24046575342466
"4065","PEL05",40.3413194,-4.37191112,1999,331.17,19.7034794520548,8.12312328767123
"4066","PEL05",40.3413194,-4.37191112,2000,418.81,19.8415846994536,8.10232240437158
"4067","PEL05",40.3413194,-4.37191112,2001,360.84,19.7746301369863,8.57372602739726
"4068","PEL05",40.3413194,-4.37191112,2002,431.31,19.8373424657534,8.7387397260274
"4069","PEL05",40.3413194,-4.37191112,2003,435.24,20.4199452054795,9.028
"4070","PEL05",40.3413194,-4.37191112,2004,395.34,19.766174863388,8.1820218579235
"4071","PEL05",40.3413194,-4.37191112,2005,267.36,20.2793424657534,8.00279452054795
"4072","PEL05",40.3413194,-4.37191112,2006,395.83,20.6058630136986,9.26608219178082
"4073","PEL05",40.3413194,-4.37191112,2007,400.82,19.5786575342466,7.77967123287671
"4074","PEL05",40.3413194,-4.37191112,2008,464.5,19.4412021857923,8.10027322404372
"4075","PEL05",40.3413194,-4.37191112,2009,275.06,20.7873150684932,8.95279452054795
"4076","PEL05",40.3413194,-4.37191112,2010,492.53,19.3570684931507,8.44947945205479
"4077","PEL05",40.3413194,-4.37191112,2011,324.24,21.021397260274,9.11917808219178
"4078","PEL05",40.3413194,-4.37191112,2012,304.73,20.1061475409836,8.19978142076503
"4079","PEL05",40.3413194,-4.37191112,2013,356.91,19.4255890410959,7.89786301369863
"4080","PEL05",40.3413194,-4.37191112,2014,395.6,20.4381917808219,9.27841095890411
"4081","PEL05",40.3413194,-4.37191112,2015,246.84,21.251095890411,9.24172602739726
"4082","PEL05",40.3413194,-4.37191112,2016,435.59,20.4909289617486,9.1175956284153
"4083","PEL05",40.3413194,-4.37191112,2017,268.96,21.8696164383562,9.2447397260274
"4084","PEL05",40.3413194,-4.37191112,2018,487.62,19.9995890410959,8.82890410958904
"4085","PEL05",40.3413194,-4.37191112,2019,275.91,21.279397260274,9.05421917808219
"4086","PEL05",40.3413194,-4.37191112,2020,369.8,21.0152732240437,9.47355191256831
"4087","PEL05",40.3413194,-4.37191112,2021,379.19,20.5277534246575,9.02468493150685
"4088","PEL05",40.3413194,-4.37191112,2022,391.22,21.8725479452055,10.1950410958904
"4089","PEL06",40.34023622,-4.3727338,1950,250.08,20.0537808219178,8.0307397260274
"4090","PEL06",40.34023622,-4.3727338,1951,528.77,17.9644931506849,7.6698904109589
"4091","PEL06",40.34023622,-4.3727338,1952,397.1,18.5907103825137,7.73420765027322
"4092","PEL06",40.34023622,-4.3727338,1953,273.17,19.5655616438356,7.13901369863014
"4093","PEL06",40.34023622,-4.3727338,1954,221.32,18.8776438356164,7.60112328767123
"4094","PEL06",40.34023622,-4.3727338,1955,492.37,19.3602465753425,9.07983561643836
"4095","PEL06",40.34023622,-4.3727338,1956,407.49,17.1604918032787,6.64153005464481
"4096","PEL06",40.34023622,-4.3727338,1957,329.93,18.1507123287671,7.44547945205479
"4097","PEL06",40.34023622,-4.3727338,1958,379.99,18.6658904109589,8.03797260273973
"4098","PEL06",40.34023622,-4.3727338,1959,469.41,18.1667671232877,8.24868493150685
"4099","PEL06",40.34023622,-4.3727338,1960,495.52,18.1463387978142,8.30213114754098
"4100","PEL06",40.34023622,-4.3727338,1961,339.01,19.8201369863014,8.77706849315068
"4101","PEL06",40.34023622,-4.3727338,1962,405.11,18.7155068493151,8.1132602739726
"4102","PEL06",40.34023622,-4.3727338,1963,508.26,17.9505479452055,7.94575342465753
"4103","PEL06",40.34023622,-4.3727338,1964,292.58,19.0345628415301,8.3557650273224
"4104","PEL06",40.34023622,-4.3727338,1965,344.51,18.4084383561644,8.09490410958904
"4105","PEL06",40.34023622,-4.3727338,1966,436.5,18.6726849315069,8.10605479452055
"4106","PEL06",40.34023622,-4.3727338,1967,326.44,18.5224109589041,7.69147945205479
"4107","PEL06",40.34023622,-4.3727338,1968,293.77,18.6662568306011,8.15306010928962
"4108","PEL06",40.34023622,-4.3727338,1969,459.47,17.2458356164384,7.43224657534247
"4109","PEL06",40.34023622,-4.3727338,1970,250.53,18.6878630136986,7.68660273972603
"4110","PEL06",40.34023622,-4.3727338,1971,389.54,17.2727671232877,7.28128767123288
"4111","PEL06",40.34023622,-4.3727338,1972,497.48,16.8304644808743,7.4201912568306
"4112","PEL06",40.34023622,-4.3727338,1973,323.83,18.348,7.07671232876712
"4113","PEL06",40.34023622,-4.3727338,1974,321.57,18.0278630136986,7.26972602739726
"4114","PEL06",40.34023622,-4.3727338,1975,374.82,17.8257534246575,7.50630136986301
"4115","PEL06",40.34023622,-4.3727338,1976,448.66,17.8972131147541,7.6072131147541
"4116","PEL06",40.34023622,-4.3727338,1977,473.76,17.585397260274,7.99835616438356
"4117","PEL06",40.34023622,-4.3727338,1978,467.41,18.1907123287671,7.94104109589041
"4118","PEL06",40.34023622,-4.3727338,1979,418.97,18.2412876712329,8.2986301369863
"4119","PEL06",40.34023622,-4.3727338,1980,310.46,18.3908196721311,7.50639344262295
"4120","PEL06",40.34023622,-4.3727338,1981,360.77,19.3666575342466,8.07591780821918
"4121","PEL06",40.34023622,-4.3727338,1982,351.56,19.1811780821918,8.23531506849315
"4122","PEL06",40.34023622,-4.3727338,1983,285.87,19.3849315068493,7.44531506849315
"4123","PEL06",40.34023622,-4.3727338,1984,393.75,18.1624863387978,6.58945355191257
"4124","PEL06",40.34023622,-4.3727338,1985,291.88,19.7678356164384,7.3261095890411
"4125","PEL06",40.34023622,-4.3727338,1986,329.09,19.2139726027397,7.20169863013699
"4126","PEL06",40.34023622,-4.3727338,1987,477.42,19.5527945205479,8.14854794520548
"4127","PEL06",40.34023622,-4.3727338,1988,401.11,19.0060928961749,7.41054644808743
"4128","PEL06",40.34023622,-4.3727338,1989,506.86,20.2598356164384,8.68545205479452
"4129","PEL06",40.34023622,-4.3727338,1990,287.49,19.9147671232877,8.2701095890411
"4130","PEL06",40.34023622,-4.3727338,1991,288.79,19.2826849315069,7.41665753424658
"4131","PEL06",40.34023622,-4.3727338,1992,324.2,19.3962568306011,7.1529781420765
"4132","PEL06",40.34023622,-4.3727338,1993,371.36,18.2772328767123,6.67504109589041
"4133","PEL06",40.34023622,-4.3727338,1994,283.47,20.1911232876712,7.76994520547945
"4134","PEL06",40.34023622,-4.3727338,1995,298.05,20.7131780821918,8.8286301369863
"4135","PEL06",40.34023622,-4.3727338,1996,495.18,19.0933333333333,7.98292349726776
"4136","PEL06",40.34023622,-4.3727338,1997,611.06,20.2065205479452,9.07761643835616
"4137","PEL06",40.34023622,-4.3727338,1998,393.98,19.8127123287671,8.24046575342466
"4138","PEL06",40.34023622,-4.3727338,1999,331.17,19.7034794520548,8.12312328767123
"4139","PEL06",40.34023622,-4.3727338,2000,418.81,19.8415846994536,8.10232240437158
"4140","PEL06",40.34023622,-4.3727338,2001,360.84,19.7746301369863,8.57372602739726
"4141","PEL06",40.34023622,-4.3727338,2002,431.31,19.8373424657534,8.7387397260274
"4142","PEL06",40.34023622,-4.3727338,2003,435.24,20.4199452054795,9.028
"4143","PEL06",40.34023622,-4.3727338,2004,395.34,19.766174863388,8.1820218579235
"4144","PEL06",40.34023622,-4.3727338,2005,267.36,20.2793424657534,8.00279452054795
"4145","PEL06",40.34023622,-4.3727338,2006,395.83,20.6058630136986,9.26608219178082
"4146","PEL06",40.34023622,-4.3727338,2007,400.82,19.5786575342466,7.77967123287671
"4147","PEL06",40.34023622,-4.3727338,2008,464.5,19.4412021857923,8.10027322404372
"4148","PEL06",40.34023622,-4.3727338,2009,275.06,20.7873150684932,8.95279452054795
"4149","PEL06",40.34023622,-4.3727338,2010,492.53,19.3570684931507,8.44947945205479
"4150","PEL06",40.34023622,-4.3727338,2011,324.24,21.021397260274,9.11917808219178
"4151","PEL06",40.34023622,-4.3727338,2012,304.73,20.1061475409836,8.19978142076503
"4152","PEL06",40.34023622,-4.3727338,2013,356.91,19.4255890410959,7.89786301369863
"4153","PEL06",40.34023622,-4.3727338,2014,395.6,20.4381917808219,9.27841095890411
"4154","PEL06",40.34023622,-4.3727338,2015,246.84,21.251095890411,9.24172602739726
"4155","PEL06",40.34023622,-4.3727338,2016,435.59,20.4909289617486,9.1175956284153
"4156","PEL06",40.34023622,-4.3727338,2017,268.96,21.8696164383562,9.2447397260274
"4157","PEL06",40.34023622,-4.3727338,2018,487.62,19.9995890410959,8.82890410958904
"4158","PEL06",40.34023622,-4.3727338,2019,275.91,21.279397260274,9.05421917808219
"4159","PEL06",40.34023622,-4.3727338,2020,369.8,21.0152732240437,9.47355191256831
"4160","PEL06",40.34023622,-4.3727338,2021,379.19,20.5277534246575,9.02468493150685
"4161","PEL06",40.34023622,-4.3727338,2022,391.22,21.8725479452055,10.1950410958904
"4162","SAR05",42.83690855,-1.09123618,1950,901.9,15.7806575342466,5.9341095890411
"4163","SAR05",42.83690855,-1.09123618,1951,1036.05,14.297397260274,5.26117808219178
"4164","SAR05",42.83690855,-1.09123618,1952,898.06,15.3075136612022,6.01502732240437
"4165","SAR05",42.83690855,-1.09123618,1953,592.07,15.8935068493151,5.18241095890411
"4166","SAR05",42.83690855,-1.09123618,1954,772.08,14.8679178082192,4.61008219178082
"4167","SAR05",42.83690855,-1.09123618,1955,702.29,16.2458082191781,5.99331506849315
"4168","SAR05",42.83690855,-1.09123618,1956,667.4,14.1369672131148,4.09322404371585
"4169","SAR05",42.83690855,-1.09123618,1957,643.41,15.4940821917808,5.14134246575343
"4170","SAR05",42.83690855,-1.09123618,1958,803.83,15.7376438356164,4.72454794520548
"4171","SAR05",42.83690855,-1.09123618,1959,1082.48,15.8302465753425,4.68169863013699
"4172","SAR05",42.83690855,-1.09123618,1960,1103.56,15.3797540983607,4.01606557377049
"4173","SAR05",42.83690855,-1.09123618,1961,1007.6,17.3404931506849,4.29575342465753
"4174","SAR05",42.83690855,-1.09123618,1962,779.03,16.4024931506849,3.67961643835616
"4175","SAR05",42.83690855,-1.09123618,1963,1018.26,15.1271780821918,2.79572602739726
"4176","SAR05",42.83690855,-1.09123618,1964,763.84,16.5720765027322,3.6679781420765
"4177","SAR05",42.83690855,-1.09123618,1965,977.07,15.3861917808219,3.58602739726027
"4178","SAR05",42.83690855,-1.09123618,1966,1112.94,15.7426575342466,4.69167123287671
"4179","SAR05",42.83690855,-1.09123618,1967,840.93,16.1658356164384,4.25005479452055
"4180","SAR05",42.83690855,-1.09123618,1968,944.52,15.7249453551913,4.90562841530055
"4181","SAR05",42.83690855,-1.09123618,1969,1010.39,14.5891780821918,4.86594520547945
"4182","SAR05",42.83690855,-1.09123618,1970,725.46,15.8428493150685,4.62441095890411
"4183","SAR05",42.83690855,-1.09123618,1971,977.58,15.1306575342466,4.52808219178082
"4184","SAR05",42.83690855,-1.09123618,1972,1078.67,14.3362295081967,3.87158469945355
"4185","SAR05",42.83690855,-1.09123618,1973,756.2,15.7438630136986,4.53824657534247
"4186","SAR05",42.83690855,-1.09123618,1974,916.67,15.0591506849315,4.30405479452055
"4187","SAR05",42.83690855,-1.09123618,1975,871.4,15.4934520547945,4.28106849315069
"4188","SAR05",42.83690855,-1.09123618,1976,919.05,15.6820218579235,4.10144808743169
"4189","SAR05",42.83690855,-1.09123618,1977,920.67,15.2598356164384,4.23279452054795
"4190","SAR05",42.83690855,-1.09123618,1978,920.62,15.5025479452055,3.4987397260274
"4191","SAR05",42.83690855,-1.09123618,1979,1124.74,14.9692054794521,4.74772602739726
"4192","SAR05",42.83690855,-1.09123618,1980,870.27,15.5995355191257,4.14393442622951
"4193","SAR05",42.83690855,-1.09123618,1981,877.74,16.5789589041096,5.05350684931507
"4194","SAR05",42.83690855,-1.09123618,1982,958.58,16.1811780821918,5.61501369863014
"4195","SAR05",42.83690855,-1.09123618,1983,691.62,16.7424109589041,5.60591780821918
"4196","SAR05",42.83690855,-1.09123618,1984,1019.18,14.9986338797814,4.63196721311475
"4197","SAR05",42.83690855,-1.09123618,1985,704.57,16.2934794520548,4.94123287671233
"4198","SAR05",42.83690855,-1.09123618,1986,832.96,15.6473424657534,5.24772602739726
"4199","SAR05",42.83690855,-1.09123618,1987,798.77,16.093698630137,5.8007397260274
"4200","SAR05",42.83690855,-1.09123618,1988,902.24,15.9773770491803,5.72245901639344
"4201","SAR05",42.83690855,-1.09123618,1989,700.86,17.1386301369863,6.57860273972603
"4202","SAR05",42.83690855,-1.09123618,1990,791.16,16.9572054794521,6.06117808219178
"4203","SAR05",42.83690855,-1.09123618,1991,738.36,15.6226849315068,5.54334246575342
"4204","SAR05",42.83690855,-1.09123618,1992,948.97,15.6043715846995,5.53445355191257
"4205","SAR05",42.83690855,-1.09123618,1993,872.79,15.7049863013699,5.05241095890411
"4206","SAR05",42.83690855,-1.09123618,1994,809.01,16.9462465753425,6.24331506849315
"4207","SAR05",42.83690855,-1.09123618,1995,758.52,16.9082465753425,6.18339726027397
"4208","SAR05",42.83690855,-1.09123618,1996,1012.36,15.2717213114754,5.93937158469945
"4209","SAR05",42.83690855,-1.09123618,1997,971.44,16.8738082191781,7.17704109589041
"4210","SAR05",42.83690855,-1.09123618,1998,856.04,15.8138356164384,6.17413698630137
"4211","SAR05",42.83690855,-1.09123618,1999,941.38,15.1403561643836,6.29372602739726
"4212","SAR05",42.83690855,-1.09123618,2000,1037.06,16.1301912568306,6.28439890710383
"4213","SAR05",42.83690855,-1.09123618,2001,804.21,15.8926849315068,6.36597260273973
"4214","SAR05",42.83690855,-1.09123618,2002,1337.42,15.2335890410959,6.93569863013699
"4215","SAR05",42.83690855,-1.09123618,2003,1082.46,15.9295890410959,7.39098630136986
"4216","SAR05",42.83690855,-1.09123618,2004,846.29,15.81,5.87213114754098
"4217","SAR05",42.83690855,-1.09123618,2005,1042.94,14.8805205479452,6.08309589041096
"4218","SAR05",42.83690855,-1.09123618,2006,934.8,16.2636164383562,7.32249315068493
"4219","SAR05",42.83690855,-1.09123618,2007,1153.68,15.4346301369863,5.93783561643836
"4220","SAR05",42.83690855,-1.09123618,2008,1445.62,14.7393989071038,5.9957650273224
"4221","SAR05",42.83690855,-1.09123618,2009,1343.61,15.6366301369863,6.67350684931507
"4222","SAR05",42.83690855,-1.09123618,2010,1215.43,14.0178630136986,5.73731506849315
"4223","SAR05",42.83690855,-1.09123618,2011,1179.36,16.469397260274,7.50553424657534
"4224","SAR05",42.83690855,-1.09123618,2012,1234.57,15.8047267759563,6.69210382513661
"4225","SAR05",42.83690855,-1.09123618,2013,1748.53,14.4459178082192,6.35334246575342
"4226","SAR05",42.83690855,-1.09123618,2014,1649.59,15.6428219178082,7.28356164383562
"4227","SAR05",42.83690855,-1.09123618,2015,1366.97,16.3755616438356,7.14764383561644
"4228","SAR05",42.83690855,-1.09123618,2016,1191.32,15.4984153005464,6.83748633879781
"4229","SAR05",42.83690855,-1.09123618,2017,1296.62,16.4146575342466,6.84145205479452
"4230","SAR05",42.83690855,-1.09123618,2018,1570.44,15.3878904109589,7.11123287671233
"4231","SAR05",42.83690855,-1.09123618,2019,1487.55,16.1779452054795,6.78643835616438
"4232","SAR05",42.83690855,-1.09123618,2020,1220.47,16.6841530054645,7.30292349726776
"4233","SAR05",42.83690855,-1.09123618,2021,744.85,16.3585205479452,6.50676712328767
"4234","SAR05",42.83690855,-1.09123618,2022,545.3,18.6150410958904,7.88983561643836
"4235","SAR04",42.8361054,-1.09140561,1950,901.9,15.7806575342466,5.9341095890411
"4236","SAR04",42.8361054,-1.09140561,1951,1036.05,14.297397260274,5.26117808219178
"4237","SAR04",42.8361054,-1.09140561,1952,898.06,15.3075136612022,6.01502732240437
"4238","SAR04",42.8361054,-1.09140561,1953,592.07,15.8935068493151,5.18241095890411
"4239","SAR04",42.8361054,-1.09140561,1954,772.08,14.8679178082192,4.61008219178082
"4240","SAR04",42.8361054,-1.09140561,1955,702.29,16.2458082191781,5.99331506849315
"4241","SAR04",42.8361054,-1.09140561,1956,667.4,14.1369672131148,4.09322404371585
"4242","SAR04",42.8361054,-1.09140561,1957,643.41,15.4940821917808,5.14134246575343
"4243","SAR04",42.8361054,-1.09140561,1958,803.83,15.7376438356164,4.72454794520548
"4244","SAR04",42.8361054,-1.09140561,1959,1082.48,15.8302465753425,4.68169863013699
"4245","SAR04",42.8361054,-1.09140561,1960,1103.56,15.3797540983607,4.01606557377049
"4246","SAR04",42.8361054,-1.09140561,1961,1007.6,17.3404931506849,4.29575342465753
"4247","SAR04",42.8361054,-1.09140561,1962,779.03,16.4024931506849,3.67961643835616
"4248","SAR04",42.8361054,-1.09140561,1963,1018.26,15.1271780821918,2.79572602739726
"4249","SAR04",42.8361054,-1.09140561,1964,763.84,16.5720765027322,3.6679781420765
"4250","SAR04",42.8361054,-1.09140561,1965,977.07,15.3861917808219,3.58602739726027
"4251","SAR04",42.8361054,-1.09140561,1966,1112.94,15.7426575342466,4.69167123287671
"4252","SAR04",42.8361054,-1.09140561,1967,840.93,16.1658356164384,4.25005479452055
"4253","SAR04",42.8361054,-1.09140561,1968,944.52,15.7249453551913,4.90562841530055
"4254","SAR04",42.8361054,-1.09140561,1969,1010.39,14.5891780821918,4.86594520547945
"4255","SAR04",42.8361054,-1.09140561,1970,725.46,15.8428493150685,4.62441095890411
"4256","SAR04",42.8361054,-1.09140561,1971,977.58,15.1306575342466,4.52808219178082
"4257","SAR04",42.8361054,-1.09140561,1972,1078.67,14.3362295081967,3.87158469945355
"4258","SAR04",42.8361054,-1.09140561,1973,756.2,15.7438630136986,4.53824657534247
"4259","SAR04",42.8361054,-1.09140561,1974,916.67,15.0591506849315,4.30405479452055
"4260","SAR04",42.8361054,-1.09140561,1975,871.4,15.4934520547945,4.28106849315069
"4261","SAR04",42.8361054,-1.09140561,1976,919.05,15.6820218579235,4.10144808743169
"4262","SAR04",42.8361054,-1.09140561,1977,920.67,15.2598356164384,4.23279452054795
"4263","SAR04",42.8361054,-1.09140561,1978,920.62,15.5025479452055,3.4987397260274
"4264","SAR04",42.8361054,-1.09140561,1979,1124.74,14.9692054794521,4.74772602739726
"4265","SAR04",42.8361054,-1.09140561,1980,870.27,15.5995355191257,4.14393442622951
"4266","SAR04",42.8361054,-1.09140561,1981,877.74,16.5789589041096,5.05350684931507
"4267","SAR04",42.8361054,-1.09140561,1982,958.58,16.1811780821918,5.61501369863014
"4268","SAR04",42.8361054,-1.09140561,1983,691.62,16.7424109589041,5.60591780821918
"4269","SAR04",42.8361054,-1.09140561,1984,1019.18,14.9986338797814,4.63196721311475
"4270","SAR04",42.8361054,-1.09140561,1985,704.57,16.2934794520548,4.94123287671233
"4271","SAR04",42.8361054,-1.09140561,1986,832.96,15.6473424657534,5.24772602739726
"4272","SAR04",42.8361054,-1.09140561,1987,798.77,16.093698630137,5.8007397260274
"4273","SAR04",42.8361054,-1.09140561,1988,902.24,15.9773770491803,5.72245901639344
"4274","SAR04",42.8361054,-1.09140561,1989,700.86,17.1386301369863,6.57860273972603
"4275","SAR04",42.8361054,-1.09140561,1990,791.16,16.9572054794521,6.06117808219178
"4276","SAR04",42.8361054,-1.09140561,1991,738.36,15.6226849315068,5.54334246575342
"4277","SAR04",42.8361054,-1.09140561,1992,948.97,15.6043715846995,5.53445355191257
"4278","SAR04",42.8361054,-1.09140561,1993,872.79,15.7049863013699,5.05241095890411
"4279","SAR04",42.8361054,-1.09140561,1994,809.01,16.9462465753425,6.24331506849315
"4280","SAR04",42.8361054,-1.09140561,1995,758.52,16.9082465753425,6.18339726027397
"4281","SAR04",42.8361054,-1.09140561,1996,1012.36,15.2717213114754,5.93937158469945
"4282","SAR04",42.8361054,-1.09140561,1997,971.44,16.8738082191781,7.17704109589041
"4283","SAR04",42.8361054,-1.09140561,1998,856.04,15.8138356164384,6.17413698630137
"4284","SAR04",42.8361054,-1.09140561,1999,941.38,15.1403561643836,6.29372602739726
"4285","SAR04",42.8361054,-1.09140561,2000,1037.06,16.1301912568306,6.28439890710383
"4286","SAR04",42.8361054,-1.09140561,2001,804.21,15.8926849315068,6.36597260273973
"4287","SAR04",42.8361054,-1.09140561,2002,1337.42,15.2335890410959,6.93569863013699
"4288","SAR04",42.8361054,-1.09140561,2003,1082.46,15.9295890410959,7.39098630136986
"4289","SAR04",42.8361054,-1.09140561,2004,846.29,15.81,5.87213114754098
"4290","SAR04",42.8361054,-1.09140561,2005,1042.94,14.8805205479452,6.08309589041096
"4291","SAR04",42.8361054,-1.09140561,2006,934.8,16.2636164383562,7.32249315068493
"4292","SAR04",42.8361054,-1.09140561,2007,1153.68,15.4346301369863,5.93783561643836
"4293","SAR04",42.8361054,-1.09140561,2008,1445.62,14.7393989071038,5.9957650273224
"4294","SAR04",42.8361054,-1.09140561,2009,1343.61,15.6366301369863,6.67350684931507
"4295","SAR04",42.8361054,-1.09140561,2010,1215.43,14.0178630136986,5.73731506849315
"4296","SAR04",42.8361054,-1.09140561,2011,1179.36,16.469397260274,7.50553424657534
"4297","SAR04",42.8361054,-1.09140561,2012,1234.57,15.8047267759563,6.69210382513661
"4298","SAR04",42.8361054,-1.09140561,2013,1748.53,14.4459178082192,6.35334246575342
"4299","SAR04",42.8361054,-1.09140561,2014,1649.59,15.6428219178082,7.28356164383562
"4300","SAR04",42.8361054,-1.09140561,2015,1366.97,16.3755616438356,7.14764383561644
"4301","SAR04",42.8361054,-1.09140561,2016,1191.32,15.4984153005464,6.83748633879781
"4302","SAR04",42.8361054,-1.09140561,2017,1296.62,16.4146575342466,6.84145205479452
"4303","SAR04",42.8361054,-1.09140561,2018,1570.44,15.3878904109589,7.11123287671233
"4304","SAR04",42.8361054,-1.09140561,2019,1487.55,16.1779452054795,6.78643835616438
"4305","SAR04",42.8361054,-1.09140561,2020,1220.47,16.6841530054645,7.30292349726776
"4306","SAR04",42.8361054,-1.09140561,2021,744.85,16.3585205479452,6.50676712328767
"4307","SAR04",42.8361054,-1.09140561,2022,545.3,18.6150410958904,7.88983561643836
"4308","SAR03",42.83610612,-1.09038664,1950,901.9,15.7806575342466,5.9341095890411
"4309","SAR03",42.83610612,-1.09038664,1951,1036.05,14.297397260274,5.26117808219178
"4310","SAR03",42.83610612,-1.09038664,1952,898.06,15.3075136612022,6.01502732240437
"4311","SAR03",42.83610612,-1.09038664,1953,592.07,15.8935068493151,5.18241095890411
"4312","SAR03",42.83610612,-1.09038664,1954,772.08,14.8679178082192,4.61008219178082
"4313","SAR03",42.83610612,-1.09038664,1955,702.29,16.2458082191781,5.99331506849315
"4314","SAR03",42.83610612,-1.09038664,1956,667.4,14.1369672131148,4.09322404371585
"4315","SAR03",42.83610612,-1.09038664,1957,643.41,15.4940821917808,5.14134246575343
"4316","SAR03",42.83610612,-1.09038664,1958,803.83,15.7376438356164,4.72454794520548
"4317","SAR03",42.83610612,-1.09038664,1959,1082.48,15.8302465753425,4.68169863013699
"4318","SAR03",42.83610612,-1.09038664,1960,1103.56,15.3797540983607,4.01606557377049
"4319","SAR03",42.83610612,-1.09038664,1961,1007.6,17.3404931506849,4.29575342465753
"4320","SAR03",42.83610612,-1.09038664,1962,779.03,16.4024931506849,3.67961643835616
"4321","SAR03",42.83610612,-1.09038664,1963,1018.26,15.1271780821918,2.79572602739726
"4322","SAR03",42.83610612,-1.09038664,1964,763.84,16.5720765027322,3.6679781420765
"4323","SAR03",42.83610612,-1.09038664,1965,977.07,15.3861917808219,3.58602739726027
"4324","SAR03",42.83610612,-1.09038664,1966,1112.94,15.7426575342466,4.69167123287671
"4325","SAR03",42.83610612,-1.09038664,1967,840.93,16.1658356164384,4.25005479452055
"4326","SAR03",42.83610612,-1.09038664,1968,944.52,15.7249453551913,4.90562841530055
"4327","SAR03",42.83610612,-1.09038664,1969,1010.39,14.5891780821918,4.86594520547945
"4328","SAR03",42.83610612,-1.09038664,1970,725.46,15.8428493150685,4.62441095890411
"4329","SAR03",42.83610612,-1.09038664,1971,977.58,15.1306575342466,4.52808219178082
"4330","SAR03",42.83610612,-1.09038664,1972,1078.67,14.3362295081967,3.87158469945355
"4331","SAR03",42.83610612,-1.09038664,1973,756.2,15.7438630136986,4.53824657534247
"4332","SAR03",42.83610612,-1.09038664,1974,916.67,15.0591506849315,4.30405479452055
"4333","SAR03",42.83610612,-1.09038664,1975,871.4,15.4934520547945,4.28106849315069
"4334","SAR03",42.83610612,-1.09038664,1976,919.05,15.6820218579235,4.10144808743169
"4335","SAR03",42.83610612,-1.09038664,1977,920.67,15.2598356164384,4.23279452054795
"4336","SAR03",42.83610612,-1.09038664,1978,920.62,15.5025479452055,3.4987397260274
"4337","SAR03",42.83610612,-1.09038664,1979,1124.74,14.9692054794521,4.74772602739726
"4338","SAR03",42.83610612,-1.09038664,1980,870.27,15.5995355191257,4.14393442622951
"4339","SAR03",42.83610612,-1.09038664,1981,877.74,16.5789589041096,5.05350684931507
"4340","SAR03",42.83610612,-1.09038664,1982,958.58,16.1811780821918,5.61501369863014
"4341","SAR03",42.83610612,-1.09038664,1983,691.62,16.7424109589041,5.60591780821918
"4342","SAR03",42.83610612,-1.09038664,1984,1019.18,14.9986338797814,4.63196721311475
"4343","SAR03",42.83610612,-1.09038664,1985,704.57,16.2934794520548,4.94123287671233
"4344","SAR03",42.83610612,-1.09038664,1986,832.96,15.6473424657534,5.24772602739726
"4345","SAR03",42.83610612,-1.09038664,1987,798.77,16.093698630137,5.8007397260274
"4346","SAR03",42.83610612,-1.09038664,1988,902.24,15.9773770491803,5.72245901639344
"4347","SAR03",42.83610612,-1.09038664,1989,700.86,17.1386301369863,6.57860273972603
"4348","SAR03",42.83610612,-1.09038664,1990,791.16,16.9572054794521,6.06117808219178
"4349","SAR03",42.83610612,-1.09038664,1991,738.36,15.6226849315068,5.54334246575342
"4350","SAR03",42.83610612,-1.09038664,1992,948.97,15.6043715846995,5.53445355191257
"4351","SAR03",42.83610612,-1.09038664,1993,872.79,15.7049863013699,5.05241095890411
"4352","SAR03",42.83610612,-1.09038664,1994,809.01,16.9462465753425,6.24331506849315
"4353","SAR03",42.83610612,-1.09038664,1995,758.52,16.9082465753425,6.18339726027397
"4354","SAR03",42.83610612,-1.09038664,1996,1012.36,15.2717213114754,5.93937158469945
"4355","SAR03",42.83610612,-1.09038664,1997,971.44,16.8738082191781,7.17704109589041
"4356","SAR03",42.83610612,-1.09038664,1998,856.04,15.8138356164384,6.17413698630137
"4357","SAR03",42.83610612,-1.09038664,1999,941.38,15.1403561643836,6.29372602739726
"4358","SAR03",42.83610612,-1.09038664,2000,1037.06,16.1301912568306,6.28439890710383
"4359","SAR03",42.83610612,-1.09038664,2001,804.21,15.8926849315068,6.36597260273973
"4360","SAR03",42.83610612,-1.09038664,2002,1337.42,15.2335890410959,6.93569863013699
"4361","SAR03",42.83610612,-1.09038664,2003,1082.46,15.9295890410959,7.39098630136986
"4362","SAR03",42.83610612,-1.09038664,2004,846.29,15.81,5.87213114754098
"4363","SAR03",42.83610612,-1.09038664,2005,1042.94,14.8805205479452,6.08309589041096
"4364","SAR03",42.83610612,-1.09038664,2006,934.8,16.2636164383562,7.32249315068493
"4365","SAR03",42.83610612,-1.09038664,2007,1153.68,15.4346301369863,5.93783561643836
"4366","SAR03",42.83610612,-1.09038664,2008,1445.62,14.7393989071038,5.9957650273224
"4367","SAR03",42.83610612,-1.09038664,2009,1343.61,15.6366301369863,6.67350684931507
"4368","SAR03",42.83610612,-1.09038664,2010,1215.43,14.0178630136986,5.73731506849315
"4369","SAR03",42.83610612,-1.09038664,2011,1179.36,16.469397260274,7.50553424657534
"4370","SAR03",42.83610612,-1.09038664,2012,1234.57,15.8047267759563,6.69210382513661
"4371","SAR03",42.83610612,-1.09038664,2013,1748.53,14.4459178082192,6.35334246575342
"4372","SAR03",42.83610612,-1.09038664,2014,1649.59,15.6428219178082,7.28356164383562
"4373","SAR03",42.83610612,-1.09038664,2015,1366.97,16.3755616438356,7.14764383561644
"4374","SAR03",42.83610612,-1.09038664,2016,1191.32,15.4984153005464,6.83748633879781
"4375","SAR03",42.83610612,-1.09038664,2017,1296.62,16.4146575342466,6.84145205479452
"4376","SAR03",42.83610612,-1.09038664,2018,1570.44,15.3878904109589,7.11123287671233
"4377","SAR03",42.83610612,-1.09038664,2019,1487.55,16.1779452054795,6.78643835616438
"4378","SAR03",42.83610612,-1.09038664,2020,1220.47,16.6841530054645,7.30292349726776
"4379","SAR03",42.83610612,-1.09038664,2021,744.85,16.3585205479452,6.50676712328767
"4380","SAR03",42.83610612,-1.09038664,2022,545.3,18.6150410958904,7.88983561643836
"4381","SAR02",42.83641981,-1.08840499,1950,901.9,15.7806575342466,5.9341095890411
"4382","SAR02",42.83641981,-1.08840499,1951,1036.05,14.297397260274,5.26117808219178
"4383","SAR02",42.83641981,-1.08840499,1952,898.06,15.3075136612022,6.01502732240437
"4384","SAR02",42.83641981,-1.08840499,1953,592.07,15.8935068493151,5.18241095890411
"4385","SAR02",42.83641981,-1.08840499,1954,772.08,14.8679178082192,4.61008219178082
"4386","SAR02",42.83641981,-1.08840499,1955,702.29,16.2458082191781,5.99331506849315
"4387","SAR02",42.83641981,-1.08840499,1956,667.4,14.1369672131148,4.09322404371585
"4388","SAR02",42.83641981,-1.08840499,1957,643.41,15.4940821917808,5.14134246575343
"4389","SAR02",42.83641981,-1.08840499,1958,803.83,15.7376438356164,4.72454794520548
"4390","SAR02",42.83641981,-1.08840499,1959,1082.48,15.8302465753425,4.68169863013699
"4391","SAR02",42.83641981,-1.08840499,1960,1103.56,15.3797540983607,4.01606557377049
"4392","SAR02",42.83641981,-1.08840499,1961,1007.6,17.3404931506849,4.29575342465753
"4393","SAR02",42.83641981,-1.08840499,1962,779.03,16.4024931506849,3.67961643835616
"4394","SAR02",42.83641981,-1.08840499,1963,1018.26,15.1271780821918,2.79572602739726
"4395","SAR02",42.83641981,-1.08840499,1964,763.84,16.5720765027322,3.6679781420765
"4396","SAR02",42.83641981,-1.08840499,1965,977.07,15.3861917808219,3.58602739726027
"4397","SAR02",42.83641981,-1.08840499,1966,1112.94,15.7426575342466,4.69167123287671
"4398","SAR02",42.83641981,-1.08840499,1967,840.93,16.1658356164384,4.25005479452055
"4399","SAR02",42.83641981,-1.08840499,1968,944.52,15.7249453551913,4.90562841530055
"4400","SAR02",42.83641981,-1.08840499,1969,1010.39,14.5891780821918,4.86594520547945
"4401","SAR02",42.83641981,-1.08840499,1970,725.46,15.8428493150685,4.62441095890411
"4402","SAR02",42.83641981,-1.08840499,1971,977.58,15.1306575342466,4.52808219178082
"4403","SAR02",42.83641981,-1.08840499,1972,1078.67,14.3362295081967,3.87158469945355
"4404","SAR02",42.83641981,-1.08840499,1973,756.2,15.7438630136986,4.53824657534247
"4405","SAR02",42.83641981,-1.08840499,1974,916.67,15.0591506849315,4.30405479452055
"4406","SAR02",42.83641981,-1.08840499,1975,871.4,15.4934520547945,4.28106849315069
"4407","SAR02",42.83641981,-1.08840499,1976,919.05,15.6820218579235,4.10144808743169
"4408","SAR02",42.83641981,-1.08840499,1977,920.67,15.2598356164384,4.23279452054795
"4409","SAR02",42.83641981,-1.08840499,1978,920.62,15.5025479452055,3.4987397260274
"4410","SAR02",42.83641981,-1.08840499,1979,1124.74,14.9692054794521,4.74772602739726
"4411","SAR02",42.83641981,-1.08840499,1980,870.27,15.5995355191257,4.14393442622951
"4412","SAR02",42.83641981,-1.08840499,1981,877.74,16.5789589041096,5.05350684931507
"4413","SAR02",42.83641981,-1.08840499,1982,958.58,16.1811780821918,5.61501369863014
"4414","SAR02",42.83641981,-1.08840499,1983,691.62,16.7424109589041,5.60591780821918
"4415","SAR02",42.83641981,-1.08840499,1984,1019.18,14.9986338797814,4.63196721311475
"4416","SAR02",42.83641981,-1.08840499,1985,704.57,16.2934794520548,4.94123287671233
"4417","SAR02",42.83641981,-1.08840499,1986,832.96,15.6473424657534,5.24772602739726
"4418","SAR02",42.83641981,-1.08840499,1987,798.77,16.093698630137,5.8007397260274
"4419","SAR02",42.83641981,-1.08840499,1988,902.24,15.9773770491803,5.72245901639344
"4420","SAR02",42.83641981,-1.08840499,1989,700.86,17.1386301369863,6.57860273972603
"4421","SAR02",42.83641981,-1.08840499,1990,791.16,16.9572054794521,6.06117808219178
"4422","SAR02",42.83641981,-1.08840499,1991,738.36,15.6226849315068,5.54334246575342
"4423","SAR02",42.83641981,-1.08840499,1992,948.97,15.6043715846995,5.53445355191257
"4424","SAR02",42.83641981,-1.08840499,1993,872.79,15.7049863013699,5.05241095890411
"4425","SAR02",42.83641981,-1.08840499,1994,809.01,16.9462465753425,6.24331506849315
"4426","SAR02",42.83641981,-1.08840499,1995,758.52,16.9082465753425,6.18339726027397
"4427","SAR02",42.83641981,-1.08840499,1996,1012.36,15.2717213114754,5.93937158469945
"4428","SAR02",42.83641981,-1.08840499,1997,971.44,16.8738082191781,7.17704109589041
"4429","SAR02",42.83641981,-1.08840499,1998,856.04,15.8138356164384,6.17413698630137
"4430","SAR02",42.83641981,-1.08840499,1999,941.38,15.1403561643836,6.29372602739726
"4431","SAR02",42.83641981,-1.08840499,2000,1037.06,16.1301912568306,6.28439890710383
"4432","SAR02",42.83641981,-1.08840499,2001,804.21,15.8926849315068,6.36597260273973
"4433","SAR02",42.83641981,-1.08840499,2002,1337.42,15.2335890410959,6.93569863013699
"4434","SAR02",42.83641981,-1.08840499,2003,1082.46,15.9295890410959,7.39098630136986
"4435","SAR02",42.83641981,-1.08840499,2004,846.29,15.81,5.87213114754098
"4436","SAR02",42.83641981,-1.08840499,2005,1042.94,14.8805205479452,6.08309589041096
"4437","SAR02",42.83641981,-1.08840499,2006,934.8,16.2636164383562,7.32249315068493
"4438","SAR02",42.83641981,-1.08840499,2007,1153.68,15.4346301369863,5.93783561643836
"4439","SAR02",42.83641981,-1.08840499,2008,1445.62,14.7393989071038,5.9957650273224
"4440","SAR02",42.83641981,-1.08840499,2009,1343.61,15.6366301369863,6.67350684931507
"4441","SAR02",42.83641981,-1.08840499,2010,1215.43,14.0178630136986,5.73731506849315
"4442","SAR02",42.83641981,-1.08840499,2011,1179.36,16.469397260274,7.50553424657534
"4443","SAR02",42.83641981,-1.08840499,2012,1234.57,15.8047267759563,6.69210382513661
"4444","SAR02",42.83641981,-1.08840499,2013,1748.53,14.4459178082192,6.35334246575342
"4445","SAR02",42.83641981,-1.08840499,2014,1649.59,15.6428219178082,7.28356164383562
"4446","SAR02",42.83641981,-1.08840499,2015,1366.97,16.3755616438356,7.14764383561644
"4447","SAR02",42.83641981,-1.08840499,2016,1191.32,15.4984153005464,6.83748633879781
"4448","SAR02",42.83641981,-1.08840499,2017,1296.62,16.4146575342466,6.84145205479452
"4449","SAR02",42.83641981,-1.08840499,2018,1570.44,15.3878904109589,7.11123287671233
"4450","SAR02",42.83641981,-1.08840499,2019,1487.55,16.1779452054795,6.78643835616438
"4451","SAR02",42.83641981,-1.08840499,2020,1220.47,16.6841530054645,7.30292349726776
"4452","SAR02",42.83641981,-1.08840499,2021,744.85,16.3585205479452,6.50676712328767
"4453","SAR02",42.83641981,-1.08840499,2022,545.3,18.6150410958904,7.88983561643836
"4454","SAR06",42.83718355,-1.0893803,1950,901.9,15.7806575342466,5.9341095890411
"4455","SAR06",42.83718355,-1.0893803,1951,1036.05,14.297397260274,5.26117808219178
"4456","SAR06",42.83718355,-1.0893803,1952,898.06,15.3075136612022,6.01502732240437
"4457","SAR06",42.83718355,-1.0893803,1953,592.07,15.8935068493151,5.18241095890411
"4458","SAR06",42.83718355,-1.0893803,1954,772.08,14.8679178082192,4.61008219178082
"4459","SAR06",42.83718355,-1.0893803,1955,702.29,16.2458082191781,5.99331506849315
"4460","SAR06",42.83718355,-1.0893803,1956,667.4,14.1369672131148,4.09322404371585
"4461","SAR06",42.83718355,-1.0893803,1957,643.41,15.4940821917808,5.14134246575343
"4462","SAR06",42.83718355,-1.0893803,1958,803.83,15.7376438356164,4.72454794520548
"4463","SAR06",42.83718355,-1.0893803,1959,1082.48,15.8302465753425,4.68169863013699
"4464","SAR06",42.83718355,-1.0893803,1960,1103.56,15.3797540983607,4.01606557377049
"4465","SAR06",42.83718355,-1.0893803,1961,1007.6,17.3404931506849,4.29575342465753
"4466","SAR06",42.83718355,-1.0893803,1962,779.03,16.4024931506849,3.67961643835616
"4467","SAR06",42.83718355,-1.0893803,1963,1018.26,15.1271780821918,2.79572602739726
"4468","SAR06",42.83718355,-1.0893803,1964,763.84,16.5720765027322,3.6679781420765
"4469","SAR06",42.83718355,-1.0893803,1965,977.07,15.3861917808219,3.58602739726027
"4470","SAR06",42.83718355,-1.0893803,1966,1112.94,15.7426575342466,4.69167123287671
"4471","SAR06",42.83718355,-1.0893803,1967,840.93,16.1658356164384,4.25005479452055
"4472","SAR06",42.83718355,-1.0893803,1968,944.52,15.7249453551913,4.90562841530055
"4473","SAR06",42.83718355,-1.0893803,1969,1010.39,14.5891780821918,4.86594520547945
"4474","SAR06",42.83718355,-1.0893803,1970,725.46,15.8428493150685,4.62441095890411
"4475","SAR06",42.83718355,-1.0893803,1971,977.58,15.1306575342466,4.52808219178082
"4476","SAR06",42.83718355,-1.0893803,1972,1078.67,14.3362295081967,3.87158469945355
"4477","SAR06",42.83718355,-1.0893803,1973,756.2,15.7438630136986,4.53824657534247
"4478","SAR06",42.83718355,-1.0893803,1974,916.67,15.0591506849315,4.30405479452055
"4479","SAR06",42.83718355,-1.0893803,1975,871.4,15.4934520547945,4.28106849315069
"4480","SAR06",42.83718355,-1.0893803,1976,919.05,15.6820218579235,4.10144808743169
"4481","SAR06",42.83718355,-1.0893803,1977,920.67,15.2598356164384,4.23279452054795
"4482","SAR06",42.83718355,-1.0893803,1978,920.62,15.5025479452055,3.4987397260274
"4483","SAR06",42.83718355,-1.0893803,1979,1124.74,14.9692054794521,4.74772602739726
"4484","SAR06",42.83718355,-1.0893803,1980,870.27,15.5995355191257,4.14393442622951
"4485","SAR06",42.83718355,-1.0893803,1981,877.74,16.5789589041096,5.05350684931507
"4486","SAR06",42.83718355,-1.0893803,1982,958.58,16.1811780821918,5.61501369863014
"4487","SAR06",42.83718355,-1.0893803,1983,691.62,16.7424109589041,5.60591780821918
"4488","SAR06",42.83718355,-1.0893803,1984,1019.18,14.9986338797814,4.63196721311475
"4489","SAR06",42.83718355,-1.0893803,1985,704.57,16.2934794520548,4.94123287671233
"4490","SAR06",42.83718355,-1.0893803,1986,832.96,15.6473424657534,5.24772602739726
"4491","SAR06",42.83718355,-1.0893803,1987,798.77,16.093698630137,5.8007397260274
"4492","SAR06",42.83718355,-1.0893803,1988,902.24,15.9773770491803,5.72245901639344
"4493","SAR06",42.83718355,-1.0893803,1989,700.86,17.1386301369863,6.57860273972603
"4494","SAR06",42.83718355,-1.0893803,1990,791.16,16.9572054794521,6.06117808219178
"4495","SAR06",42.83718355,-1.0893803,1991,738.36,15.6226849315068,5.54334246575342
"4496","SAR06",42.83718355,-1.0893803,1992,948.97,15.6043715846995,5.53445355191257
"4497","SAR06",42.83718355,-1.0893803,1993,872.79,15.7049863013699,5.05241095890411
"4498","SAR06",42.83718355,-1.0893803,1994,809.01,16.9462465753425,6.24331506849315
"4499","SAR06",42.83718355,-1.0893803,1995,758.52,16.9082465753425,6.18339726027397
"4500","SAR06",42.83718355,-1.0893803,1996,1012.36,15.2717213114754,5.93937158469945
"4501","SAR06",42.83718355,-1.0893803,1997,971.44,16.8738082191781,7.17704109589041
"4502","SAR06",42.83718355,-1.0893803,1998,856.04,15.8138356164384,6.17413698630137
"4503","SAR06",42.83718355,-1.0893803,1999,941.38,15.1403561643836,6.29372602739726
"4504","SAR06",42.83718355,-1.0893803,2000,1037.06,16.1301912568306,6.28439890710383
"4505","SAR06",42.83718355,-1.0893803,2001,804.21,15.8926849315068,6.36597260273973
"4506","SAR06",42.83718355,-1.0893803,2002,1337.42,15.2335890410959,6.93569863013699
"4507","SAR06",42.83718355,-1.0893803,2003,1082.46,15.9295890410959,7.39098630136986
"4508","SAR06",42.83718355,-1.0893803,2004,846.29,15.81,5.87213114754098
"4509","SAR06",42.83718355,-1.0893803,2005,1042.94,14.8805205479452,6.08309589041096
"4510","SAR06",42.83718355,-1.0893803,2006,934.8,16.2636164383562,7.32249315068493
"4511","SAR06",42.83718355,-1.0893803,2007,1153.68,15.4346301369863,5.93783561643836
"4512","SAR06",42.83718355,-1.0893803,2008,1445.62,14.7393989071038,5.9957650273224
"4513","SAR06",42.83718355,-1.0893803,2009,1343.61,15.6366301369863,6.67350684931507
"4514","SAR06",42.83718355,-1.0893803,2010,1215.43,14.0178630136986,5.73731506849315
"4515","SAR06",42.83718355,-1.0893803,2011,1179.36,16.469397260274,7.50553424657534
"4516","SAR06",42.83718355,-1.0893803,2012,1234.57,15.8047267759563,6.69210382513661
"4517","SAR06",42.83718355,-1.0893803,2013,1748.53,14.4459178082192,6.35334246575342
"4518","SAR06",42.83718355,-1.0893803,2014,1649.59,15.6428219178082,7.28356164383562
"4519","SAR06",42.83718355,-1.0893803,2015,1366.97,16.3755616438356,7.14764383561644
"4520","SAR06",42.83718355,-1.0893803,2016,1191.32,15.4984153005464,6.83748633879781
"4521","SAR06",42.83718355,-1.0893803,2017,1296.62,16.4146575342466,6.84145205479452
"4522","SAR06",42.83718355,-1.0893803,2018,1570.44,15.3878904109589,7.11123287671233
"4523","SAR06",42.83718355,-1.0893803,2019,1487.55,16.1779452054795,6.78643835616438
"4524","SAR06",42.83718355,-1.0893803,2020,1220.47,16.6841530054645,7.30292349726776
"4525","SAR06",42.83718355,-1.0893803,2021,744.85,16.3585205479452,6.50676712328767
"4526","SAR06",42.83718355,-1.0893803,2022,545.3,18.6150410958904,7.88983561643836
"4527","SAR01",42.83559531,-1.08480748,1950,901.9,15.7806575342466,5.9341095890411
"4528","SAR01",42.83559531,-1.08480748,1951,1036.05,14.297397260274,5.26117808219178
"4529","SAR01",42.83559531,-1.08480748,1952,898.06,15.3075136612022,6.01502732240437
"4530","SAR01",42.83559531,-1.08480748,1953,592.07,15.8935068493151,5.18241095890411
"4531","SAR01",42.83559531,-1.08480748,1954,772.08,14.8679178082192,4.61008219178082
"4532","SAR01",42.83559531,-1.08480748,1955,702.29,16.2458082191781,5.99331506849315
"4533","SAR01",42.83559531,-1.08480748,1956,667.4,14.1369672131148,4.09322404371585
"4534","SAR01",42.83559531,-1.08480748,1957,643.41,15.4940821917808,5.14134246575343
"4535","SAR01",42.83559531,-1.08480748,1958,803.83,15.7376438356164,4.72454794520548
"4536","SAR01",42.83559531,-1.08480748,1959,1082.48,15.8302465753425,4.68169863013699
"4537","SAR01",42.83559531,-1.08480748,1960,1103.56,15.3797540983607,4.01606557377049
"4538","SAR01",42.83559531,-1.08480748,1961,1007.6,17.3404931506849,4.29575342465753
"4539","SAR01",42.83559531,-1.08480748,1962,779.03,16.4024931506849,3.67961643835616
"4540","SAR01",42.83559531,-1.08480748,1963,1018.26,15.1271780821918,2.79572602739726
"4541","SAR01",42.83559531,-1.08480748,1964,763.84,16.5720765027322,3.6679781420765
"4542","SAR01",42.83559531,-1.08480748,1965,977.07,15.3861917808219,3.58602739726027
"4543","SAR01",42.83559531,-1.08480748,1966,1112.94,15.7426575342466,4.69167123287671
"4544","SAR01",42.83559531,-1.08480748,1967,840.93,16.1658356164384,4.25005479452055
"4545","SAR01",42.83559531,-1.08480748,1968,944.52,15.7249453551913,4.90562841530055
"4546","SAR01",42.83559531,-1.08480748,1969,1010.39,14.5891780821918,4.86594520547945
"4547","SAR01",42.83559531,-1.08480748,1970,725.46,15.8428493150685,4.62441095890411
"4548","SAR01",42.83559531,-1.08480748,1971,977.58,15.1306575342466,4.52808219178082
"4549","SAR01",42.83559531,-1.08480748,1972,1078.67,14.3362295081967,3.87158469945355
"4550","SAR01",42.83559531,-1.08480748,1973,756.2,15.7438630136986,4.53824657534247
"4551","SAR01",42.83559531,-1.08480748,1974,916.67,15.0591506849315,4.30405479452055
"4552","SAR01",42.83559531,-1.08480748,1975,871.4,15.4934520547945,4.28106849315069
"4553","SAR01",42.83559531,-1.08480748,1976,919.05,15.6820218579235,4.10144808743169
"4554","SAR01",42.83559531,-1.08480748,1977,920.67,15.2598356164384,4.23279452054795
"4555","SAR01",42.83559531,-1.08480748,1978,920.62,15.5025479452055,3.4987397260274
"4556","SAR01",42.83559531,-1.08480748,1979,1124.74,14.9692054794521,4.74772602739726
"4557","SAR01",42.83559531,-1.08480748,1980,870.27,15.5995355191257,4.14393442622951
"4558","SAR01",42.83559531,-1.08480748,1981,877.74,16.5789589041096,5.05350684931507
"4559","SAR01",42.83559531,-1.08480748,1982,958.58,16.1811780821918,5.61501369863014
"4560","SAR01",42.83559531,-1.08480748,1983,691.62,16.7424109589041,5.60591780821918
"4561","SAR01",42.83559531,-1.08480748,1984,1019.18,14.9986338797814,4.63196721311475
"4562","SAR01",42.83559531,-1.08480748,1985,704.57,16.2934794520548,4.94123287671233
"4563","SAR01",42.83559531,-1.08480748,1986,832.96,15.6473424657534,5.24772602739726
"4564","SAR01",42.83559531,-1.08480748,1987,798.77,16.093698630137,5.8007397260274
"4565","SAR01",42.83559531,-1.08480748,1988,902.24,15.9773770491803,5.72245901639344
"4566","SAR01",42.83559531,-1.08480748,1989,700.86,17.1386301369863,6.57860273972603
"4567","SAR01",42.83559531,-1.08480748,1990,791.16,16.9572054794521,6.06117808219178
"4568","SAR01",42.83559531,-1.08480748,1991,738.36,15.6226849315068,5.54334246575342
"4569","SAR01",42.83559531,-1.08480748,1992,948.97,15.6043715846995,5.53445355191257
"4570","SAR01",42.83559531,-1.08480748,1993,872.79,15.7049863013699,5.05241095890411
"4571","SAR01",42.83559531,-1.08480748,1994,809.01,16.9462465753425,6.24331506849315
"4572","SAR01",42.83559531,-1.08480748,1995,758.52,16.9082465753425,6.18339726027397
"4573","SAR01",42.83559531,-1.08480748,1996,1012.36,15.2717213114754,5.93937158469945
"4574","SAR01",42.83559531,-1.08480748,1997,971.44,16.8738082191781,7.17704109589041
"4575","SAR01",42.83559531,-1.08480748,1998,856.04,15.8138356164384,6.17413698630137
"4576","SAR01",42.83559531,-1.08480748,1999,941.38,15.1403561643836,6.29372602739726
"4577","SAR01",42.83559531,-1.08480748,2000,1037.06,16.1301912568306,6.28439890710383
"4578","SAR01",42.83559531,-1.08480748,2001,804.21,15.8926849315068,6.36597260273973
"4579","SAR01",42.83559531,-1.08480748,2002,1337.42,15.2335890410959,6.93569863013699
"4580","SAR01",42.83559531,-1.08480748,2003,1082.46,15.9295890410959,7.39098630136986
"4581","SAR01",42.83559531,-1.08480748,2004,846.29,15.81,5.87213114754098
"4582","SAR01",42.83559531,-1.08480748,2005,1042.94,14.8805205479452,6.08309589041096
"4583","SAR01",42.83559531,-1.08480748,2006,934.8,16.2636164383562,7.32249315068493
"4584","SAR01",42.83559531,-1.08480748,2007,1153.68,15.4346301369863,5.93783561643836
"4585","SAR01",42.83559531,-1.08480748,2008,1445.62,14.7393989071038,5.9957650273224
"4586","SAR01",42.83559531,-1.08480748,2009,1343.61,15.6366301369863,6.67350684931507
"4587","SAR01",42.83559531,-1.08480748,2010,1215.43,14.0178630136986,5.73731506849315
"4588","SAR01",42.83559531,-1.08480748,2011,1179.36,16.469397260274,7.50553424657534
"4589","SAR01",42.83559531,-1.08480748,2012,1234.57,15.8047267759563,6.69210382513661
"4590","SAR01",42.83559531,-1.08480748,2013,1748.53,14.4459178082192,6.35334246575342
"4591","SAR01",42.83559531,-1.08480748,2014,1649.59,15.6428219178082,7.28356164383562
"4592","SAR01",42.83559531,-1.08480748,2015,1366.97,16.3755616438356,7.14764383561644
"4593","SAR01",42.83559531,-1.08480748,2016,1191.32,15.4984153005464,6.83748633879781
"4594","SAR01",42.83559531,-1.08480748,2017,1296.62,16.4146575342466,6.84145205479452
"4595","SAR01",42.83559531,-1.08480748,2018,1570.44,15.3878904109589,7.11123287671233
"4596","SAR01",42.83559531,-1.08480748,2019,1487.55,16.1779452054795,6.78643835616438
"4597","SAR01",42.83559531,-1.08480748,2020,1220.47,16.6841530054645,7.30292349726776
"4598","SAR01",42.83559531,-1.08480748,2021,744.85,16.3585205479452,6.50676712328767
"4599","SAR01",42.83559531,-1.08480748,2022,545.3,18.6150410958904,7.88983561643836
"4600","BAS06",42.72687776,-0.97549182,1950,826.89,16.6456712328767,6.49147945205479
"4601","BAS06",42.72687776,-0.97549182,1951,972.78,15.1494246575342,5.71693150684932
"4602","BAS06",42.72687776,-0.97549182,1952,845.81,16.1491256830601,6.53680327868852
"4603","BAS06",42.72687776,-0.97549182,1953,573.58,16.6588767123288,5.66487671232877
"4604","BAS06",42.72687776,-0.97549182,1954,736.53,15.6298356164384,5.10509589041096
"4605","BAS06",42.72687776,-0.97549182,1955,644.85,16.9887397260274,6.48271232876712
"4606","BAS06",42.72687776,-0.97549182,1956,611.88,14.8951092896175,4.63344262295082
"4607","BAS06",42.72687776,-0.97549182,1957,590.89,16.2448219178082,5.6246301369863
"4608","BAS06",42.72687776,-0.97549182,1958,738.07,16.594602739726,5.19221917808219
"4609","BAS06",42.72687776,-0.97549182,1959,1017.03,16.5945479452055,5.05972602739726
"4610","BAS06",42.72687776,-0.97549182,1960,1067.61,16.1867213114754,4.43158469945355
"4611","BAS06",42.72687776,-0.97549182,1961,946.78,18.1316712328767,4.67646575342466
"4612","BAS06",42.72687776,-0.97549182,1962,741.03,17.2295890410959,4.16638356164384
"4613","BAS06",42.72687776,-0.97549182,1963,917.03,16.0372876712329,3.20531506849315
"4614","BAS06",42.72687776,-0.97549182,1964,725.67,17.4507650273224,4.09054644808743
"4615","BAS06",42.72687776,-0.97549182,1965,910.59,16.3509863013699,4.0272602739726
"4616","BAS06",42.72687776,-0.97549182,1966,1038.04,16.6826849315068,5.18928767123288
"4617","BAS06",42.72687776,-0.97549182,1967,750.52,17.1207397260274,4.76252054794521
"4618","BAS06",42.72687776,-0.97549182,1968,866.55,16.6544808743169,5.40256830601093
"4619","BAS06",42.72687776,-0.97549182,1969,934.91,15.5173424657534,5.3001095890411
"4620","BAS06",42.72687776,-0.97549182,1970,678.13,16.7757808219178,5.08520547945206
"4621","BAS06",42.72687776,-0.97549182,1971,917.32,16.0290410958904,4.95317808219178
"4622","BAS06",42.72687776,-0.97549182,1972,1030.08,15.2916666666667,4.28765027322404
"4623","BAS06",42.72687776,-0.97549182,1973,701.47,16.6776438356164,4.89805479452055
"4624","BAS06",42.72687776,-0.97549182,1974,857.36,16.0107123287671,4.67808219178082
"4625","BAS06",42.72687776,-0.97549182,1975,782.76,16.4,4.65158904109589
"4626","BAS06",42.72687776,-0.97549182,1976,852,16.6020765027322,4.41147540983607
"4627","BAS06",42.72687776,-0.97549182,1977,878.34,16.2185479452055,4.57695890410959
"4628","BAS06",42.72687776,-0.97549182,1978,856.04,16.4678904109589,3.78997260273973
"4629","BAS06",42.72687776,-0.97549182,1979,1048.83,15.9107671232877,5.17646575342466
"4630","BAS06",42.72687776,-0.97549182,1980,802.31,16.5742349726776,4.55601092896175
"4631","BAS06",42.72687776,-0.97549182,1981,811.47,17.5508493150685,5.55243835616438
"4632","BAS06",42.72687776,-0.97549182,1982,907.1,17.1109589041096,6.10712328767123
"4633","BAS06",42.72687776,-0.97549182,1983,630.69,17.6565479452055,6.05561643835616
"4634","BAS06",42.72687776,-0.97549182,1984,932.22,15.9965573770492,5.09120218579235
"4635","BAS06",42.72687776,-0.97549182,1985,654.32,17.2713698630137,5.39832876712329
"4636","BAS06",42.72687776,-0.97549182,1986,770.29,16.6518904109589,5.74413698630137
"4637","BAS06",42.72687776,-0.97549182,1987,743.76,17.0368493150685,6.30920547945205
"4638","BAS06",42.72687776,-0.97549182,1988,842.29,16.9644262295082,6.19319672131148
"4639","BAS06",42.72687776,-0.97549182,1989,658.4,18.047095890411,7.01131506849315
"4640","BAS06",42.72687776,-0.97549182,1990,749.74,17.8936438356164,6.50504109589041
"4641","BAS06",42.72687776,-0.97549182,1991,675.91,16.5657260273973,5.97917808219178
"4642","BAS06",42.72687776,-0.97549182,1992,874.4,16.5206010928962,5.94841530054645
"4643","BAS06",42.72687776,-0.97549182,1993,801.76,16.6229315068493,5.43471232876712
"4644","BAS06",42.72687776,-0.97549182,1994,765.44,17.9238356164384,6.66709589041096
"4645","BAS06",42.72687776,-0.97549182,1995,694.62,17.8962465753425,6.69660273972603
"4646","BAS06",42.72687776,-0.97549182,1996,935.84,16.2010382513661,6.46232240437158
"4647","BAS06",42.72687776,-0.97549182,1997,872.67,17.6789315068493,7.6507397260274
"4648","BAS06",42.72687776,-0.97549182,1998,769,16.6933698630137,6.66972602739726
"4649","BAS06",42.72687776,-0.97549182,1999,878.18,16.024602739726,6.74813698630137
"4650","BAS06",42.72687776,-0.97549182,2000,967.25,16.9675409836066,6.7596174863388
"4651","BAS06",42.72687776,-0.97549182,2001,714.01,16.8007123287671,6.79734246575342
"4652","BAS06",42.72687776,-0.97549182,2002,1180.95,16.3383835616438,7.34920547945205
"4653","BAS06",42.72687776,-0.97549182,2003,990.27,16.9683287671233,7.76539726027397
"4654","BAS06",42.72687776,-0.97549182,2004,767.14,16.6918032786885,6.38994535519126
"4655","BAS06",42.72687776,-0.97549182,2005,886.73,15.9688219178082,6.41690410958904
"4656","BAS06",42.72687776,-0.97549182,2006,861.88,17.2868219178082,7.6001095890411
"4657","BAS06",42.72687776,-0.97549182,2007,1049.84,16.461095890411,6.36347945205479
"4658","BAS06",42.72687776,-0.97549182,2008,1297.39,15.8535245901639,6.43098360655738
"4659","BAS06",42.72687776,-0.97549182,2009,1202.56,16.7771506849315,7.10180821917808
"4660","BAS06",42.72687776,-0.97549182,2010,1084.51,15.246602739726,6.21019178082192
"4661","BAS06",42.72687776,-0.97549182,2011,1063.89,17.5223835616438,7.78452054794521
"4662","BAS06",42.72687776,-0.97549182,2012,1113.15,16.9425409836066,7.00573770491803
"4663","BAS06",42.72687776,-0.97549182,2013,1524.24,15.6863835616438,6.7352602739726
"4664","BAS06",42.72687776,-0.97549182,2014,1456.97,16.9179726027397,7.70843835616438
"4665","BAS06",42.72687776,-0.97549182,2015,1221.12,17.4360273972603,7.53906849315069
"4666","BAS06",42.72687776,-0.97549182,2016,1090.32,16.6665846994536,7.16603825136612
"4667","BAS06",42.72687776,-0.97549182,2017,1150.79,17.4533150684932,7.13893150684931
"4668","BAS06",42.72687776,-0.97549182,2018,1423.69,16.523095890411,7.48841095890411
"4669","BAS06",42.72687776,-0.97549182,2019,1320.7,17.3061917808219,7.02967123287671
"4670","BAS06",42.72687776,-0.97549182,2020,1098.26,17.7219945355191,7.54415300546448
"4671","BAS06",42.72687776,-0.97549182,2021,685.51,17.23,6.99665753424657
"4672","BAS06",42.72687776,-0.97549182,2022,491.82,19.5033424657534,8.36035616438356
"4673","BAS05",42.7255171,-0.97183438,1950,832.83,16.411095890411,6.18695890410959
"4674","BAS05",42.7255171,-0.97183438,1951,981.87,14.9116438356164,5.41213698630137
"4675","BAS05",42.7255171,-0.97183438,1952,853.51,15.9152732240437,6.23497267759563
"4676","BAS05",42.7255171,-0.97183438,1953,580.45,16.4223287671233,5.36578082191781
"4677","BAS05",42.7255171,-0.97183438,1954,745.56,15.3903561643836,4.80493150684932
"4678","BAS05",42.7255171,-0.97183438,1955,652.12,16.747397260274,6.18238356164384
"4679","BAS05",42.7255171,-0.97183438,1956,618.6,14.6550819672131,4.3344262295082
"4680","BAS05",42.7255171,-0.97183438,1957,600.25,16.007397260274,5.32578082191781
"4681","BAS05",42.7255171,-0.97183438,1958,746.74,16.3581917808219,4.88186301369863
"4682","BAS05",42.7255171,-0.97183438,1959,1029.07,16.3589589041096,4.74438356164384
"4683","BAS05",42.7255171,-0.97183438,1960,1077.71,15.9520765027322,4.11718579234973
"4684","BAS05",42.7255171,-0.97183438,1961,954.05,17.8999726027397,4.3573698630137
"4685","BAS05",42.7255171,-0.97183438,1962,747.81,16.9952328767123,3.85213698630137
"4686","BAS05",42.7255171,-0.97183438,1963,927.57,15.8068493150685,2.89145205479452
"4687","BAS05",42.7255171,-0.97183438,1964,732.02,17.2240163934426,3.77784153005464
"4688","BAS05",42.7255171,-0.97183438,1965,918.93,16.1237260273973,3.71906849315068
"4689","BAS05",42.7255171,-0.97183438,1966,1045.47,16.4538082191781,4.88778082191781
"4690","BAS05",42.7255171,-0.97183438,1967,752.28,16.8959726027397,4.45865753424658
"4691","BAS05",42.7255171,-0.97183438,1968,875.28,16.4267486338798,5.09505464480874
"4692","BAS05",42.7255171,-0.97183438,1969,945.98,15.2904109589041,4.99117808219178
"4693","BAS05",42.7255171,-0.97183438,1970,685.03,16.5503561643836,4.77479452054795
"4694","BAS05",42.7255171,-0.97183438,1971,928,15.8026301369863,4.64243835616438
"4695","BAS05",42.7255171,-0.97183438,1972,1040.95,15.0669672131148,3.97505464480874
"4696","BAS05",42.7255171,-0.97183438,1973,710.86,16.4541917808219,4.58304109589041
"4697","BAS05",42.7255171,-0.97183438,1974,864.93,15.7850684931507,4.36323287671233
"4698","BAS05",42.7255171,-0.97183438,1975,789.98,16.1751506849315,4.3352602739726
"4699","BAS05",42.7255171,-0.97183438,1976,858.01,16.3765027322404,4.08912568306011
"4700","BAS05",42.7255171,-0.97183438,1977,891.73,15.993397260274,4.26071232876712
"4701","BAS05",42.7255171,-0.97183438,1978,868.11,16.2433698630137,3.46715068493151
"4702","BAS05",42.7255171,-0.97183438,1979,1056.39,15.6820547945205,4.86805479452055
"4703","BAS05",42.7255171,-0.97183438,1980,809.37,16.3514480874317,4.24532786885246
"4704","BAS05",42.7255171,-0.97183438,1981,821.3,17.3240273972603,5.24602739726027
"4705","BAS05",42.7255171,-0.97183438,1982,915.43,16.8824383561644,5.80016438356164
"4706","BAS05",42.7255171,-0.97183438,1983,634.03,17.429397260274,5.75106849315068
"4707","BAS05",42.7255171,-0.97183438,1984,938.16,15.7705737704918,4.785
"4708","BAS05",42.7255171,-0.97183438,1985,661.68,17.0445479452055,5.09364383561644
"4709","BAS05",42.7255171,-0.97183438,1986,777.22,16.4235616438356,5.4406301369863
"4710","BAS05",42.7255171,-0.97183438,1987,750.1,16.8102465753425,6.00602739726027
"4711","BAS05",42.7255171,-0.97183438,1988,854.8,16.7382240437158,5.89117486338798
"4712","BAS05",42.7255171,-0.97183438,1989,664.31,17.8191506849315,6.71252054794521
"4713","BAS05",42.7255171,-0.97183438,1990,758.81,17.6661643835616,6.20342465753425
"4714","BAS05",42.7255171,-0.97183438,1991,680.13,16.3356438356164,5.67295890410959
"4715","BAS05",42.7255171,-0.97183438,1992,884.14,16.2907103825137,5.64327868852459
"4716","BAS05",42.7255171,-0.97183438,1993,807.91,16.3937534246575,5.12613698630137
"4717","BAS05",42.7255171,-0.97183438,1994,773.55,17.6944109589041,6.36071232876712
"4718","BAS05",42.7255171,-0.97183438,1995,703.74,17.6628219178082,6.39575342465753
"4719","BAS05",42.7255171,-0.97183438,1996,946.68,15.9667213114754,6.16245901639344
"4720","BAS05",42.7255171,-0.97183438,1997,882.8,17.4418082191781,7.35375342465753
"4721","BAS05",42.7255171,-0.97183438,1998,777.66,16.4579726027397,6.37183561643836
"4722","BAS05",42.7255171,-0.97183438,1999,888.97,15.7896438356164,6.44747945205479
"4723","BAS05",42.7255171,-0.97183438,2000,976.24,16.7286885245902,6.45866120218579
"4724","BAS05",42.7255171,-0.97183438,2001,720.92,16.5615342465753,6.49602739726027
"4725","BAS05",42.7255171,-0.97183438,2002,1195.24,16.0998904109589,7.05139726027397
"4726","BAS05",42.7255171,-0.97183438,2003,998.4,16.7296164383562,7.46578082191781
"4727","BAS05",42.7255171,-0.97183438,2004,774.16,16.4556284153005,6.08781420765027
"4728","BAS05",42.7255171,-0.97183438,2005,892.42,15.7313698630137,6.11616438356164
"4729","BAS05",42.7255171,-0.97183438,2006,873.47,17.0495890410959,7.29901369863014
"4730","BAS05",42.7255171,-0.97183438,2007,1057.82,16.2234794520548,6.06534246575342
"4731","BAS05",42.7255171,-0.97183438,2008,1310.96,15.6154098360656,6.13377049180328
"4732","BAS05",42.7255171,-0.97183438,2009,1213.01,16.5373150684932,6.80290410958904
"4733","BAS05",42.7255171,-0.97183438,2010,1097.02,15.0088767123288,5.91084931506849
"4734","BAS05",42.7255171,-0.97183438,2011,1076.23,17.2816712328767,7.48547945205479
"4735","BAS05",42.7255171,-0.97183438,2012,1122.32,16.7030327868852,6.70636612021858
"4736","BAS05",42.7255171,-0.97183438,2013,1539.68,15.4502191780822,6.43465753424658
"4737","BAS05",42.7255171,-0.97183438,2014,1471.5,16.6814794520548,7.40882191780822
"4738","BAS05",42.7255171,-0.97183438,2015,1232.86,17.1988219178082,7.24186301369863
"4739","BAS05",42.7255171,-0.97183438,2016,1100.63,16.429781420765,6.86669398907104
"4740","BAS05",42.7255171,-0.97183438,2017,1164.32,17.2106575342466,6.83994520547945
"4741","BAS05",42.7255171,-0.97183438,2018,1439.17,16.2858356164384,7.18915068493151
"4742","BAS05",42.7255171,-0.97183438,2019,1333.53,17.0667671232877,6.72956164383562
"4743","BAS05",42.7255171,-0.97183438,2020,1109.68,17.4839617486339,7.2442349726776
"4744","BAS05",42.7255171,-0.97183438,2021,692.84,16.9926575342466,6.69684931506849
"4745","BAS05",42.7255171,-0.97183438,2022,496.49,19.264904109589,8.0641095890411
"4746","BAS04",42.72588292,-0.97308969,1950,832.83,16.411095890411,6.18695890410959
"4747","BAS04",42.72588292,-0.97308969,1951,981.87,14.9116438356164,5.41213698630137
"4748","BAS04",42.72588292,-0.97308969,1952,853.51,15.9152732240437,6.23497267759563
"4749","BAS04",42.72588292,-0.97308969,1953,580.45,16.4223287671233,5.36578082191781
"4750","BAS04",42.72588292,-0.97308969,1954,745.56,15.3903561643836,4.80493150684932
"4751","BAS04",42.72588292,-0.97308969,1955,652.12,16.747397260274,6.18238356164384
"4752","BAS04",42.72588292,-0.97308969,1956,618.6,14.6550819672131,4.3344262295082
"4753","BAS04",42.72588292,-0.97308969,1957,600.25,16.007397260274,5.32578082191781
"4754","BAS04",42.72588292,-0.97308969,1958,746.74,16.3581917808219,4.88186301369863
"4755","BAS04",42.72588292,-0.97308969,1959,1029.07,16.3589589041096,4.74438356164384
"4756","BAS04",42.72588292,-0.97308969,1960,1077.71,15.9520765027322,4.11718579234973
"4757","BAS04",42.72588292,-0.97308969,1961,954.05,17.8999726027397,4.3573698630137
"4758","BAS04",42.72588292,-0.97308969,1962,747.81,16.9952328767123,3.85213698630137
"4759","BAS04",42.72588292,-0.97308969,1963,927.57,15.8068493150685,2.89145205479452
"4760","BAS04",42.72588292,-0.97308969,1964,732.02,17.2240163934426,3.77784153005464
"4761","BAS04",42.72588292,-0.97308969,1965,918.93,16.1237260273973,3.71906849315068
"4762","BAS04",42.72588292,-0.97308969,1966,1045.47,16.4538082191781,4.88778082191781
"4763","BAS04",42.72588292,-0.97308969,1967,752.28,16.8959726027397,4.45865753424658
"4764","BAS04",42.72588292,-0.97308969,1968,875.28,16.4267486338798,5.09505464480874
"4765","BAS04",42.72588292,-0.97308969,1969,945.98,15.2904109589041,4.99117808219178
"4766","BAS04",42.72588292,-0.97308969,1970,685.03,16.5503561643836,4.77479452054795
"4767","BAS04",42.72588292,-0.97308969,1971,928,15.8026301369863,4.64243835616438
"4768","BAS04",42.72588292,-0.97308969,1972,1040.95,15.0669672131148,3.97505464480874
"4769","BAS04",42.72588292,-0.97308969,1973,710.86,16.4541917808219,4.58304109589041
"4770","BAS04",42.72588292,-0.97308969,1974,864.93,15.7850684931507,4.36323287671233
"4771","BAS04",42.72588292,-0.97308969,1975,789.98,16.1751506849315,4.3352602739726
"4772","BAS04",42.72588292,-0.97308969,1976,858.01,16.3765027322404,4.08912568306011
"4773","BAS04",42.72588292,-0.97308969,1977,891.73,15.993397260274,4.26071232876712
"4774","BAS04",42.72588292,-0.97308969,1978,868.11,16.2433698630137,3.46715068493151
"4775","BAS04",42.72588292,-0.97308969,1979,1056.39,15.6820547945205,4.86805479452055
"4776","BAS04",42.72588292,-0.97308969,1980,809.37,16.3514480874317,4.24532786885246
"4777","BAS04",42.72588292,-0.97308969,1981,821.3,17.3240273972603,5.24602739726027
"4778","BAS04",42.72588292,-0.97308969,1982,915.43,16.8824383561644,5.80016438356164
"4779","BAS04",42.72588292,-0.97308969,1983,634.03,17.429397260274,5.75106849315068
"4780","BAS04",42.72588292,-0.97308969,1984,938.16,15.7705737704918,4.785
"4781","BAS04",42.72588292,-0.97308969,1985,661.68,17.0445479452055,5.09364383561644
"4782","BAS04",42.72588292,-0.97308969,1986,777.22,16.4235616438356,5.4406301369863
"4783","BAS04",42.72588292,-0.97308969,1987,750.1,16.8102465753425,6.00602739726027
"4784","BAS04",42.72588292,-0.97308969,1988,854.8,16.7382240437158,5.89117486338798
"4785","BAS04",42.72588292,-0.97308969,1989,664.31,17.8191506849315,6.71252054794521
"4786","BAS04",42.72588292,-0.97308969,1990,758.81,17.6661643835616,6.20342465753425
"4787","BAS04",42.72588292,-0.97308969,1991,680.13,16.3356438356164,5.67295890410959
"4788","BAS04",42.72588292,-0.97308969,1992,884.14,16.2907103825137,5.64327868852459
"4789","BAS04",42.72588292,-0.97308969,1993,807.91,16.3937534246575,5.12613698630137
"4790","BAS04",42.72588292,-0.97308969,1994,773.55,17.6944109589041,6.36071232876712
"4791","BAS04",42.72588292,-0.97308969,1995,703.74,17.6628219178082,6.39575342465753
"4792","BAS04",42.72588292,-0.97308969,1996,946.68,15.9667213114754,6.16245901639344
"4793","BAS04",42.72588292,-0.97308969,1997,882.8,17.4418082191781,7.35375342465753
"4794","BAS04",42.72588292,-0.97308969,1998,777.66,16.4579726027397,6.37183561643836
"4795","BAS04",42.72588292,-0.97308969,1999,888.97,15.7896438356164,6.44747945205479
"4796","BAS04",42.72588292,-0.97308969,2000,976.24,16.7286885245902,6.45866120218579
"4797","BAS04",42.72588292,-0.97308969,2001,720.92,16.5615342465753,6.49602739726027
"4798","BAS04",42.72588292,-0.97308969,2002,1195.24,16.0998904109589,7.05139726027397
"4799","BAS04",42.72588292,-0.97308969,2003,998.4,16.7296164383562,7.46578082191781
"4800","BAS04",42.72588292,-0.97308969,2004,774.16,16.4556284153005,6.08781420765027
"4801","BAS04",42.72588292,-0.97308969,2005,892.42,15.7313698630137,6.11616438356164
"4802","BAS04",42.72588292,-0.97308969,2006,873.47,17.0495890410959,7.29901369863014
"4803","BAS04",42.72588292,-0.97308969,2007,1057.82,16.2234794520548,6.06534246575342
"4804","BAS04",42.72588292,-0.97308969,2008,1310.96,15.6154098360656,6.13377049180328
"4805","BAS04",42.72588292,-0.97308969,2009,1213.01,16.5373150684932,6.80290410958904
"4806","BAS04",42.72588292,-0.97308969,2010,1097.02,15.0088767123288,5.91084931506849
"4807","BAS04",42.72588292,-0.97308969,2011,1076.23,17.2816712328767,7.48547945205479
"4808","BAS04",42.72588292,-0.97308969,2012,1122.32,16.7030327868852,6.70636612021858
"4809","BAS04",42.72588292,-0.97308969,2013,1539.68,15.4502191780822,6.43465753424658
"4810","BAS04",42.72588292,-0.97308969,2014,1471.5,16.6814794520548,7.40882191780822
"4811","BAS04",42.72588292,-0.97308969,2015,1232.86,17.1988219178082,7.24186301369863
"4812","BAS04",42.72588292,-0.97308969,2016,1100.63,16.429781420765,6.86669398907104
"4813","BAS04",42.72588292,-0.97308969,2017,1164.32,17.2106575342466,6.83994520547945
"4814","BAS04",42.72588292,-0.97308969,2018,1439.17,16.2858356164384,7.18915068493151
"4815","BAS04",42.72588292,-0.97308969,2019,1333.53,17.0667671232877,6.72956164383562
"4816","BAS04",42.72588292,-0.97308969,2020,1109.68,17.4839617486339,7.2442349726776
"4817","BAS04",42.72588292,-0.97308969,2021,692.84,16.9926575342466,6.69684931506849
"4818","BAS04",42.72588292,-0.97308969,2022,496.49,19.264904109589,8.0641095890411
"4819","BAS03",42.72707617,-0.97401797,1950,832.83,16.411095890411,6.18695890410959
"4820","BAS03",42.72707617,-0.97401797,1951,981.87,14.9116438356164,5.41213698630137
"4821","BAS03",42.72707617,-0.97401797,1952,853.51,15.9152732240437,6.23497267759563
"4822","BAS03",42.72707617,-0.97401797,1953,580.45,16.4223287671233,5.36578082191781
"4823","BAS03",42.72707617,-0.97401797,1954,745.56,15.3903561643836,4.80493150684932
"4824","BAS03",42.72707617,-0.97401797,1955,652.12,16.747397260274,6.18238356164384
"4825","BAS03",42.72707617,-0.97401797,1956,618.6,14.6550819672131,4.3344262295082
"4826","BAS03",42.72707617,-0.97401797,1957,600.25,16.007397260274,5.32578082191781
"4827","BAS03",42.72707617,-0.97401797,1958,746.74,16.3581917808219,4.88186301369863
"4828","BAS03",42.72707617,-0.97401797,1959,1029.07,16.3589589041096,4.74438356164384
"4829","BAS03",42.72707617,-0.97401797,1960,1077.71,15.9520765027322,4.11718579234973
"4830","BAS03",42.72707617,-0.97401797,1961,954.05,17.8999726027397,4.3573698630137
"4831","BAS03",42.72707617,-0.97401797,1962,747.81,16.9952328767123,3.85213698630137
"4832","BAS03",42.72707617,-0.97401797,1963,927.57,15.8068493150685,2.89145205479452
"4833","BAS03",42.72707617,-0.97401797,1964,732.02,17.2240163934426,3.77784153005464
"4834","BAS03",42.72707617,-0.97401797,1965,918.93,16.1237260273973,3.71906849315068
"4835","BAS03",42.72707617,-0.97401797,1966,1045.47,16.4538082191781,4.88778082191781
"4836","BAS03",42.72707617,-0.97401797,1967,752.28,16.8959726027397,4.45865753424658
"4837","BAS03",42.72707617,-0.97401797,1968,875.28,16.4267486338798,5.09505464480874
"4838","BAS03",42.72707617,-0.97401797,1969,945.98,15.2904109589041,4.99117808219178
"4839","BAS03",42.72707617,-0.97401797,1970,685.03,16.5503561643836,4.77479452054795
"4840","BAS03",42.72707617,-0.97401797,1971,928,15.8026301369863,4.64243835616438
"4841","BAS03",42.72707617,-0.97401797,1972,1040.95,15.0669672131148,3.97505464480874
"4842","BAS03",42.72707617,-0.97401797,1973,710.86,16.4541917808219,4.58304109589041
"4843","BAS03",42.72707617,-0.97401797,1974,864.93,15.7850684931507,4.36323287671233
"4844","BAS03",42.72707617,-0.97401797,1975,789.98,16.1751506849315,4.3352602739726
"4845","BAS03",42.72707617,-0.97401797,1976,858.01,16.3765027322404,4.08912568306011
"4846","BAS03",42.72707617,-0.97401797,1977,891.73,15.993397260274,4.26071232876712
"4847","BAS03",42.72707617,-0.97401797,1978,868.11,16.2433698630137,3.46715068493151
"4848","BAS03",42.72707617,-0.97401797,1979,1056.39,15.6820547945205,4.86805479452055
"4849","BAS03",42.72707617,-0.97401797,1980,809.37,16.3514480874317,4.24532786885246
"4850","BAS03",42.72707617,-0.97401797,1981,821.3,17.3240273972603,5.24602739726027
"4851","BAS03",42.72707617,-0.97401797,1982,915.43,16.8824383561644,5.80016438356164
"4852","BAS03",42.72707617,-0.97401797,1983,634.03,17.429397260274,5.75106849315068
"4853","BAS03",42.72707617,-0.97401797,1984,938.16,15.7705737704918,4.785
"4854","BAS03",42.72707617,-0.97401797,1985,661.68,17.0445479452055,5.09364383561644
"4855","BAS03",42.72707617,-0.97401797,1986,777.22,16.4235616438356,5.4406301369863
"4856","BAS03",42.72707617,-0.97401797,1987,750.1,16.8102465753425,6.00602739726027
"4857","BAS03",42.72707617,-0.97401797,1988,854.8,16.7382240437158,5.89117486338798
"4858","BAS03",42.72707617,-0.97401797,1989,664.31,17.8191506849315,6.71252054794521
"4859","BAS03",42.72707617,-0.97401797,1990,758.81,17.6661643835616,6.20342465753425
"4860","BAS03",42.72707617,-0.97401797,1991,680.13,16.3356438356164,5.67295890410959
"4861","BAS03",42.72707617,-0.97401797,1992,884.14,16.2907103825137,5.64327868852459
"4862","BAS03",42.72707617,-0.97401797,1993,807.91,16.3937534246575,5.12613698630137
"4863","BAS03",42.72707617,-0.97401797,1994,773.55,17.6944109589041,6.36071232876712
"4864","BAS03",42.72707617,-0.97401797,1995,703.74,17.6628219178082,6.39575342465753
"4865","BAS03",42.72707617,-0.97401797,1996,946.68,15.9667213114754,6.16245901639344
"4866","BAS03",42.72707617,-0.97401797,1997,882.8,17.4418082191781,7.35375342465753
"4867","BAS03",42.72707617,-0.97401797,1998,777.66,16.4579726027397,6.37183561643836
"4868","BAS03",42.72707617,-0.97401797,1999,888.97,15.7896438356164,6.44747945205479
"4869","BAS03",42.72707617,-0.97401797,2000,976.24,16.7286885245902,6.45866120218579
"4870","BAS03",42.72707617,-0.97401797,2001,720.92,16.5615342465753,6.49602739726027
"4871","BAS03",42.72707617,-0.97401797,2002,1195.24,16.0998904109589,7.05139726027397
"4872","BAS03",42.72707617,-0.97401797,2003,998.4,16.7296164383562,7.46578082191781
"4873","BAS03",42.72707617,-0.97401797,2004,774.16,16.4556284153005,6.08781420765027
"4874","BAS03",42.72707617,-0.97401797,2005,892.42,15.7313698630137,6.11616438356164
"4875","BAS03",42.72707617,-0.97401797,2006,873.47,17.0495890410959,7.29901369863014
"4876","BAS03",42.72707617,-0.97401797,2007,1057.82,16.2234794520548,6.06534246575342
"4877","BAS03",42.72707617,-0.97401797,2008,1310.96,15.6154098360656,6.13377049180328
"4878","BAS03",42.72707617,-0.97401797,2009,1213.01,16.5373150684932,6.80290410958904
"4879","BAS03",42.72707617,-0.97401797,2010,1097.02,15.0088767123288,5.91084931506849
"4880","BAS03",42.72707617,-0.97401797,2011,1076.23,17.2816712328767,7.48547945205479
"4881","BAS03",42.72707617,-0.97401797,2012,1122.32,16.7030327868852,6.70636612021858
"4882","BAS03",42.72707617,-0.97401797,2013,1539.68,15.4502191780822,6.43465753424658
"4883","BAS03",42.72707617,-0.97401797,2014,1471.5,16.6814794520548,7.40882191780822
"4884","BAS03",42.72707617,-0.97401797,2015,1232.86,17.1988219178082,7.24186301369863
"4885","BAS03",42.72707617,-0.97401797,2016,1100.63,16.429781420765,6.86669398907104
"4886","BAS03",42.72707617,-0.97401797,2017,1164.32,17.2106575342466,6.83994520547945
"4887","BAS03",42.72707617,-0.97401797,2018,1439.17,16.2858356164384,7.18915068493151
"4888","BAS03",42.72707617,-0.97401797,2019,1333.53,17.0667671232877,6.72956164383562
"4889","BAS03",42.72707617,-0.97401797,2020,1109.68,17.4839617486339,7.2442349726776
"4890","BAS03",42.72707617,-0.97401797,2021,692.84,16.9926575342466,6.69684931506849
"4891","BAS03",42.72707617,-0.97401797,2022,496.49,19.264904109589,8.0641095890411
"4892","BAS02",42.72770285,-0.97165473,1950,832.83,16.411095890411,6.18695890410959
"4893","BAS02",42.72770285,-0.97165473,1951,981.87,14.9116438356164,5.41213698630137
"4894","BAS02",42.72770285,-0.97165473,1952,853.51,15.9152732240437,6.23497267759563
"4895","BAS02",42.72770285,-0.97165473,1953,580.45,16.4223287671233,5.36578082191781
"4896","BAS02",42.72770285,-0.97165473,1954,745.56,15.3903561643836,4.80493150684932
"4897","BAS02",42.72770285,-0.97165473,1955,652.12,16.747397260274,6.18238356164384
"4898","BAS02",42.72770285,-0.97165473,1956,618.6,14.6550819672131,4.3344262295082
"4899","BAS02",42.72770285,-0.97165473,1957,600.25,16.007397260274,5.32578082191781
"4900","BAS02",42.72770285,-0.97165473,1958,746.74,16.3581917808219,4.88186301369863
"4901","BAS02",42.72770285,-0.97165473,1959,1029.07,16.3589589041096,4.74438356164384
"4902","BAS02",42.72770285,-0.97165473,1960,1077.71,15.9520765027322,4.11718579234973
"4903","BAS02",42.72770285,-0.97165473,1961,954.05,17.8999726027397,4.3573698630137
"4904","BAS02",42.72770285,-0.97165473,1962,747.81,16.9952328767123,3.85213698630137
"4905","BAS02",42.72770285,-0.97165473,1963,927.57,15.8068493150685,2.89145205479452
"4906","BAS02",42.72770285,-0.97165473,1964,732.02,17.2240163934426,3.77784153005464
"4907","BAS02",42.72770285,-0.97165473,1965,918.93,16.1237260273973,3.71906849315068
"4908","BAS02",42.72770285,-0.97165473,1966,1045.47,16.4538082191781,4.88778082191781
"4909","BAS02",42.72770285,-0.97165473,1967,752.28,16.8959726027397,4.45865753424658
"4910","BAS02",42.72770285,-0.97165473,1968,875.28,16.4267486338798,5.09505464480874
"4911","BAS02",42.72770285,-0.97165473,1969,945.98,15.2904109589041,4.99117808219178
"4912","BAS02",42.72770285,-0.97165473,1970,685.03,16.5503561643836,4.77479452054795
"4913","BAS02",42.72770285,-0.97165473,1971,928,15.8026301369863,4.64243835616438
"4914","BAS02",42.72770285,-0.97165473,1972,1040.95,15.0669672131148,3.97505464480874
"4915","BAS02",42.72770285,-0.97165473,1973,710.86,16.4541917808219,4.58304109589041
"4916","BAS02",42.72770285,-0.97165473,1974,864.93,15.7850684931507,4.36323287671233
"4917","BAS02",42.72770285,-0.97165473,1975,789.98,16.1751506849315,4.3352602739726
"4918","BAS02",42.72770285,-0.97165473,1976,858.01,16.3765027322404,4.08912568306011
"4919","BAS02",42.72770285,-0.97165473,1977,891.73,15.993397260274,4.26071232876712
"4920","BAS02",42.72770285,-0.97165473,1978,868.11,16.2433698630137,3.46715068493151
"4921","BAS02",42.72770285,-0.97165473,1979,1056.39,15.6820547945205,4.86805479452055
"4922","BAS02",42.72770285,-0.97165473,1980,809.37,16.3514480874317,4.24532786885246
"4923","BAS02",42.72770285,-0.97165473,1981,821.3,17.3240273972603,5.24602739726027
"4924","BAS02",42.72770285,-0.97165473,1982,915.43,16.8824383561644,5.80016438356164
"4925","BAS02",42.72770285,-0.97165473,1983,634.03,17.429397260274,5.75106849315068
"4926","BAS02",42.72770285,-0.97165473,1984,938.16,15.7705737704918,4.785
"4927","BAS02",42.72770285,-0.97165473,1985,661.68,17.0445479452055,5.09364383561644
"4928","BAS02",42.72770285,-0.97165473,1986,777.22,16.4235616438356,5.4406301369863
"4929","BAS02",42.72770285,-0.97165473,1987,750.1,16.8102465753425,6.00602739726027
"4930","BAS02",42.72770285,-0.97165473,1988,854.8,16.7382240437158,5.89117486338798
"4931","BAS02",42.72770285,-0.97165473,1989,664.31,17.8191506849315,6.71252054794521
"4932","BAS02",42.72770285,-0.97165473,1990,758.81,17.6661643835616,6.20342465753425
"4933","BAS02",42.72770285,-0.97165473,1991,680.13,16.3356438356164,5.67295890410959
"4934","BAS02",42.72770285,-0.97165473,1992,884.14,16.2907103825137,5.64327868852459
"4935","BAS02",42.72770285,-0.97165473,1993,807.91,16.3937534246575,5.12613698630137
"4936","BAS02",42.72770285,-0.97165473,1994,773.55,17.6944109589041,6.36071232876712
"4937","BAS02",42.72770285,-0.97165473,1995,703.74,17.6628219178082,6.39575342465753
"4938","BAS02",42.72770285,-0.97165473,1996,946.68,15.9667213114754,6.16245901639344
"4939","BAS02",42.72770285,-0.97165473,1997,882.8,17.4418082191781,7.35375342465753
"4940","BAS02",42.72770285,-0.97165473,1998,777.66,16.4579726027397,6.37183561643836
"4941","BAS02",42.72770285,-0.97165473,1999,888.97,15.7896438356164,6.44747945205479
"4942","BAS02",42.72770285,-0.97165473,2000,976.24,16.7286885245902,6.45866120218579
"4943","BAS02",42.72770285,-0.97165473,2001,720.92,16.5615342465753,6.49602739726027
"4944","BAS02",42.72770285,-0.97165473,2002,1195.24,16.0998904109589,7.05139726027397
"4945","BAS02",42.72770285,-0.97165473,2003,998.4,16.7296164383562,7.46578082191781
"4946","BAS02",42.72770285,-0.97165473,2004,774.16,16.4556284153005,6.08781420765027
"4947","BAS02",42.72770285,-0.97165473,2005,892.42,15.7313698630137,6.11616438356164
"4948","BAS02",42.72770285,-0.97165473,2006,873.47,17.0495890410959,7.29901369863014
"4949","BAS02",42.72770285,-0.97165473,2007,1057.82,16.2234794520548,6.06534246575342
"4950","BAS02",42.72770285,-0.97165473,2008,1310.96,15.6154098360656,6.13377049180328
"4951","BAS02",42.72770285,-0.97165473,2009,1213.01,16.5373150684932,6.80290410958904
"4952","BAS02",42.72770285,-0.97165473,2010,1097.02,15.0088767123288,5.91084931506849
"4953","BAS02",42.72770285,-0.97165473,2011,1076.23,17.2816712328767,7.48547945205479
"4954","BAS02",42.72770285,-0.97165473,2012,1122.32,16.7030327868852,6.70636612021858
"4955","BAS02",42.72770285,-0.97165473,2013,1539.68,15.4502191780822,6.43465753424658
"4956","BAS02",42.72770285,-0.97165473,2014,1471.5,16.6814794520548,7.40882191780822
"4957","BAS02",42.72770285,-0.97165473,2015,1232.86,17.1988219178082,7.24186301369863
"4958","BAS02",42.72770285,-0.97165473,2016,1100.63,16.429781420765,6.86669398907104
"4959","BAS02",42.72770285,-0.97165473,2017,1164.32,17.2106575342466,6.83994520547945
"4960","BAS02",42.72770285,-0.97165473,2018,1439.17,16.2858356164384,7.18915068493151
"4961","BAS02",42.72770285,-0.97165473,2019,1333.53,17.0667671232877,6.72956164383562
"4962","BAS02",42.72770285,-0.97165473,2020,1109.68,17.4839617486339,7.2442349726776
"4963","BAS02",42.72770285,-0.97165473,2021,692.84,16.9926575342466,6.69684931506849
"4964","BAS02",42.72770285,-0.97165473,2022,496.49,19.264904109589,8.0641095890411
"4965","BAS01",42.72778263,-0.96978093,1950,832.83,16.411095890411,6.18695890410959
"4966","BAS01",42.72778263,-0.96978093,1951,981.87,14.9116438356164,5.41213698630137
"4967","BAS01",42.72778263,-0.96978093,1952,853.51,15.9152732240437,6.23497267759563
"4968","BAS01",42.72778263,-0.96978093,1953,580.45,16.4223287671233,5.36578082191781
"4969","BAS01",42.72778263,-0.96978093,1954,745.56,15.3903561643836,4.80493150684932
"4970","BAS01",42.72778263,-0.96978093,1955,652.12,16.747397260274,6.18238356164384
"4971","BAS01",42.72778263,-0.96978093,1956,618.6,14.6550819672131,4.3344262295082
"4972","BAS01",42.72778263,-0.96978093,1957,600.25,16.007397260274,5.32578082191781
"4973","BAS01",42.72778263,-0.96978093,1958,746.74,16.3581917808219,4.88186301369863
"4974","BAS01",42.72778263,-0.96978093,1959,1029.07,16.3589589041096,4.74438356164384
"4975","BAS01",42.72778263,-0.96978093,1960,1077.71,15.9520765027322,4.11718579234973
"4976","BAS01",42.72778263,-0.96978093,1961,954.05,17.8999726027397,4.3573698630137
"4977","BAS01",42.72778263,-0.96978093,1962,747.81,16.9952328767123,3.85213698630137
"4978","BAS01",42.72778263,-0.96978093,1963,927.57,15.8068493150685,2.89145205479452
"4979","BAS01",42.72778263,-0.96978093,1964,732.02,17.2240163934426,3.77784153005464
"4980","BAS01",42.72778263,-0.96978093,1965,918.93,16.1237260273973,3.71906849315068
"4981","BAS01",42.72778263,-0.96978093,1966,1045.47,16.4538082191781,4.88778082191781
"4982","BAS01",42.72778263,-0.96978093,1967,752.28,16.8959726027397,4.45865753424658
"4983","BAS01",42.72778263,-0.96978093,1968,875.28,16.4267486338798,5.09505464480874
"4984","BAS01",42.72778263,-0.96978093,1969,945.98,15.2904109589041,4.99117808219178
"4985","BAS01",42.72778263,-0.96978093,1970,685.03,16.5503561643836,4.77479452054795
"4986","BAS01",42.72778263,-0.96978093,1971,928,15.8026301369863,4.64243835616438
"4987","BAS01",42.72778263,-0.96978093,1972,1040.95,15.0669672131148,3.97505464480874
"4988","BAS01",42.72778263,-0.96978093,1973,710.86,16.4541917808219,4.58304109589041
"4989","BAS01",42.72778263,-0.96978093,1974,864.93,15.7850684931507,4.36323287671233
"4990","BAS01",42.72778263,-0.96978093,1975,789.98,16.1751506849315,4.3352602739726
"4991","BAS01",42.72778263,-0.96978093,1976,858.01,16.3765027322404,4.08912568306011
"4992","BAS01",42.72778263,-0.96978093,1977,891.73,15.993397260274,4.26071232876712
"4993","BAS01",42.72778263,-0.96978093,1978,868.11,16.2433698630137,3.46715068493151
"4994","BAS01",42.72778263,-0.96978093,1979,1056.39,15.6820547945205,4.86805479452055
"4995","BAS01",42.72778263,-0.96978093,1980,809.37,16.3514480874317,4.24532786885246
"4996","BAS01",42.72778263,-0.96978093,1981,821.3,17.3240273972603,5.24602739726027
"4997","BAS01",42.72778263,-0.96978093,1982,915.43,16.8824383561644,5.80016438356164
"4998","BAS01",42.72778263,-0.96978093,1983,634.03,17.429397260274,5.75106849315068
"4999","BAS01",42.72778263,-0.96978093,1984,938.16,15.7705737704918,4.785
"5000","BAS01",42.72778263,-0.96978093,1985,661.68,17.0445479452055,5.09364383561644
"5001","BAS01",42.72778263,-0.96978093,1986,777.22,16.4235616438356,5.4406301369863
"5002","BAS01",42.72778263,-0.96978093,1987,750.1,16.8102465753425,6.00602739726027
"5003","BAS01",42.72778263,-0.96978093,1988,854.8,16.7382240437158,5.89117486338798
"5004","BAS01",42.72778263,-0.96978093,1989,664.31,17.8191506849315,6.71252054794521
"5005","BAS01",42.72778263,-0.96978093,1990,758.81,17.6661643835616,6.20342465753425
"5006","BAS01",42.72778263,-0.96978093,1991,680.13,16.3356438356164,5.67295890410959
"5007","BAS01",42.72778263,-0.96978093,1992,884.14,16.2907103825137,5.64327868852459
"5008","BAS01",42.72778263,-0.96978093,1993,807.91,16.3937534246575,5.12613698630137
"5009","BAS01",42.72778263,-0.96978093,1994,773.55,17.6944109589041,6.36071232876712
"5010","BAS01",42.72778263,-0.96978093,1995,703.74,17.6628219178082,6.39575342465753
"5011","BAS01",42.72778263,-0.96978093,1996,946.68,15.9667213114754,6.16245901639344
"5012","BAS01",42.72778263,-0.96978093,1997,882.8,17.4418082191781,7.35375342465753
"5013","BAS01",42.72778263,-0.96978093,1998,777.66,16.4579726027397,6.37183561643836
"5014","BAS01",42.72778263,-0.96978093,1999,888.97,15.7896438356164,6.44747945205479
"5015","BAS01",42.72778263,-0.96978093,2000,976.24,16.7286885245902,6.45866120218579
"5016","BAS01",42.72778263,-0.96978093,2001,720.92,16.5615342465753,6.49602739726027
"5017","BAS01",42.72778263,-0.96978093,2002,1195.24,16.0998904109589,7.05139726027397
"5018","BAS01",42.72778263,-0.96978093,2003,998.4,16.7296164383562,7.46578082191781
"5019","BAS01",42.72778263,-0.96978093,2004,774.16,16.4556284153005,6.08781420765027
"5020","BAS01",42.72778263,-0.96978093,2005,892.42,15.7313698630137,6.11616438356164
"5021","BAS01",42.72778263,-0.96978093,2006,873.47,17.0495890410959,7.29901369863014
"5022","BAS01",42.72778263,-0.96978093,2007,1057.82,16.2234794520548,6.06534246575342
"5023","BAS01",42.72778263,-0.96978093,2008,1310.96,15.6154098360656,6.13377049180328
"5024","BAS01",42.72778263,-0.96978093,2009,1213.01,16.5373150684932,6.80290410958904
"5025","BAS01",42.72778263,-0.96978093,2010,1097.02,15.0088767123288,5.91084931506849
"5026","BAS01",42.72778263,-0.96978093,2011,1076.23,17.2816712328767,7.48547945205479
"5027","BAS01",42.72778263,-0.96978093,2012,1122.32,16.7030327868852,6.70636612021858
"5028","BAS01",42.72778263,-0.96978093,2013,1539.68,15.4502191780822,6.43465753424658
"5029","BAS01",42.72778263,-0.96978093,2014,1471.5,16.6814794520548,7.40882191780822
"5030","BAS01",42.72778263,-0.96978093,2015,1232.86,17.1988219178082,7.24186301369863
"5031","BAS01",42.72778263,-0.96978093,2016,1100.63,16.429781420765,6.86669398907104
"5032","BAS01",42.72778263,-0.96978093,2017,1164.32,17.2106575342466,6.83994520547945
"5033","BAS01",42.72778263,-0.96978093,2018,1439.17,16.2858356164384,7.18915068493151
"5034","BAS01",42.72778263,-0.96978093,2019,1333.53,17.0667671232877,6.72956164383562
"5035","BAS01",42.72778263,-0.96978093,2020,1109.68,17.4839617486339,7.2442349726776
"5036","BAS01",42.72778263,-0.96978093,2021,692.84,16.9926575342466,6.69684931506849
"5037","BAS01",42.72778263,-0.96978093,2022,496.49,19.264904109589,8.0641095890411
"5038","URZ06",42.81713656,-0.91623931,1950,878.39,14.5842465753425,4.64353424657534
"5039","URZ06",42.81713656,-0.91623931,1951,1059.15,12.9984931506849,3.98452054794521
"5040","URZ06",42.81713656,-0.91623931,1952,913.39,14.1426229508197,4.81715846994536
"5041","URZ06",42.81713656,-0.91623931,1953,604.91,14.6741369863014,4.09838356164384
"5042","URZ06",42.81713656,-0.91623931,1954,811.83,13.5698356164384,3.4581095890411
"5043","URZ06",42.81713656,-0.91623931,1955,715.94,14.902904109589,4.83252054794521
"5044","URZ06",42.81713656,-0.91623931,1956,717.77,12.8133606557377,2.93035519125683
"5045","URZ06",42.81713656,-0.91623931,1957,689.03,14.2225205479452,3.99290410958904
"5046","URZ06",42.81713656,-0.91623931,1958,829.37,14.4677808219178,3.31550684931507
"5047","URZ06",42.81713656,-0.91623931,1959,1133.52,14.5342465753425,3.19109589041096
"5048","URZ06",42.81713656,-0.91623931,1960,1169.26,14.1350819672131,2.52994535519126
"5049","URZ06",42.81713656,-0.91623931,1961,1020.73,16.1972328767123,2.74117808219178
"5050","URZ06",42.81713656,-0.91623931,1962,839.19,15.2230136986301,2.17115068493151
"5051","URZ06",42.81713656,-0.91623931,1963,1075.36,14.0211780821918,1.30501369863014
"5052","URZ06",42.81713656,-0.91623931,1964,821.11,15.5771857923497,2.23535519125683
"5053","URZ06",42.81713656,-0.91623931,1965,1008.49,14.3421643835616,2.20879452054795
"5054","URZ06",42.81713656,-0.91623931,1966,1190.13,14.6527945205479,3.45380821917808
"5055","URZ06",42.81713656,-0.91623931,1967,836.24,15.1752328767123,2.99019178082192
"5056","URZ06",42.81713656,-0.91623931,1968,965.63,14.6772404371585,3.54669398907104
"5057","URZ06",42.81713656,-0.91623931,1969,1087.67,13.5005205479452,3.47441095890411
"5058","URZ06",42.81713656,-0.91623931,1970,769.75,14.830602739726,3.20797260273973
"5059","URZ06",42.81713656,-0.91623931,1971,1048.83,14.0508219178082,3.078
"5060","URZ06",42.81713656,-0.91623931,1972,1132.49,13.252349726776,2.39377049180328
"5061","URZ06",42.81713656,-0.91623931,1973,807.63,14.7554246575342,3.05342465753425
"5062","URZ06",42.81713656,-0.91623931,1974,961.73,14.0053150684932,2.80394520547945
"5063","URZ06",42.81713656,-0.91623931,1975,882.12,14.4587671232877,2.74586301369863
"5064","URZ06",42.81713656,-0.91623931,1976,973.5,14.632650273224,2.50743169398907
"5065","URZ06",42.81713656,-0.91623931,1977,1018.56,14.197095890411,2.65980821917808
"5066","URZ06",42.81713656,-0.91623931,1978,995.72,14.4692328767123,1.81441095890411
"5067","URZ06",42.81713656,-0.91623931,1979,1179.45,13.8699726027397,3.35958904109589
"5068","URZ06",42.81713656,-0.91623931,1980,905.48,14.6448087431694,2.71284153005464
"5069","URZ06",42.81713656,-0.91623931,1981,933.99,15.5168219178082,3.66920547945205
"5070","URZ06",42.81713656,-0.91623931,1982,1026.75,15.0500547945205,4.24712328767123
"5071","URZ06",42.81713656,-0.91623931,1983,716.18,15.6952876712329,4.29712328767123
"5072","URZ06",42.81713656,-0.91623931,1984,1054.08,13.9159836065574,3.26898907103825
"5073","URZ06",42.81713656,-0.91623931,1985,758.29,15.222301369863,3.66904109589041
"5074","URZ06",42.81713656,-0.91623931,1986,891.88,14.5556164383562,3.99934246575342
"5075","URZ06",42.81713656,-0.91623931,1987,874.51,15.0593424657534,4.54079452054795
"5076","URZ06",42.81713656,-0.91623931,1988,956.79,14.94,4.46546448087432
"5077","URZ06",42.81713656,-0.91623931,1989,763.73,16.0697808219178,5.43260273972603
"5078","URZ06",42.81713656,-0.91623931,1990,854,15.8781643835616,4.87652054794521
"5079","URZ06",42.81713656,-0.91623931,1991,785.24,14.5238630136986,4.27476712328767
"5080","URZ06",42.81713656,-0.91623931,1992,1024.61,14.5354644808743,4.22573770491803
"5081","URZ06",42.81713656,-0.91623931,1993,920.63,14.6105479452055,3.71649315068493
"5082","URZ06",42.81713656,-0.91623931,1994,886.33,15.8507945205479,4.9718904109589
"5083","URZ06",42.81713656,-0.91623931,1995,853.33,15.6983561643836,5.00980821917808
"5084","URZ06",42.81713656,-0.91623931,1996,1084.42,14.0792896174863,4.8020218579235
"5085","URZ06",42.81713656,-0.91623931,1997,997.46,15.6104109589041,6.10090410958904
"5086","URZ06",42.81713656,-0.91623931,1998,926.2,14.6131506849315,5.06145205479452
"5087","URZ06",42.81713656,-0.91623931,1999,1042.28,13.9600547945205,5.0953698630137
"5088","URZ06",42.81713656,-0.91623931,2000,1111.95,14.8554918032787,5.12516393442623
"5089","URZ06",42.81713656,-0.91623931,2001,885.51,14.5751780821918,5.22260273972603
"5090","URZ06",42.81713656,-0.91623931,2002,1507.31,13.7953150684932,5.8807397260274
"5091","URZ06",42.81713656,-0.91623931,2003,1187.07,14.5059452054795,6.27520547945205
"5092","URZ06",42.81713656,-0.91623931,2004,895.35,14.5448907103825,4.66918032786885
"5093","URZ06",42.81713656,-0.91623931,2005,1092.98,13.5109589041096,5.05295890410959
"5094","URZ06",42.81713656,-0.91623931,2006,1014.43,14.9727671232877,6.28775342465753
"5095","URZ06",42.81713656,-0.91623931,2007,1220.48,14.1533424657534,4.96476712328767
"5096","URZ06",42.81713656,-0.91623931,2008,1537.26,13.3407923497268,5.01306010928962
"5097","URZ06",42.81713656,-0.91623931,2009,1413.78,14.2292328767123,5.65476712328767
"5098","URZ06",42.81713656,-0.91623931,2010,1261.15,12.5614520547945,4.64602739726027
"5099","URZ06",42.81713656,-0.91623931,2011,1281.51,15.0135342465753,6.49120547945205
"5100","URZ06",42.81713656,-0.91623931,2012,1304.36,14.3840983606557,5.65303278688525
"5101","URZ06",42.81713656,-0.91623931,2013,1808.47,12.9693150684932,5.21265753424658
"5102","URZ06",42.81713656,-0.91623931,2014,1680.23,14.2147123287671,6.19638356164384
"5103","URZ06",42.81713656,-0.91623931,2015,1424.1,15.032904109589,6.13575342465753
"5104","URZ06",42.81713656,-0.91623931,2016,1261.54,14.0787431693989,5.79775956284153
"5105","URZ06",42.81713656,-0.91623931,2017,1344.6,14.9471232876712,5.79498630136986
"5106","URZ06",42.81713656,-0.91623931,2018,1642.73,13.9596712328767,5.99246575342466
"5107","URZ06",42.81713656,-0.91623931,2019,1542.35,14.7427671232877,5.76372602739726
"5108","URZ06",42.81713656,-0.91623931,2020,1291.24,15.2557103825137,6.31920765027322
"5109","URZ06",42.81713656,-0.91623931,2021,787.02,15.0381643835616,5.33487671232877
"5110","URZ06",42.81713656,-0.91623931,2022,575.1,17.2812602739726,6.76816438356164
"5111","URZ05",42.81586196,-0.91666517,1950,934.55,13.6126849315069,3.51495890410959
"5112","URZ05",42.81586196,-0.91666517,1951,1125.04,12.0314794520548,2.84580821917808
"5113","URZ05",42.81586196,-0.91666517,1952,969.95,13.1653551912568,3.68062841530055
"5114","URZ05",42.81586196,-0.91666517,1953,645.31,13.6963835616438,2.95112328767123
"5115","URZ05",42.81586196,-0.91666517,1954,863.32,12.5954794520548,2.3161095890411
"5116","URZ05",42.81586196,-0.91666517,1955,762.29,13.928904109589,3.69254794520548
"5117","URZ05",42.81586196,-0.91666517,1956,757.17,11.8396721311475,1.79390710382514
"5118","URZ05",42.81586196,-0.91666517,1957,730.77,13.2455342465753,2.8506301369863
"5119","URZ05",42.81586196,-0.91666517,1958,881.16,13.5013150684932,2.18052054794521
"5120","URZ05",42.81586196,-0.91666517,1959,1203.28,13.5623835616438,2.05008219178082
"5121","URZ05",42.81586196,-0.91666517,1960,1242,13.1637704918033,1.3922131147541
"5122","URZ05",42.81586196,-0.91666517,1961,1082.43,15.2210684931507,1.6018904109589
"5123","URZ05",42.81586196,-0.91666517,1962,888.01,14.2513698630137,1.04038356164384
"5124","URZ05",42.81586196,-0.91666517,1963,1138.63,13.0520821917808,0.166684931506849
"5125","URZ05",42.81586196,-0.91666517,1964,869.68,14.6002459016393,1.09510928961749
"5126","URZ05",42.81586196,-0.91666517,1965,1069.53,13.3750136986301,1.06947945205479
"5127","URZ05",42.81586196,-0.91666517,1966,1255,13.6847945205479,2.31328767123288
"5128","URZ05",42.81586196,-0.91666517,1967,882.8,14.2054246575342,1.8501095890411
"5129","URZ05",42.81586196,-0.91666517,1968,1023.84,13.7062295081967,2.4120218579235
"5130","URZ05",42.81586196,-0.91666517,1969,1152.71,12.5318082191781,2.33756164383562
"5131","URZ05",42.81586196,-0.91666517,1970,815.54,13.8590136986301,2.07334246575342
"5132","URZ05",42.81586196,-0.91666517,1971,1113.2,13.0807123287671,1.94252054794521
"5133","URZ05",42.81586196,-0.91666517,1972,1202.2,12.2869672131148,1.2575956284153
"5134","URZ05",42.81586196,-0.91666517,1973,858.03,13.7833150684932,1.914
"5135","URZ05",42.81586196,-0.91666517,1974,1017.18,13.0388767123288,1.66347945205479
"5136","URZ05",42.81586196,-0.91666517,1975,934.96,13.4872876712329,1.60695890410959
"5137","URZ05",42.81586196,-0.91666517,1976,1026.56,13.6618579234973,1.36489071038251
"5138","URZ05",42.81586196,-0.91666517,1977,1080.15,13.2315342465753,1.52071232876712
"5139","URZ05",42.81586196,-0.91666517,1978,1055.36,13.5029589041096,0.673561643835616
"5140","URZ05",42.81586196,-0.91666517,1979,1246.44,12.9014794520548,2.22008219178082
"5141","URZ05",42.81586196,-0.91666517,1980,958.71,13.6745081967213,1.5744262295082
"5142","URZ05",42.81586196,-0.91666517,1981,990.89,14.5520273972603,2.53643835616438
"5143","URZ05",42.81586196,-0.91666517,1982,1086.9,14.0832328767123,3.11243835616438
"5144","URZ05",42.81586196,-0.91666517,1983,755.26,14.7229315068493,3.15720547945205
"5145","URZ05",42.81586196,-0.91666517,1984,1114.61,12.9512841530055,2.13265027322404
"5146","URZ05",42.81586196,-0.91666517,1985,802.05,14.2571780821918,2.52682191780822
"5147","URZ05",42.81586196,-0.91666517,1986,940.91,13.5924931506849,2.86060273972603
"5148","URZ05",42.81586196,-0.91666517,1987,919.69,14.0887671232877,3.40361643835616
"5149","URZ05",42.81586196,-0.91666517,1988,1015.43,13.9739071038251,3.32592896174863
"5150","URZ05",42.81586196,-0.91666517,1989,805.62,15.0984109589041,4.28484931506849
"5151","URZ05",42.81586196,-0.91666517,1990,905.6,14.9104383561644,3.72865753424658
"5152","URZ05",42.81586196,-0.91666517,1991,828.14,13.5555890410959,3.13134246575342
"5153","URZ05",42.81586196,-0.91666517,1992,1082.13,13.5625136612022,3.08357923497268
"5154","URZ05",42.81586196,-0.91666517,1993,972.69,13.6408493150685,2.56947945205479
"5155","URZ05",42.81586196,-0.91666517,1994,937.15,14.8850410958904,3.8266301369863
"5156","URZ05",42.81586196,-0.91666517,1995,900.39,14.7392876712329,3.87027397260274
"5157","URZ05",42.81586196,-0.91666517,1996,1146.17,13.1125683060109,3.66084699453552
"5158","URZ05",42.81586196,-0.91666517,1997,1058.75,14.6372602739726,4.95391780821918
"5159","URZ05",42.81586196,-0.91666517,1998,975.77,13.6415616438356,3.9181095890411
"5160","URZ05",42.81586196,-0.91666517,1999,1102.09,12.987095890411,3.95205479452055
"5161","URZ05",42.81586196,-0.91666517,2000,1174.12,13.8841256830601,3.98043715846995
"5162","URZ05",42.81586196,-0.91666517,2001,929.13,13.6129863013699,4.0733698630137
"5163","URZ05",42.81586196,-0.91666517,2002,1585.37,12.8592602739726,4.72498630136986
"5164","URZ05",42.81586196,-0.91666517,2003,1250.85,13.5632054794521,5.12052054794521
"5165","URZ05",42.81586196,-0.91666517,2004,942.29,13.5775409836066,3.53060109289618
"5166","URZ05",42.81586196,-0.91666517,2005,1146.14,12.5702739726027,3.88731506849315
"5167","URZ05",42.81586196,-0.91666517,2006,1074.22,14.0198356164384,5.11852054794521
"5168","URZ05",42.81586196,-0.91666517,2007,1284.2,13.2009589041096,3.80353424657534
"5169","URZ05",42.81586196,-0.91666517,2008,1623.38,12.403087431694,3.85387978142077
"5170","URZ05",42.81586196,-0.91666517,2009,1489.93,13.2941095890411,4.49742465753425
"5171","URZ05",42.81586196,-0.91666517,2010,1334.87,11.6385205479452,3.49731506849315
"5172","URZ05",42.81586196,-0.91666517,2011,1353.45,14.0745753424658,5.32068493150685
"5173","URZ05",42.81586196,-0.91666517,2012,1371.62,13.4496721311475,4.48699453551913
"5174","URZ05",42.81586196,-0.91666517,2013,1910.27,12.049095890411,4.06052054794521
"5175","URZ05",42.81586196,-0.91666517,2014,1776.16,13.2947123287671,5.04290410958904
"5176","URZ05",42.81586196,-0.91666517,2015,1503.62,14.0868219178082,4.97608219178082
"5177","URZ05",42.81586196,-0.91666517,2016,1332.77,13.1479234972678,4.63273224043716
"5178","URZ05",42.81586196,-0.91666517,2017,1422.15,14.0078630136986,4.62832876712329
"5179","URZ05",42.81586196,-0.91666517,2018,1738.29,13.0267671232877,4.83813698630137
"5180","URZ05",42.81586196,-0.91666517,2019,1629.74,13.8086575342466,4.59106849315068
"5181","URZ05",42.81586196,-0.91666517,2020,1365.35,14.3127322404372,5.14459016393443
"5182","URZ05",42.81586196,-0.91666517,2021,834.31,14.074301369863,4.19235616438356
"5183","URZ05",42.81586196,-0.91666517,2022,606.71,16.3207123287671,5.62243835616438
"5184","URZ04",42.81638392,-0.91757748,1950,930.33,13.8249315068493,3.70339726027397
"5185","URZ04",42.81638392,-0.91757748,1951,1118.21,12.2534246575342,3.03161643835616
"5186","URZ04",42.81638392,-0.91757748,1952,965.01,13.375218579235,3.86109289617486
"5187","URZ04",42.81638392,-0.91757748,1953,640.39,13.9062739726027,3.11693150684932
"5188","URZ04",42.81638392,-0.91757748,1954,856,12.8098904109589,2.4907397260274
"5189","URZ04",42.81638392,-0.91757748,1955,754.93,14.1493698630137,3.86709589041096
"5190","URZ04",42.81638392,-0.91757748,1956,749.36,12.0579781420765,1.9720218579235
"5191","URZ04",42.81638392,-0.91757748,1957,721.33,13.4615342465753,3.02567123287671
"5192","URZ04",42.81638392,-0.91757748,1958,873.41,13.7209863013699,2.37090410958904
"5193","URZ04",42.81638392,-0.91757748,1959,1194.4,13.783095890411,2.24213698630137
"5194","URZ04",42.81638392,-0.91757748,1960,1232.63,13.3815573770492,1.58631147540984
"5195","URZ04",42.81638392,-0.91757748,1961,1074.79,15.4288493150685,1.79901369863014
"5196","URZ04",42.81638392,-0.91757748,1962,878.2,14.463095890411,1.23961643835616
"5197","URZ04",42.81638392,-0.91757748,1963,1126.47,13.2626575342466,0.361260273972603
"5198","URZ04",42.81638392,-0.91757748,1964,861.44,14.8001639344262,1.28516393442623
"5199","URZ04",42.81638392,-0.91757748,1965,1059.1,13.5816712328767,1.25832876712329
"5200","URZ04",42.81638392,-0.91757748,1966,1241.84,13.8951232876712,2.49602739726027
"5201","URZ04",42.81638392,-0.91757748,1967,874.72,14.4075616438356,2.03356164383562
"5202","URZ04",42.81638392,-0.91757748,1968,1015.63,13.9130601092896,2.6031693989071
"5203","URZ04",42.81638392,-0.91757748,1969,1135.48,12.7442465753425,2.53032876712329
"5204","URZ04",42.81638392,-0.91757748,1970,805.55,14.062602739726,2.26909589041096
"5205","URZ04",42.81638392,-0.91757748,1971,1098.53,13.2910684931507,2.13906849315068
"5206","URZ04",42.81638392,-0.91757748,1972,1193.02,12.502349726776,1.45393442622951
"5207","URZ04",42.81638392,-0.91757748,1973,849.73,13.9858630136986,2.10890410958904
"5208","URZ04",42.81638392,-0.91757748,1974,1005.15,13.2476164383562,1.86090410958904
"5209","URZ04",42.81638392,-0.91757748,1975,926.49,13.6948219178082,1.80523287671233
"5210","URZ04",42.81638392,-0.91757748,1976,1016.85,13.8724590163934,1.56300546448087
"5211","URZ04",42.81638392,-0.91757748,1977,1068.25,13.4428767123288,1.72169863013699
"5212","URZ04",42.81638392,-0.91757748,1978,1041.87,13.7104931506849,0.879315068493151
"5213","URZ04",42.81638392,-0.91757748,1979,1232.32,13.1130684931507,2.41115068493151
"5214","URZ04",42.81638392,-0.91757748,1980,949.71,13.8765846994536,1.76811475409836
"5215","URZ04",42.81638392,-0.91757748,1981,980.32,14.7602739726027,2.73101369863014
"5216","URZ04",42.81638392,-0.91757748,1982,1075.62,14.2982465753425,3.30504109589041
"5217","URZ04",42.81638392,-0.91757748,1983,748.34,14.9299178082192,3.34452054794521
"5218","URZ04",42.81638392,-0.91757748,1984,1102.72,13.1662295081967,2.32505464480874
"5219","URZ04",42.81638392,-0.91757748,1985,792.48,14.4666575342466,2.71139726027397
"5220","URZ04",42.81638392,-0.91757748,1986,929.4,13.8042191780822,3.0432602739726
"5221","URZ04",42.81638392,-0.91757748,1987,909.65,14.292904109589,3.58917808219178
"5222","URZ04",42.81638392,-0.91757748,1988,1004.82,14.1817213114754,3.51172131147541
"5223","URZ04",42.81638392,-0.91757748,1989,795.1,15.3068767123288,4.45635616438356
"5224","URZ04",42.81638392,-0.91757748,1990,895.64,15.1177260273973,3.90652054794521
"5225","URZ04",42.81638392,-0.91757748,1991,817.24,13.7650410958904,3.31372602739726
"5226","URZ04",42.81638392,-0.91757748,1992,1071.34,13.7668306010929,3.26928961748634
"5227","URZ04",42.81638392,-0.91757748,1993,962.16,13.8491780821918,2.75539726027397
"5228","URZ04",42.81638392,-0.91757748,1994,926.36,15.0938904109589,4.0092602739726
"5229","URZ04",42.81638392,-0.91757748,1995,885.51,14.960904109589,4.04819178082192
"5230","URZ04",42.81638392,-0.91757748,1996,1132.44,13.3292349726776,3.83754098360656
"5231","URZ04",42.81638392,-0.91757748,1997,1046.23,14.8553698630137,5.12408219178082
"5232","URZ04",42.81638392,-0.91757748,1998,963.37,13.8553424657534,4.0912602739726
"5233","URZ04",42.81638392,-0.91757748,1999,1086.84,13.2001369863014,4.13194520547945
"5234","URZ04",42.81638392,-0.91757748,2000,1161,14.1012021857923,4.15448087431694
"5235","URZ04",42.81638392,-0.91757748,2001,913.06,13.8361643835616,4.24572602739726
"5236","URZ04",42.81638392,-0.91757748,2002,1561.77,13.1009315068493,4.8913698630137
"5237","URZ04",42.81638392,-0.91757748,2003,1233.05,13.8022465753425,5.28824657534247
"5238","URZ04",42.81638392,-0.91757748,2004,933.09,13.7970218579235,3.71112021857923
"5239","URZ04",42.81638392,-0.91757748,2005,1133.79,12.8027123287671,4.04465753424657
"5240","URZ04",42.81638392,-0.91757748,2006,1060.06,14.2440547945205,5.27243835616438
"5241","URZ04",42.81638392,-0.91757748,2007,1273.32,13.4222739726027,3.95923287671233
"5242","URZ04",42.81638392,-0.91757748,2008,1606.07,12.6399726775956,4.01355191256831
"5243","URZ04",42.81638392,-0.91757748,2009,1475.52,13.5292876712329,4.65950684931507
"5244","URZ04",42.81638392,-0.91757748,2010,1321.62,11.884602739726,3.66876712328767
"5245","URZ04",42.81638392,-0.91757748,2011,1336.67,14.3144657534247,5.47920547945205
"5246","URZ04",42.81638392,-0.91757748,2012,1357.75,13.6881420765027,4.64669398907104
"5247","URZ04",42.81638392,-0.91757748,2013,1889.86,12.2982739726027,4.23205479452055
"5248","URZ04",42.81638392,-0.91757748,2014,1757.86,13.5409863013699,5.21452054794521
"5249","URZ04",42.81638392,-0.91757748,2015,1488.29,14.316602739726,5.1378904109589
"5250","URZ04",42.81638392,-0.91757748,2016,1315.98,13.3902459016393,4.79450819672131
"5251","URZ04",42.81638392,-0.91757748,2017,1408.27,14.2444931506849,4.78912328767123
"5252","URZ04",42.81638392,-0.91757748,2018,1720.64,13.2688493150685,5.00986301369863
"5253","URZ04",42.81638392,-0.91757748,2019,1614.63,14.0506849315068,4.74578082191781
"5254","URZ04",42.81638392,-0.91757748,2020,1351.61,14.5543169398907,5.29404371584699
"5255","URZ04",42.81638392,-0.91757748,2021,825.02,14.2994520547945,4.36980821917808
"5256","URZ04",42.81638392,-0.91757748,2022,598.41,16.5489589041096,5.79353424657534
"5257","OZA06",42.82957464,-0.71211447,1950,765.09,13.343095890411,3.79928767123288
"5258","OZA06",42.82957464,-0.71211447,1951,991.42,11.5635616438356,3.23131506849315
"5259","OZA06",42.82957464,-0.71211447,1952,840.3,12.9582513661202,4.15715846994536
"5260","OZA06",42.82957464,-0.71211447,1953,554.43,13.5012328767123,3.73860273972603
"5261","OZA06",42.82957464,-0.71211447,1954,758.78,12.3072876712329,2.93753424657534
"5262","OZA06",42.82957464,-0.71211447,1955,706.04,13.525698630137,4.25849315068493
"5263","OZA06",42.82957464,-0.71211447,1956,696.05,11.4682786885246,2.30300546448087
"5264","OZA06",42.82957464,-0.71211447,1957,688.78,12.9143561643836,3.45095890410959
"5265","OZA06",42.82957464,-0.71211447,1958,780.69,13.0255342465753,2.53887671232877
"5266","OZA06",42.82957464,-0.71211447,1959,1054.34,13.1052328767123,2.47657534246575
"5267","OZA06",42.82957464,-0.71211447,1960,1084.48,12.7347540983607,1.74114754098361
"5268","OZA06",42.82957464,-0.71211447,1961,949.54,14.9421643835616,1.96161643835616
"5269","OZA06",42.82957464,-0.71211447,1962,831.47,13.8833150684932,1.31098630136986
"5270","OZA06",42.82957464,-0.71211447,1963,1048.87,12.6933424657534,0.542356164383562
"5271","OZA06",42.82957464,-0.71211447,1964,829.72,14.4474590163934,1.56158469945355
"5272","OZA06",42.82957464,-0.71211447,1965,995.27,13.0946301369863,1.46197260273973
"5273","OZA06",42.82957464,-0.71211447,1966,1201.4,13.3601643835616,2.78353424657534
"5274","OZA06",42.82957464,-0.71211447,1967,821.23,13.9878356164384,2.34142465753425
"5275","OZA06",42.82957464,-0.71211447,1968,945.91,13.4495081967213,2.72469945355191
"5276","OZA06",42.82957464,-0.71211447,1969,1162.79,12.1478356164384,2.62032876712329
"5277","OZA06",42.82957464,-0.71211447,1970,806.49,13.6373698630137,2.32065753424658
"5278","OZA06",42.82957464,-0.71211447,1971,1082.68,12.7286301369863,2.15991780821918
"5279","OZA06",42.82957464,-0.71211447,1972,1110.98,11.8399180327869,1.50647540983607
"5280","OZA06",42.82957464,-0.71211447,1973,800.46,13.5618630136986,2.21649315068493
"5281","OZA06",42.82957464,-0.71211447,1974,974.96,12.678602739726,1.95471232876712
"5282","OZA06",42.82957464,-0.71211447,1975,845.25,13.1681917808219,1.89619178082192
"5283","OZA06",42.82957464,-0.71211447,1976,991.21,13.3128142076503,1.69215846994536
"5284","OZA06",42.82957464,-0.71211447,1977,1060.59,12.8529315068493,1.77687671232877
"5285","OZA06",42.82957464,-0.71211447,1978,1033.24,13.1925753424658,0.908958904109589
"5286","OZA06",42.82957464,-0.71211447,1979,1199.93,12.5447397260274,2.56958904109589
"5287","OZA06",42.82957464,-0.71211447,1980,902.73,13.4610109289617,1.89295081967213
"5288","OZA06",42.82957464,-0.71211447,1981,965.76,14.2404931506849,2.77698630136986
"5289","OZA06",42.82957464,-0.71211447,1982,1060.92,13.6656712328767,3.36276712328767
"5290","OZA06",42.82957464,-0.71211447,1983,711.36,14.5021917808219,3.50649315068493
"5291","OZA06",42.82957464,-0.71211447,1984,1066.14,12.5624316939891,2.36939890710383
"5292","OZA06",42.82957464,-0.71211447,1985,781.85,13.9636164383562,2.94282191780822
"5293","OZA06",42.82957464,-0.71211447,1986,903.76,13.2791506849315,3.29024657534247
"5294","OZA06",42.82957464,-0.71211447,1987,920.29,13.9225753424658,3.78879452054795
"5295","OZA06",42.82957464,-0.71211447,1988,1014.26,13.6930054644809,3.71265027322404
"5296","OZA06",42.82957464,-0.71211447,1989,787.6,14.8413150684932,4.92986301369863
"5297","OZA06",42.82957464,-0.71211447,1990,870.09,14.6441369863014,4.28528767123288
"5298","OZA06",42.82957464,-0.71211447,1991,840.19,13.2772328767123,3.61224657534247
"5299","OZA06",42.82957464,-0.71211447,1992,1049.8,13.3947540983607,3.54103825136612
"5300","OZA06",42.82957464,-0.71211447,1993,947.13,13.3911506849315,3.05786301369863
"5301","OZA06",42.82957464,-0.71211447,1994,931.4,14.6882465753425,4.30668493150685
"5302","OZA06",42.82957464,-0.71211447,1995,958.31,14.2560821917808,4.39076712328767
"5303","OZA06",42.82957464,-0.71211447,1996,1115.33,12.7713661202186,4.18901639344262
"5304","OZA06",42.82957464,-0.71211447,1997,1019.25,14.2988493150685,5.5921095890411
"5305","OZA06",42.82957464,-0.71211447,1998,993.86,13.3822465753425,4.52232876712329
"5306","OZA06",42.82957464,-0.71211447,1999,1088.33,12.7372602739726,4.41457534246575
"5307","OZA06",42.82957464,-0.71211447,2000,1143.5,13.5648633879781,4.58412568306011
"5308","OZA06",42.82957464,-0.71211447,2001,966.78,13.2188493150685,4.61364383561644
"5309","OZA06",42.82957464,-0.71211447,2002,1563.45,12.2241917808219,5.36123287671233
"5310","OZA06",42.82957464,-0.71211447,2003,1212.7,12.9836438356164,5.73131506849315
"5311","OZA06",42.82957464,-0.71211447,2004,902.48,13.1839890710383,3.98696721311475
"5312","OZA06",42.82957464,-0.71211447,2005,1061.73,12.1771780821918,4.78032876712329
"5313","OZA06",42.82957464,-0.71211447,2006,1030.81,13.799095890411,6.17830136986301
"5314","OZA06",42.82957464,-0.71211447,2007,1178.74,12.8824931506849,4.79893150684932
"5315","OZA06",42.82957464,-0.71211447,2008,1455.93,11.8972131147541,4.70699453551913
"5316","OZA06",42.82957464,-0.71211447,2009,1325.48,12.7898904109589,5.29947945205479
"5317","OZA06",42.82957464,-0.71211447,2010,1201.47,11.0134520547945,4.02106849315069
"5318","OZA06",42.82957464,-0.71211447,2011,1210.02,13.4119178082192,6.02104109589041
"5319","OZA06",42.82957464,-0.71211447,2012,1237.24,12.8083606557377,5.16696721311475
"5320","OZA06",42.82957464,-0.71211447,2013,1735.11,11.2785753424658,4.55265753424657
"5321","OZA06",42.82957464,-0.71211447,2014,1565.19,12.5015068493151,5.55345205479452
"5322","OZA06",42.82957464,-0.71211447,2015,1333.91,13.5885479452055,5.70413698630137
"5323","OZA06",42.82957464,-0.71211447,2016,1237.97,12.5463387978142,5.36699453551913
"5324","OZA06",42.82957464,-0.71211447,2017,1245.41,13.4094246575342,5.36594520547945
"5325","OZA06",42.82957464,-0.71211447,2018,1535.52,12.367698630137,5.34687671232877
"5326","OZA06",42.82957464,-0.71211447,2019,1424.52,13.0571232876712,5.4067397260274
"5327","OZA06",42.82957464,-0.71211447,2020,1224.94,13.6012568306011,6.09163934426229
"5328","OZA06",42.82957464,-0.71211447,2021,755.2,13.4975342465753,4.77890410958904
"5329","OZA06",42.82957464,-0.71211447,2022,625.45,15.6478630136986,6.32893150684932
"5330","OZA05",42.82836832,-0.71306603,1950,765.09,13.343095890411,3.79928767123288
"5331","OZA05",42.82836832,-0.71306603,1951,991.42,11.5635616438356,3.23131506849315
"5332","OZA05",42.82836832,-0.71306603,1952,840.3,12.9582513661202,4.15715846994536
"5333","OZA05",42.82836832,-0.71306603,1953,554.43,13.5012328767123,3.73860273972603
"5334","OZA05",42.82836832,-0.71306603,1954,758.78,12.3072876712329,2.93753424657534
"5335","OZA05",42.82836832,-0.71306603,1955,706.04,13.525698630137,4.25849315068493
"5336","OZA05",42.82836832,-0.71306603,1956,696.05,11.4682786885246,2.30300546448087
"5337","OZA05",42.82836832,-0.71306603,1957,688.78,12.9143561643836,3.45095890410959
"5338","OZA05",42.82836832,-0.71306603,1958,780.69,13.0255342465753,2.53887671232877
"5339","OZA05",42.82836832,-0.71306603,1959,1054.34,13.1052328767123,2.47657534246575
"5340","OZA05",42.82836832,-0.71306603,1960,1084.48,12.7347540983607,1.74114754098361
"5341","OZA05",42.82836832,-0.71306603,1961,949.54,14.9421643835616,1.96161643835616
"5342","OZA05",42.82836832,-0.71306603,1962,831.47,13.8833150684932,1.31098630136986
"5343","OZA05",42.82836832,-0.71306603,1963,1048.87,12.6933424657534,0.542356164383562
"5344","OZA05",42.82836832,-0.71306603,1964,829.72,14.4474590163934,1.56158469945355
"5345","OZA05",42.82836832,-0.71306603,1965,995.27,13.0946301369863,1.46197260273973
"5346","OZA05",42.82836832,-0.71306603,1966,1201.4,13.3601643835616,2.78353424657534
"5347","OZA05",42.82836832,-0.71306603,1967,821.23,13.9878356164384,2.34142465753425
"5348","OZA05",42.82836832,-0.71306603,1968,945.91,13.4495081967213,2.72469945355191
"5349","OZA05",42.82836832,-0.71306603,1969,1162.79,12.1478356164384,2.62032876712329
"5350","OZA05",42.82836832,-0.71306603,1970,806.49,13.6373698630137,2.32065753424658
"5351","OZA05",42.82836832,-0.71306603,1971,1082.68,12.7286301369863,2.15991780821918
"5352","OZA05",42.82836832,-0.71306603,1972,1110.98,11.8399180327869,1.50647540983607
"5353","OZA05",42.82836832,-0.71306603,1973,800.46,13.5618630136986,2.21649315068493
"5354","OZA05",42.82836832,-0.71306603,1974,974.96,12.678602739726,1.95471232876712
"5355","OZA05",42.82836832,-0.71306603,1975,845.25,13.1681917808219,1.89619178082192
"5356","OZA05",42.82836832,-0.71306603,1976,991.21,13.3128142076503,1.69215846994536
"5357","OZA05",42.82836832,-0.71306603,1977,1060.59,12.8529315068493,1.77687671232877
"5358","OZA05",42.82836832,-0.71306603,1978,1033.24,13.1925753424658,0.908958904109589
"5359","OZA05",42.82836832,-0.71306603,1979,1199.93,12.5447397260274,2.56958904109589
"5360","OZA05",42.82836832,-0.71306603,1980,902.73,13.4610109289617,1.89295081967213
"5361","OZA05",42.82836832,-0.71306603,1981,965.76,14.2404931506849,2.77698630136986
"5362","OZA05",42.82836832,-0.71306603,1982,1060.92,13.6656712328767,3.36276712328767
"5363","OZA05",42.82836832,-0.71306603,1983,711.36,14.5021917808219,3.50649315068493
"5364","OZA05",42.82836832,-0.71306603,1984,1066.14,12.5624316939891,2.36939890710383
"5365","OZA05",42.82836832,-0.71306603,1985,781.85,13.9636164383562,2.94282191780822
"5366","OZA05",42.82836832,-0.71306603,1986,903.76,13.2791506849315,3.29024657534247
"5367","OZA05",42.82836832,-0.71306603,1987,920.29,13.9225753424658,3.78879452054795
"5368","OZA05",42.82836832,-0.71306603,1988,1014.26,13.6930054644809,3.71265027322404
"5369","OZA05",42.82836832,-0.71306603,1989,787.6,14.8413150684932,4.92986301369863
"5370","OZA05",42.82836832,-0.71306603,1990,870.09,14.6441369863014,4.28528767123288
"5371","OZA05",42.82836832,-0.71306603,1991,840.19,13.2772328767123,3.61224657534247
"5372","OZA05",42.82836832,-0.71306603,1992,1049.8,13.3947540983607,3.54103825136612
"5373","OZA05",42.82836832,-0.71306603,1993,947.13,13.3911506849315,3.05786301369863
"5374","OZA05",42.82836832,-0.71306603,1994,931.4,14.6882465753425,4.30668493150685
"5375","OZA05",42.82836832,-0.71306603,1995,958.31,14.2560821917808,4.39076712328767
"5376","OZA05",42.82836832,-0.71306603,1996,1115.33,12.7713661202186,4.18901639344262
"5377","OZA05",42.82836832,-0.71306603,1997,1019.25,14.2988493150685,5.5921095890411
"5378","OZA05",42.82836832,-0.71306603,1998,993.86,13.3822465753425,4.52232876712329
"5379","OZA05",42.82836832,-0.71306603,1999,1088.33,12.7372602739726,4.41457534246575
"5380","OZA05",42.82836832,-0.71306603,2000,1143.5,13.5648633879781,4.58412568306011
"5381","OZA05",42.82836832,-0.71306603,2001,966.78,13.2188493150685,4.61364383561644
"5382","OZA05",42.82836832,-0.71306603,2002,1563.45,12.2241917808219,5.36123287671233
"5383","OZA05",42.82836832,-0.71306603,2003,1212.7,12.9836438356164,5.73131506849315
"5384","OZA05",42.82836832,-0.71306603,2004,902.48,13.1839890710383,3.98696721311475
"5385","OZA05",42.82836832,-0.71306603,2005,1061.73,12.1771780821918,4.78032876712329
"5386","OZA05",42.82836832,-0.71306603,2006,1030.81,13.799095890411,6.17830136986301
"5387","OZA05",42.82836832,-0.71306603,2007,1178.74,12.8824931506849,4.79893150684932
"5388","OZA05",42.82836832,-0.71306603,2008,1455.93,11.8972131147541,4.70699453551913
"5389","OZA05",42.82836832,-0.71306603,2009,1325.48,12.7898904109589,5.29947945205479
"5390","OZA05",42.82836832,-0.71306603,2010,1201.47,11.0134520547945,4.02106849315069
"5391","OZA05",42.82836832,-0.71306603,2011,1210.02,13.4119178082192,6.02104109589041
"5392","OZA05",42.82836832,-0.71306603,2012,1237.24,12.8083606557377,5.16696721311475
"5393","OZA05",42.82836832,-0.71306603,2013,1735.11,11.2785753424658,4.55265753424657
"5394","OZA05",42.82836832,-0.71306603,2014,1565.19,12.5015068493151,5.55345205479452
"5395","OZA05",42.82836832,-0.71306603,2015,1333.91,13.5885479452055,5.70413698630137
"5396","OZA05",42.82836832,-0.71306603,2016,1237.97,12.5463387978142,5.36699453551913
"5397","OZA05",42.82836832,-0.71306603,2017,1245.41,13.4094246575342,5.36594520547945
"5398","OZA05",42.82836832,-0.71306603,2018,1535.52,12.367698630137,5.34687671232877
"5399","OZA05",42.82836832,-0.71306603,2019,1424.52,13.0571232876712,5.4067397260274
"5400","OZA05",42.82836832,-0.71306603,2020,1224.94,13.6012568306011,6.09163934426229
"5401","OZA05",42.82836832,-0.71306603,2021,755.2,13.4975342465753,4.77890410958904
"5402","OZA05",42.82836832,-0.71306603,2022,625.45,15.6478630136986,6.32893150684932
"5403","OZA04",42.82844933,-0.7137247,1950,765.09,13.343095890411,3.79928767123288
"5404","OZA04",42.82844933,-0.7137247,1951,991.42,11.5635616438356,3.23131506849315
"5405","OZA04",42.82844933,-0.7137247,1952,840.3,12.9582513661202,4.15715846994536
"5406","OZA04",42.82844933,-0.7137247,1953,554.43,13.5012328767123,3.73860273972603
"5407","OZA04",42.82844933,-0.7137247,1954,758.78,12.3072876712329,2.93753424657534
"5408","OZA04",42.82844933,-0.7137247,1955,706.04,13.525698630137,4.25849315068493
"5409","OZA04",42.82844933,-0.7137247,1956,696.05,11.4682786885246,2.30300546448087
"5410","OZA04",42.82844933,-0.7137247,1957,688.78,12.9143561643836,3.45095890410959
"5411","OZA04",42.82844933,-0.7137247,1958,780.69,13.0255342465753,2.53887671232877
"5412","OZA04",42.82844933,-0.7137247,1959,1054.34,13.1052328767123,2.47657534246575
"5413","OZA04",42.82844933,-0.7137247,1960,1084.48,12.7347540983607,1.74114754098361
"5414","OZA04",42.82844933,-0.7137247,1961,949.54,14.9421643835616,1.96161643835616
"5415","OZA04",42.82844933,-0.7137247,1962,831.47,13.8833150684932,1.31098630136986
"5416","OZA04",42.82844933,-0.7137247,1963,1048.87,12.6933424657534,0.542356164383562
"5417","OZA04",42.82844933,-0.7137247,1964,829.72,14.4474590163934,1.56158469945355
"5418","OZA04",42.82844933,-0.7137247,1965,995.27,13.0946301369863,1.46197260273973
"5419","OZA04",42.82844933,-0.7137247,1966,1201.4,13.3601643835616,2.78353424657534
"5420","OZA04",42.82844933,-0.7137247,1967,821.23,13.9878356164384,2.34142465753425
"5421","OZA04",42.82844933,-0.7137247,1968,945.91,13.4495081967213,2.72469945355191
"5422","OZA04",42.82844933,-0.7137247,1969,1162.79,12.1478356164384,2.62032876712329
"5423","OZA04",42.82844933,-0.7137247,1970,806.49,13.6373698630137,2.32065753424658
"5424","OZA04",42.82844933,-0.7137247,1971,1082.68,12.7286301369863,2.15991780821918
"5425","OZA04",42.82844933,-0.7137247,1972,1110.98,11.8399180327869,1.50647540983607
"5426","OZA04",42.82844933,-0.7137247,1973,800.46,13.5618630136986,2.21649315068493
"5427","OZA04",42.82844933,-0.7137247,1974,974.96,12.678602739726,1.95471232876712
"5428","OZA04",42.82844933,-0.7137247,1975,845.25,13.1681917808219,1.89619178082192
"5429","OZA04",42.82844933,-0.7137247,1976,991.21,13.3128142076503,1.69215846994536
"5430","OZA04",42.82844933,-0.7137247,1977,1060.59,12.8529315068493,1.77687671232877
"5431","OZA04",42.82844933,-0.7137247,1978,1033.24,13.1925753424658,0.908958904109589
"5432","OZA04",42.82844933,-0.7137247,1979,1199.93,12.5447397260274,2.56958904109589
"5433","OZA04",42.82844933,-0.7137247,1980,902.73,13.4610109289617,1.89295081967213
"5434","OZA04",42.82844933,-0.7137247,1981,965.76,14.2404931506849,2.77698630136986
"5435","OZA04",42.82844933,-0.7137247,1982,1060.92,13.6656712328767,3.36276712328767
"5436","OZA04",42.82844933,-0.7137247,1983,711.36,14.5021917808219,3.50649315068493
"5437","OZA04",42.82844933,-0.7137247,1984,1066.14,12.5624316939891,2.36939890710383
"5438","OZA04",42.82844933,-0.7137247,1985,781.85,13.9636164383562,2.94282191780822
"5439","OZA04",42.82844933,-0.7137247,1986,903.76,13.2791506849315,3.29024657534247
"5440","OZA04",42.82844933,-0.7137247,1987,920.29,13.9225753424658,3.78879452054795
"5441","OZA04",42.82844933,-0.7137247,1988,1014.26,13.6930054644809,3.71265027322404
"5442","OZA04",42.82844933,-0.7137247,1989,787.6,14.8413150684932,4.92986301369863
"5443","OZA04",42.82844933,-0.7137247,1990,870.09,14.6441369863014,4.28528767123288
"5444","OZA04",42.82844933,-0.7137247,1991,840.19,13.2772328767123,3.61224657534247
"5445","OZA04",42.82844933,-0.7137247,1992,1049.8,13.3947540983607,3.54103825136612
"5446","OZA04",42.82844933,-0.7137247,1993,947.13,13.3911506849315,3.05786301369863
"5447","OZA04",42.82844933,-0.7137247,1994,931.4,14.6882465753425,4.30668493150685
"5448","OZA04",42.82844933,-0.7137247,1995,958.31,14.2560821917808,4.39076712328767
"5449","OZA04",42.82844933,-0.7137247,1996,1115.33,12.7713661202186,4.18901639344262
"5450","OZA04",42.82844933,-0.7137247,1997,1019.25,14.2988493150685,5.5921095890411
"5451","OZA04",42.82844933,-0.7137247,1998,993.86,13.3822465753425,4.52232876712329
"5452","OZA04",42.82844933,-0.7137247,1999,1088.33,12.7372602739726,4.41457534246575
"5453","OZA04",42.82844933,-0.7137247,2000,1143.5,13.5648633879781,4.58412568306011
"5454","OZA04",42.82844933,-0.7137247,2001,966.78,13.2188493150685,4.61364383561644
"5455","OZA04",42.82844933,-0.7137247,2002,1563.45,12.2241917808219,5.36123287671233
"5456","OZA04",42.82844933,-0.7137247,2003,1212.7,12.9836438356164,5.73131506849315
"5457","OZA04",42.82844933,-0.7137247,2004,902.48,13.1839890710383,3.98696721311475
"5458","OZA04",42.82844933,-0.7137247,2005,1061.73,12.1771780821918,4.78032876712329
"5459","OZA04",42.82844933,-0.7137247,2006,1030.81,13.799095890411,6.17830136986301
"5460","OZA04",42.82844933,-0.7137247,2007,1178.74,12.8824931506849,4.79893150684932
"5461","OZA04",42.82844933,-0.7137247,2008,1455.93,11.8972131147541,4.70699453551913
"5462","OZA04",42.82844933,-0.7137247,2009,1325.48,12.7898904109589,5.29947945205479
"5463","OZA04",42.82844933,-0.7137247,2010,1201.47,11.0134520547945,4.02106849315069
"5464","OZA04",42.82844933,-0.7137247,2011,1210.02,13.4119178082192,6.02104109589041
"5465","OZA04",42.82844933,-0.7137247,2012,1237.24,12.8083606557377,5.16696721311475
"5466","OZA04",42.82844933,-0.7137247,2013,1735.11,11.2785753424658,4.55265753424657
"5467","OZA04",42.82844933,-0.7137247,2014,1565.19,12.5015068493151,5.55345205479452
"5468","OZA04",42.82844933,-0.7137247,2015,1333.91,13.5885479452055,5.70413698630137
"5469","OZA04",42.82844933,-0.7137247,2016,1237.97,12.5463387978142,5.36699453551913
"5470","OZA04",42.82844933,-0.7137247,2017,1245.41,13.4094246575342,5.36594520547945
"5471","OZA04",42.82844933,-0.7137247,2018,1535.52,12.367698630137,5.34687671232877
"5472","OZA04",42.82844933,-0.7137247,2019,1424.52,13.0571232876712,5.4067397260274
"5473","OZA04",42.82844933,-0.7137247,2020,1224.94,13.6012568306011,6.09163934426229
"5474","OZA04",42.82844933,-0.7137247,2021,755.2,13.4975342465753,4.77890410958904
"5475","OZA04",42.82844933,-0.7137247,2022,625.45,15.6478630136986,6.32893150684932
"5476","OZA03",42.82884142,-0.71435717,1950,765.09,13.343095890411,3.79928767123288
"5477","OZA03",42.82884142,-0.71435717,1951,991.42,11.5635616438356,3.23131506849315
"5478","OZA03",42.82884142,-0.71435717,1952,840.3,12.9582513661202,4.15715846994536
"5479","OZA03",42.82884142,-0.71435717,1953,554.43,13.5012328767123,3.73860273972603
"5480","OZA03",42.82884142,-0.71435717,1954,758.78,12.3072876712329,2.93753424657534
"5481","OZA03",42.82884142,-0.71435717,1955,706.04,13.525698630137,4.25849315068493
"5482","OZA03",42.82884142,-0.71435717,1956,696.05,11.4682786885246,2.30300546448087
"5483","OZA03",42.82884142,-0.71435717,1957,688.78,12.9143561643836,3.45095890410959
"5484","OZA03",42.82884142,-0.71435717,1958,780.69,13.0255342465753,2.53887671232877
"5485","OZA03",42.82884142,-0.71435717,1959,1054.34,13.1052328767123,2.47657534246575
"5486","OZA03",42.82884142,-0.71435717,1960,1084.48,12.7347540983607,1.74114754098361
"5487","OZA03",42.82884142,-0.71435717,1961,949.54,14.9421643835616,1.96161643835616
"5488","OZA03",42.82884142,-0.71435717,1962,831.47,13.8833150684932,1.31098630136986
"5489","OZA03",42.82884142,-0.71435717,1963,1048.87,12.6933424657534,0.542356164383562
"5490","OZA03",42.82884142,-0.71435717,1964,829.72,14.4474590163934,1.56158469945355
"5491","OZA03",42.82884142,-0.71435717,1965,995.27,13.0946301369863,1.46197260273973
"5492","OZA03",42.82884142,-0.71435717,1966,1201.4,13.3601643835616,2.78353424657534
"5493","OZA03",42.82884142,-0.71435717,1967,821.23,13.9878356164384,2.34142465753425
"5494","OZA03",42.82884142,-0.71435717,1968,945.91,13.4495081967213,2.72469945355191
"5495","OZA03",42.82884142,-0.71435717,1969,1162.79,12.1478356164384,2.62032876712329
"5496","OZA03",42.82884142,-0.71435717,1970,806.49,13.6373698630137,2.32065753424658
"5497","OZA03",42.82884142,-0.71435717,1971,1082.68,12.7286301369863,2.15991780821918
"5498","OZA03",42.82884142,-0.71435717,1972,1110.98,11.8399180327869,1.50647540983607
"5499","OZA03",42.82884142,-0.71435717,1973,800.46,13.5618630136986,2.21649315068493
"5500","OZA03",42.82884142,-0.71435717,1974,974.96,12.678602739726,1.95471232876712
"5501","OZA03",42.82884142,-0.71435717,1975,845.25,13.1681917808219,1.89619178082192
"5502","OZA03",42.82884142,-0.71435717,1976,991.21,13.3128142076503,1.69215846994536
"5503","OZA03",42.82884142,-0.71435717,1977,1060.59,12.8529315068493,1.77687671232877
"5504","OZA03",42.82884142,-0.71435717,1978,1033.24,13.1925753424658,0.908958904109589
"5505","OZA03",42.82884142,-0.71435717,1979,1199.93,12.5447397260274,2.56958904109589
"5506","OZA03",42.82884142,-0.71435717,1980,902.73,13.4610109289617,1.89295081967213
"5507","OZA03",42.82884142,-0.71435717,1981,965.76,14.2404931506849,2.77698630136986
"5508","OZA03",42.82884142,-0.71435717,1982,1060.92,13.6656712328767,3.36276712328767
"5509","OZA03",42.82884142,-0.71435717,1983,711.36,14.5021917808219,3.50649315068493
"5510","OZA03",42.82884142,-0.71435717,1984,1066.14,12.5624316939891,2.36939890710383
"5511","OZA03",42.82884142,-0.71435717,1985,781.85,13.9636164383562,2.94282191780822
"5512","OZA03",42.82884142,-0.71435717,1986,903.76,13.2791506849315,3.29024657534247
"5513","OZA03",42.82884142,-0.71435717,1987,920.29,13.9225753424658,3.78879452054795
"5514","OZA03",42.82884142,-0.71435717,1988,1014.26,13.6930054644809,3.71265027322404
"5515","OZA03",42.82884142,-0.71435717,1989,787.6,14.8413150684932,4.92986301369863
"5516","OZA03",42.82884142,-0.71435717,1990,870.09,14.6441369863014,4.28528767123288
"5517","OZA03",42.82884142,-0.71435717,1991,840.19,13.2772328767123,3.61224657534247
"5518","OZA03",42.82884142,-0.71435717,1992,1049.8,13.3947540983607,3.54103825136612
"5519","OZA03",42.82884142,-0.71435717,1993,947.13,13.3911506849315,3.05786301369863
"5520","OZA03",42.82884142,-0.71435717,1994,931.4,14.6882465753425,4.30668493150685
"5521","OZA03",42.82884142,-0.71435717,1995,958.31,14.2560821917808,4.39076712328767
"5522","OZA03",42.82884142,-0.71435717,1996,1115.33,12.7713661202186,4.18901639344262
"5523","OZA03",42.82884142,-0.71435717,1997,1019.25,14.2988493150685,5.5921095890411
"5524","OZA03",42.82884142,-0.71435717,1998,993.86,13.3822465753425,4.52232876712329
"5525","OZA03",42.82884142,-0.71435717,1999,1088.33,12.7372602739726,4.41457534246575
"5526","OZA03",42.82884142,-0.71435717,2000,1143.5,13.5648633879781,4.58412568306011
"5527","OZA03",42.82884142,-0.71435717,2001,966.78,13.2188493150685,4.61364383561644
"5528","OZA03",42.82884142,-0.71435717,2002,1563.45,12.2241917808219,5.36123287671233
"5529","OZA03",42.82884142,-0.71435717,2003,1212.7,12.9836438356164,5.73131506849315
"5530","OZA03",42.82884142,-0.71435717,2004,902.48,13.1839890710383,3.98696721311475
"5531","OZA03",42.82884142,-0.71435717,2005,1061.73,12.1771780821918,4.78032876712329
"5532","OZA03",42.82884142,-0.71435717,2006,1030.81,13.799095890411,6.17830136986301
"5533","OZA03",42.82884142,-0.71435717,2007,1178.74,12.8824931506849,4.79893150684932
"5534","OZA03",42.82884142,-0.71435717,2008,1455.93,11.8972131147541,4.70699453551913
"5535","OZA03",42.82884142,-0.71435717,2009,1325.48,12.7898904109589,5.29947945205479
"5536","OZA03",42.82884142,-0.71435717,2010,1201.47,11.0134520547945,4.02106849315069
"5537","OZA03",42.82884142,-0.71435717,2011,1210.02,13.4119178082192,6.02104109589041
"5538","OZA03",42.82884142,-0.71435717,2012,1237.24,12.8083606557377,5.16696721311475
"5539","OZA03",42.82884142,-0.71435717,2013,1735.11,11.2785753424658,4.55265753424657
"5540","OZA03",42.82884142,-0.71435717,2014,1565.19,12.5015068493151,5.55345205479452
"5541","OZA03",42.82884142,-0.71435717,2015,1333.91,13.5885479452055,5.70413698630137
"5542","OZA03",42.82884142,-0.71435717,2016,1237.97,12.5463387978142,5.36699453551913
"5543","OZA03",42.82884142,-0.71435717,2017,1245.41,13.4094246575342,5.36594520547945
"5544","OZA03",42.82884142,-0.71435717,2018,1535.52,12.367698630137,5.34687671232877
"5545","OZA03",42.82884142,-0.71435717,2019,1424.52,13.0571232876712,5.4067397260274
"5546","OZA03",42.82884142,-0.71435717,2020,1224.94,13.6012568306011,6.09163934426229
"5547","OZA03",42.82884142,-0.71435717,2021,755.2,13.4975342465753,4.77890410958904
"5548","OZA03",42.82884142,-0.71435717,2022,625.45,15.6478630136986,6.32893150684932
"5549","OZA02",42.82944139,-0.71393604,1950,765.09,13.343095890411,3.79928767123288
"5550","OZA02",42.82944139,-0.71393604,1951,991.42,11.5635616438356,3.23131506849315
"5551","OZA02",42.82944139,-0.71393604,1952,840.3,12.9582513661202,4.15715846994536
"5552","OZA02",42.82944139,-0.71393604,1953,554.43,13.5012328767123,3.73860273972603
"5553","OZA02",42.82944139,-0.71393604,1954,758.78,12.3072876712329,2.93753424657534
"5554","OZA02",42.82944139,-0.71393604,1955,706.04,13.525698630137,4.25849315068493
"5555","OZA02",42.82944139,-0.71393604,1956,696.05,11.4682786885246,2.30300546448087
"5556","OZA02",42.82944139,-0.71393604,1957,688.78,12.9143561643836,3.45095890410959
"5557","OZA02",42.82944139,-0.71393604,1958,780.69,13.0255342465753,2.53887671232877
"5558","OZA02",42.82944139,-0.71393604,1959,1054.34,13.1052328767123,2.47657534246575
"5559","OZA02",42.82944139,-0.71393604,1960,1084.48,12.7347540983607,1.74114754098361
"5560","OZA02",42.82944139,-0.71393604,1961,949.54,14.9421643835616,1.96161643835616
"5561","OZA02",42.82944139,-0.71393604,1962,831.47,13.8833150684932,1.31098630136986
"5562","OZA02",42.82944139,-0.71393604,1963,1048.87,12.6933424657534,0.542356164383562
"5563","OZA02",42.82944139,-0.71393604,1964,829.72,14.4474590163934,1.56158469945355
"5564","OZA02",42.82944139,-0.71393604,1965,995.27,13.0946301369863,1.46197260273973
"5565","OZA02",42.82944139,-0.71393604,1966,1201.4,13.3601643835616,2.78353424657534
"5566","OZA02",42.82944139,-0.71393604,1967,821.23,13.9878356164384,2.34142465753425
"5567","OZA02",42.82944139,-0.71393604,1968,945.91,13.4495081967213,2.72469945355191
"5568","OZA02",42.82944139,-0.71393604,1969,1162.79,12.1478356164384,2.62032876712329
"5569","OZA02",42.82944139,-0.71393604,1970,806.49,13.6373698630137,2.32065753424658
"5570","OZA02",42.82944139,-0.71393604,1971,1082.68,12.7286301369863,2.15991780821918
"5571","OZA02",42.82944139,-0.71393604,1972,1110.98,11.8399180327869,1.50647540983607
"5572","OZA02",42.82944139,-0.71393604,1973,800.46,13.5618630136986,2.21649315068493
"5573","OZA02",42.82944139,-0.71393604,1974,974.96,12.678602739726,1.95471232876712
"5574","OZA02",42.82944139,-0.71393604,1975,845.25,13.1681917808219,1.89619178082192
"5575","OZA02",42.82944139,-0.71393604,1976,991.21,13.3128142076503,1.69215846994536
"5576","OZA02",42.82944139,-0.71393604,1977,1060.59,12.8529315068493,1.77687671232877
"5577","OZA02",42.82944139,-0.71393604,1978,1033.24,13.1925753424658,0.908958904109589
"5578","OZA02",42.82944139,-0.71393604,1979,1199.93,12.5447397260274,2.56958904109589
"5579","OZA02",42.82944139,-0.71393604,1980,902.73,13.4610109289617,1.89295081967213
"5580","OZA02",42.82944139,-0.71393604,1981,965.76,14.2404931506849,2.77698630136986
"5581","OZA02",42.82944139,-0.71393604,1982,1060.92,13.6656712328767,3.36276712328767
"5582","OZA02",42.82944139,-0.71393604,1983,711.36,14.5021917808219,3.50649315068493
"5583","OZA02",42.82944139,-0.71393604,1984,1066.14,12.5624316939891,2.36939890710383
"5584","OZA02",42.82944139,-0.71393604,1985,781.85,13.9636164383562,2.94282191780822
"5585","OZA02",42.82944139,-0.71393604,1986,903.76,13.2791506849315,3.29024657534247
"5586","OZA02",42.82944139,-0.71393604,1987,920.29,13.9225753424658,3.78879452054795
"5587","OZA02",42.82944139,-0.71393604,1988,1014.26,13.6930054644809,3.71265027322404
"5588","OZA02",42.82944139,-0.71393604,1989,787.6,14.8413150684932,4.92986301369863
"5589","OZA02",42.82944139,-0.71393604,1990,870.09,14.6441369863014,4.28528767123288
"5590","OZA02",42.82944139,-0.71393604,1991,840.19,13.2772328767123,3.61224657534247
"5591","OZA02",42.82944139,-0.71393604,1992,1049.8,13.3947540983607,3.54103825136612
"5592","OZA02",42.82944139,-0.71393604,1993,947.13,13.3911506849315,3.05786301369863
"5593","OZA02",42.82944139,-0.71393604,1994,931.4,14.6882465753425,4.30668493150685
"5594","OZA02",42.82944139,-0.71393604,1995,958.31,14.2560821917808,4.39076712328767
"5595","OZA02",42.82944139,-0.71393604,1996,1115.33,12.7713661202186,4.18901639344262
"5596","OZA02",42.82944139,-0.71393604,1997,1019.25,14.2988493150685,5.5921095890411
"5597","OZA02",42.82944139,-0.71393604,1998,993.86,13.3822465753425,4.52232876712329
"5598","OZA02",42.82944139,-0.71393604,1999,1088.33,12.7372602739726,4.41457534246575
"5599","OZA02",42.82944139,-0.71393604,2000,1143.5,13.5648633879781,4.58412568306011
"5600","OZA02",42.82944139,-0.71393604,2001,966.78,13.2188493150685,4.61364383561644
"5601","OZA02",42.82944139,-0.71393604,2002,1563.45,12.2241917808219,5.36123287671233
"5602","OZA02",42.82944139,-0.71393604,2003,1212.7,12.9836438356164,5.73131506849315
"5603","OZA02",42.82944139,-0.71393604,2004,902.48,13.1839890710383,3.98696721311475
"5604","OZA02",42.82944139,-0.71393604,2005,1061.73,12.1771780821918,4.78032876712329
"5605","OZA02",42.82944139,-0.71393604,2006,1030.81,13.799095890411,6.17830136986301
"5606","OZA02",42.82944139,-0.71393604,2007,1178.74,12.8824931506849,4.79893150684932
"5607","OZA02",42.82944139,-0.71393604,2008,1455.93,11.8972131147541,4.70699453551913
"5608","OZA02",42.82944139,-0.71393604,2009,1325.48,12.7898904109589,5.29947945205479
"5609","OZA02",42.82944139,-0.71393604,2010,1201.47,11.0134520547945,4.02106849315069
"5610","OZA02",42.82944139,-0.71393604,2011,1210.02,13.4119178082192,6.02104109589041
"5611","OZA02",42.82944139,-0.71393604,2012,1237.24,12.8083606557377,5.16696721311475
"5612","OZA02",42.82944139,-0.71393604,2013,1735.11,11.2785753424658,4.55265753424657
"5613","OZA02",42.82944139,-0.71393604,2014,1565.19,12.5015068493151,5.55345205479452
"5614","OZA02",42.82944139,-0.71393604,2015,1333.91,13.5885479452055,5.70413698630137
"5615","OZA02",42.82944139,-0.71393604,2016,1237.97,12.5463387978142,5.36699453551913
"5616","OZA02",42.82944139,-0.71393604,2017,1245.41,13.4094246575342,5.36594520547945
"5617","OZA02",42.82944139,-0.71393604,2018,1535.52,12.367698630137,5.34687671232877
"5618","OZA02",42.82944139,-0.71393604,2019,1424.52,13.0571232876712,5.4067397260274
"5619","OZA02",42.82944139,-0.71393604,2020,1224.94,13.6012568306011,6.09163934426229
"5620","OZA02",42.82944139,-0.71393604,2021,755.2,13.4975342465753,4.77890410958904
"5621","OZA02",42.82944139,-0.71393604,2022,625.45,15.6478630136986,6.32893150684932
"5622","RON01",42.80237823,-0.94393904,1950,845.56,15.9839178082192,6.03353424657534
"5623","RON01",42.80237823,-0.94393904,1951,1008.42,14.4447671232877,5.34265753424657
"5624","RON01",42.80237823,-0.94393904,1952,877.25,15.5232513661202,6.15997267759563
"5625","RON01",42.80237823,-0.94393904,1953,576.58,16.0520273972603,5.36432876712329
"5626","RON01",42.80237823,-0.94393904,1954,766.68,14.9741369863014,4.76904109589041
"5627","RON01",42.80237823,-0.94393904,1955,669.74,16.3290684931507,6.14567123287671
"5628","RON01",42.80237823,-0.94393904,1956,665.57,14.233825136612,4.26598360655738
"5629","RON01",42.80237823,-0.94393904,1957,632.62,15.6247671232877,5.30413698630137
"5630","RON01",42.80237823,-0.94393904,1958,779.59,15.9047945205479,4.70542465753425
"5631","RON01",42.80237823,-0.94393904,1959,1072.53,15.9647397260274,4.57567123287671
"5632","RON01",42.80237823,-0.94393904,1960,1106.88,15.5547267759563,3.92975409836066
"5633","RON01",42.80237823,-0.94393904,1961,974.2,17.5682739726027,4.15194520547945
"5634","RON01",42.80237823,-0.94393904,1962,785.49,16.6169589041096,3.60441095890411
"5635","RON01",42.80237823,-0.94393904,1963,997.63,15.4162191780822,2.70479452054795
"5636","RON01",42.80237823,-0.94393904,1964,768.41,16.9157923497268,3.61379781420765
"5637","RON01",42.80237823,-0.94393904,1965,947.51,15.7248767123288,3.58268493150685
"5638","RON01",42.80237823,-0.94393904,1966,1107.23,16.0497534246575,4.79961643835616
"5639","RON01",42.80237823,-0.94393904,1967,784.85,16.5352876712329,4.34117808219178
"5640","RON01",42.80237823,-0.94393904,1968,910.26,16.0546448087432,4.93907103825137
"5641","RON01",42.80237823,-0.94393904,1969,995.94,14.9029315068493,4.86523287671233
"5642","RON01",42.80237823,-0.94393904,1970,711.45,16.1940273972603,4.6166301369863
"5643","RON01",42.80237823,-0.94393904,1971,968.73,15.4411232876712,4.48802739726027
"5644","RON01",42.80237823,-0.94393904,1972,1070.08,14.6722677595628,3.80275956284153
"5645","RON01",42.80237823,-0.94393904,1973,752.94,16.1129589041096,4.44972602739726
"5646","RON01",42.80237823,-0.94393904,1974,894.39,15.3979726027397,4.20997260273973
"5647","RON01",42.80237823,-0.94393904,1975,825.44,15.8346849315068,4.15750684931507
"5648","RON01",42.80237823,-0.94393904,1976,908.73,16.0227322404372,3.91360655737705
"5649","RON01",42.80237823,-0.94393904,1977,942.78,15.6008219178082,4.08353424657534
"5650","RON01",42.80237823,-0.94393904,1978,923.12,15.8571506849315,3.25523287671233
"5651","RON01",42.80237823,-0.94393904,1979,1097.34,15.2704109589041,4.7413698630137
"5652","RON01",42.80237823,-0.94393904,1980,845.05,16.003087431694,4.10693989071038
"5653","RON01",42.80237823,-0.94393904,1981,866.32,16.9107671232877,5.07761643835616
"5654","RON01",42.80237823,-0.94393904,1982,955.32,16.4675616438356,5.64468493150685
"5655","RON01",42.80237823,-0.94393904,1983,667.71,17.0684657534247,5.66235616438356
"5656","RON01",42.80237823,-0.94393904,1984,981.21,15.3377049180328,4.66068306010929
"5657","RON01",42.80237823,-0.94393904,1985,702.14,16.6216438356164,5.01827397260274
"5658","RON01",42.80237823,-0.94393904,1986,828.25,15.9676712328767,5.34706849315068
"5659","RON01",42.80237823,-0.94393904,1987,808.86,16.4247945205479,5.90515068493151
"5660","RON01",42.80237823,-0.94393904,1988,893.12,16.3310655737705,5.82418032786885
"5661","RON01",42.80237823,-0.94393904,1989,708.2,17.4512054794521,6.71953424657534
"5662","RON01",42.80237823,-0.94393904,1990,793.7,17.2642739726027,6.18841095890411
"5663","RON01",42.80237823,-0.94393904,1991,723.01,15.9169589041096,5.61249315068493
"5664","RON01",42.80237823,-0.94393904,1992,945.82,15.9014754098361,5.58005464480874
"5665","RON01",42.80237823,-0.94393904,1993,848.55,15.9976164383562,5.06230136986301
"5666","RON01",42.80237823,-0.94393904,1994,822.71,17.2469863013699,6.30767123287671
"5667","RON01",42.80237823,-0.94393904,1995,770.71,17.1553698630137,6.33808219178082
"5668","RON01",42.80237823,-0.94393904,1996,1003.22,15.5046994535519,6.12166666666667
"5669","RON01",42.80237823,-0.94393904,1997,921.66,17.0291780821918,7.38295890410959
"5670","RON01",42.80237823,-0.94393904,1998,849.85,16.0197534246575,6.36252054794521
"5671","RON01",42.80237823,-0.94393904,1999,954.85,15.3609589041096,6.42252054794521
"5672","RON01",42.80237823,-0.94393904,2000,1033.21,16.2763661202186,6.42734972677596
"5673","RON01",42.80237823,-0.94393904,2001,799.49,16.0349315068493,6.50994520547945
"5674","RON01",42.80237823,-0.94393904,2002,1355.27,15.3803561643836,7.13150684931507
"5675","RON01",42.80237823,-0.94393904,2003,1078.92,16.0646849315069,7.53249315068493
"5676","RON01",42.80237823,-0.94393904,2004,833.87,15.9821857923497,6.00877049180328
"5677","RON01",42.80237823,-0.94393904,2005,1001.96,15.049698630137,6.24972602739726
"5678","RON01",42.80237823,-0.94393904,2006,932.15,16.4555068493151,7.46528767123288
"5679","RON01",42.80237823,-0.94393904,2007,1134.54,15.6269589041096,6.16356164383562
"5680","RON01",42.80237823,-0.94393904,2008,1418,14.903306010929,6.23008196721312
"5681","RON01",42.80237823,-0.94393904,2009,1316.83,15.790301369863,6.88597260273973
"5682","RON01",42.80237823,-0.94393904,2010,1172.15,14.1871232876712,5.92980821917808
"5683","RON01",42.80237823,-0.94393904,2011,1177.79,16.5832602739726,7.68120547945206
"5684","RON01",42.80237823,-0.94393904,2012,1209.14,15.9587431693989,6.8572131147541
"5685","RON01",42.80237823,-0.94393904,2013,1674.94,14.6125753424658,6.49071232876712
"5686","RON01",42.80237823,-0.94393904,2014,1565.41,15.8459726027397,7.47134246575342
"5687","RON01",42.80237823,-0.94393904,2015,1326.39,16.5517260273973,7.36019178082192
"5688","RON01",42.80237823,-0.94393904,2016,1173.49,15.6755464480874,7.01265027322404
"5689","RON01",42.80237823,-0.94393904,2017,1251.92,16.5058082191781,7.00252054794521
"5690","RON01",42.80237823,-0.94393904,2018,1531.27,15.5514246575342,7.26460273972603
"5691","RON01",42.80237823,-0.94393904,2019,1438.68,16.331397260274,6.93654794520548
"5692","RON01",42.80237823,-0.94393904,2020,1197.17,16.825737704918,7.46743169398907
"5693","RON01",42.80237823,-0.94393904,2021,729.51,16.5025479452055,6.65468493150685
"5694","RON01",42.80237823,-0.94393904,2022,531.09,18.7635342465753,8.05827397260274
"5695","RON02",42.80306462,-0.94350796,1950,845.56,15.9839178082192,6.03353424657534
"5696","RON02",42.80306462,-0.94350796,1951,1008.42,14.4447671232877,5.34265753424657
"5697","RON02",42.80306462,-0.94350796,1952,877.25,15.5232513661202,6.15997267759563
"5698","RON02",42.80306462,-0.94350796,1953,576.58,16.0520273972603,5.36432876712329
"5699","RON02",42.80306462,-0.94350796,1954,766.68,14.9741369863014,4.76904109589041
"5700","RON02",42.80306462,-0.94350796,1955,669.74,16.3290684931507,6.14567123287671
"5701","RON02",42.80306462,-0.94350796,1956,665.57,14.233825136612,4.26598360655738
"5702","RON02",42.80306462,-0.94350796,1957,632.62,15.6247671232877,5.30413698630137
"5703","RON02",42.80306462,-0.94350796,1958,779.59,15.9047945205479,4.70542465753425
"5704","RON02",42.80306462,-0.94350796,1959,1072.53,15.9647397260274,4.57567123287671
"5705","RON02",42.80306462,-0.94350796,1960,1106.88,15.5547267759563,3.92975409836066
"5706","RON02",42.80306462,-0.94350796,1961,974.2,17.5682739726027,4.15194520547945
"5707","RON02",42.80306462,-0.94350796,1962,785.49,16.6169589041096,3.60441095890411
"5708","RON02",42.80306462,-0.94350796,1963,997.63,15.4162191780822,2.70479452054795
"5709","RON02",42.80306462,-0.94350796,1964,768.41,16.9157923497268,3.61379781420765
"5710","RON02",42.80306462,-0.94350796,1965,947.51,15.7248767123288,3.58268493150685
"5711","RON02",42.80306462,-0.94350796,1966,1107.23,16.0497534246575,4.79961643835616
"5712","RON02",42.80306462,-0.94350796,1967,784.85,16.5352876712329,4.34117808219178
"5713","RON02",42.80306462,-0.94350796,1968,910.26,16.0546448087432,4.93907103825137
"5714","RON02",42.80306462,-0.94350796,1969,995.94,14.9029315068493,4.86523287671233
"5715","RON02",42.80306462,-0.94350796,1970,711.45,16.1940273972603,4.6166301369863
"5716","RON02",42.80306462,-0.94350796,1971,968.73,15.4411232876712,4.48802739726027
"5717","RON02",42.80306462,-0.94350796,1972,1070.08,14.6722677595628,3.80275956284153
"5718","RON02",42.80306462,-0.94350796,1973,752.94,16.1129589041096,4.44972602739726
"5719","RON02",42.80306462,-0.94350796,1974,894.39,15.3979726027397,4.20997260273973
"5720","RON02",42.80306462,-0.94350796,1975,825.44,15.8346849315068,4.15750684931507
"5721","RON02",42.80306462,-0.94350796,1976,908.73,16.0227322404372,3.91360655737705
"5722","RON02",42.80306462,-0.94350796,1977,942.78,15.6008219178082,4.08353424657534
"5723","RON02",42.80306462,-0.94350796,1978,923.12,15.8571506849315,3.25523287671233
"5724","RON02",42.80306462,-0.94350796,1979,1097.34,15.2704109589041,4.7413698630137
"5725","RON02",42.80306462,-0.94350796,1980,845.05,16.003087431694,4.10693989071038
"5726","RON02",42.80306462,-0.94350796,1981,866.32,16.9107671232877,5.07761643835616
"5727","RON02",42.80306462,-0.94350796,1982,955.32,16.4675616438356,5.64468493150685
"5728","RON02",42.80306462,-0.94350796,1983,667.71,17.0684657534247,5.66235616438356
"5729","RON02",42.80306462,-0.94350796,1984,981.21,15.3377049180328,4.66068306010929
"5730","RON02",42.80306462,-0.94350796,1985,702.14,16.6216438356164,5.01827397260274
"5731","RON02",42.80306462,-0.94350796,1986,828.25,15.9676712328767,5.34706849315068
"5732","RON02",42.80306462,-0.94350796,1987,808.86,16.4247945205479,5.90515068493151
"5733","RON02",42.80306462,-0.94350796,1988,893.12,16.3310655737705,5.82418032786885
"5734","RON02",42.80306462,-0.94350796,1989,708.2,17.4512054794521,6.71953424657534
"5735","RON02",42.80306462,-0.94350796,1990,793.7,17.2642739726027,6.18841095890411
"5736","RON02",42.80306462,-0.94350796,1991,723.01,15.9169589041096,5.61249315068493
"5737","RON02",42.80306462,-0.94350796,1992,945.82,15.9014754098361,5.58005464480874
"5738","RON02",42.80306462,-0.94350796,1993,848.55,15.9976164383562,5.06230136986301
"5739","RON02",42.80306462,-0.94350796,1994,822.71,17.2469863013699,6.30767123287671
"5740","RON02",42.80306462,-0.94350796,1995,770.71,17.1553698630137,6.33808219178082
"5741","RON02",42.80306462,-0.94350796,1996,1003.22,15.5046994535519,6.12166666666667
"5742","RON02",42.80306462,-0.94350796,1997,921.66,17.0291780821918,7.38295890410959
"5743","RON02",42.80306462,-0.94350796,1998,849.85,16.0197534246575,6.36252054794521
"5744","RON02",42.80306462,-0.94350796,1999,954.85,15.3609589041096,6.42252054794521
"5745","RON02",42.80306462,-0.94350796,2000,1033.21,16.2763661202186,6.42734972677596
"5746","RON02",42.80306462,-0.94350796,2001,799.49,16.0349315068493,6.50994520547945
"5747","RON02",42.80306462,-0.94350796,2002,1355.27,15.3803561643836,7.13150684931507
"5748","RON02",42.80306462,-0.94350796,2003,1078.92,16.0646849315069,7.53249315068493
"5749","RON02",42.80306462,-0.94350796,2004,833.87,15.9821857923497,6.00877049180328
"5750","RON02",42.80306462,-0.94350796,2005,1001.96,15.049698630137,6.24972602739726
"5751","RON02",42.80306462,-0.94350796,2006,932.15,16.4555068493151,7.46528767123288
"5752","RON02",42.80306462,-0.94350796,2007,1134.54,15.6269589041096,6.16356164383562
"5753","RON02",42.80306462,-0.94350796,2008,1418,14.903306010929,6.23008196721312
"5754","RON02",42.80306462,-0.94350796,2009,1316.83,15.790301369863,6.88597260273973
"5755","RON02",42.80306462,-0.94350796,2010,1172.15,14.1871232876712,5.92980821917808
"5756","RON02",42.80306462,-0.94350796,2011,1177.79,16.5832602739726,7.68120547945206
"5757","RON02",42.80306462,-0.94350796,2012,1209.14,15.9587431693989,6.8572131147541
"5758","RON02",42.80306462,-0.94350796,2013,1674.94,14.6125753424658,6.49071232876712
"5759","RON02",42.80306462,-0.94350796,2014,1565.41,15.8459726027397,7.47134246575342
"5760","RON02",42.80306462,-0.94350796,2015,1326.39,16.5517260273973,7.36019178082192
"5761","RON02",42.80306462,-0.94350796,2016,1173.49,15.6755464480874,7.01265027322404
"5762","RON02",42.80306462,-0.94350796,2017,1251.92,16.5058082191781,7.00252054794521
"5763","RON02",42.80306462,-0.94350796,2018,1531.27,15.5514246575342,7.26460273972603
"5764","RON02",42.80306462,-0.94350796,2019,1438.68,16.331397260274,6.93654794520548
"5765","RON02",42.80306462,-0.94350796,2020,1197.17,16.825737704918,7.46743169398907
"5766","RON02",42.80306462,-0.94350796,2021,729.51,16.5025479452055,6.65468493150685
"5767","RON02",42.80306462,-0.94350796,2022,531.09,18.7635342465753,8.05827397260274
"5768","RON05",42.80230694,-0.94197266,1950,845.56,15.9839178082192,6.03353424657534
"5769","RON05",42.80230694,-0.94197266,1951,1008.42,14.4447671232877,5.34265753424657
"5770","RON05",42.80230694,-0.94197266,1952,877.25,15.5232513661202,6.15997267759563
"5771","RON05",42.80230694,-0.94197266,1953,576.58,16.0520273972603,5.36432876712329
"5772","RON05",42.80230694,-0.94197266,1954,766.68,14.9741369863014,4.76904109589041
"5773","RON05",42.80230694,-0.94197266,1955,669.74,16.3290684931507,6.14567123287671
"5774","RON05",42.80230694,-0.94197266,1956,665.57,14.233825136612,4.26598360655738
"5775","RON05",42.80230694,-0.94197266,1957,632.62,15.6247671232877,5.30413698630137
"5776","RON05",42.80230694,-0.94197266,1958,779.59,15.9047945205479,4.70542465753425
"5777","RON05",42.80230694,-0.94197266,1959,1072.53,15.9647397260274,4.57567123287671
"5778","RON05",42.80230694,-0.94197266,1960,1106.88,15.5547267759563,3.92975409836066
"5779","RON05",42.80230694,-0.94197266,1961,974.2,17.5682739726027,4.15194520547945
"5780","RON05",42.80230694,-0.94197266,1962,785.49,16.6169589041096,3.60441095890411
"5781","RON05",42.80230694,-0.94197266,1963,997.63,15.4162191780822,2.70479452054795
"5782","RON05",42.80230694,-0.94197266,1964,768.41,16.9157923497268,3.61379781420765
"5783","RON05",42.80230694,-0.94197266,1965,947.51,15.7248767123288,3.58268493150685
"5784","RON05",42.80230694,-0.94197266,1966,1107.23,16.0497534246575,4.79961643835616
"5785","RON05",42.80230694,-0.94197266,1967,784.85,16.5352876712329,4.34117808219178
"5786","RON05",42.80230694,-0.94197266,1968,910.26,16.0546448087432,4.93907103825137
"5787","RON05",42.80230694,-0.94197266,1969,995.94,14.9029315068493,4.86523287671233
"5788","RON05",42.80230694,-0.94197266,1970,711.45,16.1940273972603,4.6166301369863
"5789","RON05",42.80230694,-0.94197266,1971,968.73,15.4411232876712,4.48802739726027
"5790","RON05",42.80230694,-0.94197266,1972,1070.08,14.6722677595628,3.80275956284153
"5791","RON05",42.80230694,-0.94197266,1973,752.94,16.1129589041096,4.44972602739726
"5792","RON05",42.80230694,-0.94197266,1974,894.39,15.3979726027397,4.20997260273973
"5793","RON05",42.80230694,-0.94197266,1975,825.44,15.8346849315068,4.15750684931507
"5794","RON05",42.80230694,-0.94197266,1976,908.73,16.0227322404372,3.91360655737705
"5795","RON05",42.80230694,-0.94197266,1977,942.78,15.6008219178082,4.08353424657534
"5796","RON05",42.80230694,-0.94197266,1978,923.12,15.8571506849315,3.25523287671233
"5797","RON05",42.80230694,-0.94197266,1979,1097.34,15.2704109589041,4.7413698630137
"5798","RON05",42.80230694,-0.94197266,1980,845.05,16.003087431694,4.10693989071038
"5799","RON05",42.80230694,-0.94197266,1981,866.32,16.9107671232877,5.07761643835616
"5800","RON05",42.80230694,-0.94197266,1982,955.32,16.4675616438356,5.64468493150685
"5801","RON05",42.80230694,-0.94197266,1983,667.71,17.0684657534247,5.66235616438356
"5802","RON05",42.80230694,-0.94197266,1984,981.21,15.3377049180328,4.66068306010929
"5803","RON05",42.80230694,-0.94197266,1985,702.14,16.6216438356164,5.01827397260274
"5804","RON05",42.80230694,-0.94197266,1986,828.25,15.9676712328767,5.34706849315068
"5805","RON05",42.80230694,-0.94197266,1987,808.86,16.4247945205479,5.90515068493151
"5806","RON05",42.80230694,-0.94197266,1988,893.12,16.3310655737705,5.82418032786885
"5807","RON05",42.80230694,-0.94197266,1989,708.2,17.4512054794521,6.71953424657534
"5808","RON05",42.80230694,-0.94197266,1990,793.7,17.2642739726027,6.18841095890411
"5809","RON05",42.80230694,-0.94197266,1991,723.01,15.9169589041096,5.61249315068493
"5810","RON05",42.80230694,-0.94197266,1992,945.82,15.9014754098361,5.58005464480874
"5811","RON05",42.80230694,-0.94197266,1993,848.55,15.9976164383562,5.06230136986301
"5812","RON05",42.80230694,-0.94197266,1994,822.71,17.2469863013699,6.30767123287671
"5813","RON05",42.80230694,-0.94197266,1995,770.71,17.1553698630137,6.33808219178082
"5814","RON05",42.80230694,-0.94197266,1996,1003.22,15.5046994535519,6.12166666666667
"5815","RON05",42.80230694,-0.94197266,1997,921.66,17.0291780821918,7.38295890410959
"5816","RON05",42.80230694,-0.94197266,1998,849.85,16.0197534246575,6.36252054794521
"5817","RON05",42.80230694,-0.94197266,1999,954.85,15.3609589041096,6.42252054794521
"5818","RON05",42.80230694,-0.94197266,2000,1033.21,16.2763661202186,6.42734972677596
"5819","RON05",42.80230694,-0.94197266,2001,799.49,16.0349315068493,6.50994520547945
"5820","RON05",42.80230694,-0.94197266,2002,1355.27,15.3803561643836,7.13150684931507
"5821","RON05",42.80230694,-0.94197266,2003,1078.92,16.0646849315069,7.53249315068493
"5822","RON05",42.80230694,-0.94197266,2004,833.87,15.9821857923497,6.00877049180328
"5823","RON05",42.80230694,-0.94197266,2005,1001.96,15.049698630137,6.24972602739726
"5824","RON05",42.80230694,-0.94197266,2006,932.15,16.4555068493151,7.46528767123288
"5825","RON05",42.80230694,-0.94197266,2007,1134.54,15.6269589041096,6.16356164383562
"5826","RON05",42.80230694,-0.94197266,2008,1418,14.903306010929,6.23008196721312
"5827","RON05",42.80230694,-0.94197266,2009,1316.83,15.790301369863,6.88597260273973
"5828","RON05",42.80230694,-0.94197266,2010,1172.15,14.1871232876712,5.92980821917808
"5829","RON05",42.80230694,-0.94197266,2011,1177.79,16.5832602739726,7.68120547945206
"5830","RON05",42.80230694,-0.94197266,2012,1209.14,15.9587431693989,6.8572131147541
"5831","RON05",42.80230694,-0.94197266,2013,1674.94,14.6125753424658,6.49071232876712
"5832","RON05",42.80230694,-0.94197266,2014,1565.41,15.8459726027397,7.47134246575342
"5833","RON05",42.80230694,-0.94197266,2015,1326.39,16.5517260273973,7.36019178082192
"5834","RON05",42.80230694,-0.94197266,2016,1173.49,15.6755464480874,7.01265027322404
"5835","RON05",42.80230694,-0.94197266,2017,1251.92,16.5058082191781,7.00252054794521
"5836","RON05",42.80230694,-0.94197266,2018,1531.27,15.5514246575342,7.26460273972603
"5837","RON05",42.80230694,-0.94197266,2019,1438.68,16.331397260274,6.93654794520548
"5838","RON05",42.80230694,-0.94197266,2020,1197.17,16.825737704918,7.46743169398907
"5839","RON05",42.80230694,-0.94197266,2021,729.51,16.5025479452055,6.65468493150685
"5840","RON05",42.80230694,-0.94197266,2022,531.09,18.7635342465753,8.05827397260274
"5841","RON04",42.80252284,-0.94111997,1950,848.09,15.7138904109589,5.7607397260274
"5842","RON04",42.80252284,-0.94111997,1951,1013,14.1650410958904,5.07293150684932
"5843","RON04",42.80252284,-0.94111997,1952,879.74,15.2552459016393,5.89510928961749
"5844","RON04",42.80252284,-0.94111997,1953,580.22,15.7843561643836,5.11334246575342
"5845","RON04",42.80252284,-0.94111997,1954,771.81,14.7010684931507,4.50942465753425
"5846","RON04",42.80252284,-0.94111997,1955,676.47,16.0514246575342,5.88649315068493
"5847","RON04",42.80252284,-0.94111997,1956,671.07,13.9576775956284,4.00286885245902
"5848","RON04",42.80252284,-0.94111997,1957,639.98,15.351095890411,5.04443835616438
"5849","RON04",42.80252284,-0.94111997,1958,783.61,15.6279452054795,4.42950684931507
"5850","RON04",42.80252284,-0.94111997,1959,1076.69,15.6866575342466,4.29783561643836
"5851","RON04",42.80252284,-0.94111997,1960,1114.35,15.2796994535519,3.65021857923497
"5852","RON04",42.80252284,-0.94111997,1961,978.17,17.3029863013699,3.86882191780822
"5853","RON04",42.80252284,-0.94111997,1962,790.83,16.3481917808219,3.3201095890411
"5854","RON04",42.80252284,-0.94111997,1963,1004.76,15.1487671232877,2.42484931506849
"5855","RON04",42.80252284,-0.94111997,1964,774.4,16.6584153005464,3.33789617486339
"5856","RON04",42.80252284,-0.94111997,1965,952.85,15.4614246575342,3.3087397260274
"5857","RON04",42.80252284,-0.94111997,1966,1118,15.7820273972603,4.53205479452055
"5858","RON04",42.80252284,-0.94111997,1967,789.77,16.2758904109589,4.07279452054795
"5859","RON04",42.80252284,-0.94111997,1968,915.18,15.7908196721311,4.66273224043716
"5860","RON04",42.80252284,-0.94111997,1969,1005.75,14.6333698630137,4.58835616438356
"5861","RON04",42.80252284,-0.94111997,1970,720,15.9329589041096,4.33635616438356
"5862","RON04",42.80252284,-0.94111997,1971,978.74,15.174,4.20756164383562
"5863","RON04",42.80252284,-0.94111997,1972,1076.38,14.4003825136612,3.52177595628415
"5864","RON04",42.80252284,-0.94111997,1973,758.88,15.853095890411,4.17032876712329
"5865","RON04",42.80252284,-0.94111997,1974,901.31,15.1319452054795,3.92753424657534
"5866","RON04",42.80252284,-0.94111997,1975,830.74,15.5702465753425,3.87435616438356
"5867","RON04",42.80252284,-0.94111997,1976,914.83,15.7555737704918,3.62994535519126
"5868","RON04",42.80252284,-0.94111997,1977,952.66,15.3324109589041,3.79687671232877
"5869","RON04",42.80252284,-0.94111997,1978,932.98,15.5924931506849,2.9638904109589
"5870","RON04",42.80252284,-0.94111997,1979,1109.07,15.0015616438356,4.46567123287671
"5871","RON04",42.80252284,-0.94111997,1980,852.16,15.7441256830601,3.82852459016393
"5872","RON04",42.80252284,-0.94111997,1981,874.73,16.6452328767123,4.79854794520548
"5873","RON04",42.80252284,-0.94111997,1982,963.74,16.1952876712329,5.36701369863014
"5874","RON04",42.80252284,-0.94111997,1983,672.3,16.8047945205479,5.39032876712329
"5875","RON04",42.80252284,-0.94111997,1984,990.02,15.0658469945355,4.38385245901639
"5876","RON04",42.80252284,-0.94111997,1985,709.61,16.3546849315068,4.74915068493151
"5877","RON04",42.80252284,-0.94111997,1986,835.91,15.6985753424658,5.07994520547945
"5878","RON04",42.80252284,-0.94111997,1987,817.32,16.1639726027397,5.63441095890411
"5879","RON04",42.80252284,-0.94111997,1988,901.61,16.0660655737705,5.55393442622951
"5880","RON04",42.80252284,-0.94111997,1989,713.87,17.1858082191781,6.46298630136986
"5881","RON04",42.80252284,-0.94111997,1990,802.12,16.9995068493151,5.92578082191781
"5882","RON04",42.80252284,-0.94111997,1991,728.47,15.65,5.34542465753425
"5883","RON04",42.80252284,-0.94111997,1992,954.75,15.6396448087432,5.3094262295082
"5884","RON04",42.80252284,-0.94111997,1993,856.97,15.7312602739726,4.79175342465753
"5885","RON04",42.80252284,-0.94111997,1994,831.68,16.9807397260274,6.04079452054795
"5886","RON04",42.80252284,-0.94111997,1995,782.02,16.8770136986301,6.07509589041096
"5887","RON04",42.80252284,-0.94111997,1996,1012.09,15.231174863388,5.86073770491803
"5888","RON04",42.80252284,-0.94111997,1997,930.73,16.7532054794521,7.1281095890411
"5889","RON04",42.80252284,-0.94111997,1998,857.38,15.748,6.1046301369863
"5890","RON04",42.80252284,-0.94111997,1999,963.49,15.0895616438356,6.15838356164384
"5891","RON04",42.80252284,-0.94111997,2000,1041.57,16.001393442623,6.16868852459016
"5892","RON04",42.80252284,-0.94111997,2001,808.75,15.7546575342466,6.25268493150685
"5893","RON04",42.80252284,-0.94111997,2002,1374.44,15.0815616438356,6.87983561643836
"5894","RON04",42.80252284,-0.94111997,2003,1093.2,15.7690684931507,7.27991780821918
"5895","RON04",42.80252284,-0.94111997,2004,840.33,15.7052732240437,5.74412568306011
"5896","RON04",42.80252284,-0.94111997,2005,1010.01,14.7605205479452,6.00649315068493
"5897","RON04",42.80252284,-0.94111997,2006,938.85,16.1740547945205,7.22523287671233
"5898","RON04",42.80252284,-0.94111997,2007,1142.95,15.3478904109589,5.92265753424658
"5899","RON04",42.80252284,-0.94111997,2008,1430.46,14.6096174863388,5.9855737704918
"5900","RON04",42.80252284,-0.94111997,2009,1326.14,15.497698630137,6.63890410958904
"5901","RON04",42.80252284,-0.94111997,2010,1181.05,13.8847671232877,5.67375342465753
"5902","RON04",42.80252284,-0.94111997,2011,1186.95,16.2868493150685,7.43758904109589
"5903","RON04",42.80252284,-0.94111997,2012,1219.81,15.6638797814208,6.6124043715847
"5904","RON04",42.80252284,-0.94111997,2013,1689.98,14.307397260274,6.23408219178082
"5905","RON04",42.80252284,-0.94111997,2014,1576.6,15.5440821917808,7.21512328767123
"5906","RON04",42.80252284,-0.94111997,2015,1334.91,16.2645205479452,7.11350684931507
"5907","RON04",42.80252284,-0.94111997,2016,1182.8,15.3768032786885,6.76554644808743
"5908","RON04",42.80252284,-0.94111997,2017,1260.11,16.2124383561644,6.75619178082192
"5909","RON04",42.80252284,-0.94111997,2018,1544.18,15.2524657534247,7.00876712328767
"5910","RON04",42.80252284,-0.94111997,2019,1448.92,16.0327945205479,6.69580821917808
"5911","RON04",42.80252284,-0.94111997,2020,1207.06,16.5275409836066,7.2325956284153
"5912","RON04",42.80252284,-0.94111997,2021,736.28,16.2201369863014,6.39298630136986
"5913","RON04",42.80252284,-0.94111997,2022,535.42,18.4780547945205,7.80224657534247
"5914","URZ03",42.81607278,-0.91505676,1950,934.55,13.6126849315069,3.51495890410959
"5915","URZ03",42.81607278,-0.91505676,1951,1125.04,12.0314794520548,2.84580821917808
"5916","URZ03",42.81607278,-0.91505676,1952,969.95,13.1653551912568,3.68062841530055
"5917","URZ03",42.81607278,-0.91505676,1953,645.31,13.6963835616438,2.95112328767123
"5918","URZ03",42.81607278,-0.91505676,1954,863.32,12.5954794520548,2.3161095890411
"5919","URZ03",42.81607278,-0.91505676,1955,762.29,13.928904109589,3.69254794520548
"5920","URZ03",42.81607278,-0.91505676,1956,757.17,11.8396721311475,1.79390710382514
"5921","URZ03",42.81607278,-0.91505676,1957,730.77,13.2455342465753,2.8506301369863
"5922","URZ03",42.81607278,-0.91505676,1958,881.16,13.5013150684932,2.18052054794521
"5923","URZ03",42.81607278,-0.91505676,1959,1203.28,13.5623835616438,2.05008219178082
"5924","URZ03",42.81607278,-0.91505676,1960,1242,13.1637704918033,1.3922131147541
"5925","URZ03",42.81607278,-0.91505676,1961,1082.43,15.2210684931507,1.6018904109589
"5926","URZ03",42.81607278,-0.91505676,1962,888.01,14.2513698630137,1.04038356164384
"5927","URZ03",42.81607278,-0.91505676,1963,1138.63,13.0520821917808,0.166684931506849
"5928","URZ03",42.81607278,-0.91505676,1964,869.68,14.6002459016393,1.09510928961749
"5929","URZ03",42.81607278,-0.91505676,1965,1069.53,13.3750136986301,1.06947945205479
"5930","URZ03",42.81607278,-0.91505676,1966,1255,13.6847945205479,2.31328767123288
"5931","URZ03",42.81607278,-0.91505676,1967,882.8,14.2054246575342,1.8501095890411
"5932","URZ03",42.81607278,-0.91505676,1968,1023.84,13.7062295081967,2.4120218579235
"5933","URZ03",42.81607278,-0.91505676,1969,1152.71,12.5318082191781,2.33756164383562
"5934","URZ03",42.81607278,-0.91505676,1970,815.54,13.8590136986301,2.07334246575342
"5935","URZ03",42.81607278,-0.91505676,1971,1113.2,13.0807123287671,1.94252054794521
"5936","URZ03",42.81607278,-0.91505676,1972,1202.2,12.2869672131148,1.2575956284153
"5937","URZ03",42.81607278,-0.91505676,1973,858.03,13.7833150684932,1.914
"5938","URZ03",42.81607278,-0.91505676,1974,1017.18,13.0388767123288,1.66347945205479
"5939","URZ03",42.81607278,-0.91505676,1975,934.96,13.4872876712329,1.60695890410959
"5940","URZ03",42.81607278,-0.91505676,1976,1026.56,13.6618579234973,1.36489071038251
"5941","URZ03",42.81607278,-0.91505676,1977,1080.15,13.2315342465753,1.52071232876712
"5942","URZ03",42.81607278,-0.91505676,1978,1055.36,13.5029589041096,0.673561643835616
"5943","URZ03",42.81607278,-0.91505676,1979,1246.44,12.9014794520548,2.22008219178082
"5944","URZ03",42.81607278,-0.91505676,1980,958.71,13.6745081967213,1.5744262295082
"5945","URZ03",42.81607278,-0.91505676,1981,990.89,14.5520273972603,2.53643835616438
"5946","URZ03",42.81607278,-0.91505676,1982,1086.9,14.0832328767123,3.11243835616438
"5947","URZ03",42.81607278,-0.91505676,1983,755.26,14.7229315068493,3.15720547945205
"5948","URZ03",42.81607278,-0.91505676,1984,1114.61,12.9512841530055,2.13265027322404
"5949","URZ03",42.81607278,-0.91505676,1985,802.05,14.2571780821918,2.52682191780822
"5950","URZ03",42.81607278,-0.91505676,1986,940.91,13.5924931506849,2.86060273972603
"5951","URZ03",42.81607278,-0.91505676,1987,919.69,14.0887671232877,3.40361643835616
"5952","URZ03",42.81607278,-0.91505676,1988,1015.43,13.9739071038251,3.32592896174863
"5953","URZ03",42.81607278,-0.91505676,1989,805.62,15.0984109589041,4.28484931506849
"5954","URZ03",42.81607278,-0.91505676,1990,905.6,14.9104383561644,3.72865753424658
"5955","URZ03",42.81607278,-0.91505676,1991,828.14,13.5555890410959,3.13134246575342
"5956","URZ03",42.81607278,-0.91505676,1992,1082.13,13.5625136612022,3.08357923497268
"5957","URZ03",42.81607278,-0.91505676,1993,972.69,13.6408493150685,2.56947945205479
"5958","URZ03",42.81607278,-0.91505676,1994,937.15,14.8850410958904,3.8266301369863
"5959","URZ03",42.81607278,-0.91505676,1995,900.39,14.7392876712329,3.87027397260274
"5960","URZ03",42.81607278,-0.91505676,1996,1146.17,13.1125683060109,3.66084699453552
"5961","URZ03",42.81607278,-0.91505676,1997,1058.75,14.6372602739726,4.95391780821918
"5962","URZ03",42.81607278,-0.91505676,1998,975.77,13.6415616438356,3.9181095890411
"5963","URZ03",42.81607278,-0.91505676,1999,1102.09,12.987095890411,3.95205479452055
"5964","URZ03",42.81607278,-0.91505676,2000,1174.12,13.8841256830601,3.98043715846995
"5965","URZ03",42.81607278,-0.91505676,2001,929.13,13.6129863013699,4.0733698630137
"5966","URZ03",42.81607278,-0.91505676,2002,1585.37,12.8592602739726,4.72498630136986
"5967","URZ03",42.81607278,-0.91505676,2003,1250.85,13.5632054794521,5.12052054794521
"5968","URZ03",42.81607278,-0.91505676,2004,942.29,13.5775409836066,3.53060109289618
"5969","URZ03",42.81607278,-0.91505676,2005,1146.14,12.5702739726027,3.88731506849315
"5970","URZ03",42.81607278,-0.91505676,2006,1074.22,14.0198356164384,5.11852054794521
"5971","URZ03",42.81607278,-0.91505676,2007,1284.2,13.2009589041096,3.80353424657534
"5972","URZ03",42.81607278,-0.91505676,2008,1623.38,12.403087431694,3.85387978142077
"5973","URZ03",42.81607278,-0.91505676,2009,1489.93,13.2941095890411,4.49742465753425
"5974","URZ03",42.81607278,-0.91505676,2010,1334.87,11.6385205479452,3.49731506849315
"5975","URZ03",42.81607278,-0.91505676,2011,1353.45,14.0745753424658,5.32068493150685
"5976","URZ03",42.81607278,-0.91505676,2012,1371.62,13.4496721311475,4.48699453551913
"5977","URZ03",42.81607278,-0.91505676,2013,1910.27,12.049095890411,4.06052054794521
"5978","URZ03",42.81607278,-0.91505676,2014,1776.16,13.2947123287671,5.04290410958904
"5979","URZ03",42.81607278,-0.91505676,2015,1503.62,14.0868219178082,4.97608219178082
"5980","URZ03",42.81607278,-0.91505676,2016,1332.77,13.1479234972678,4.63273224043716
"5981","URZ03",42.81607278,-0.91505676,2017,1422.15,14.0078630136986,4.62832876712329
"5982","URZ03",42.81607278,-0.91505676,2018,1738.29,13.0267671232877,4.83813698630137
"5983","URZ03",42.81607278,-0.91505676,2019,1629.74,13.8086575342466,4.59106849315068
"5984","URZ03",42.81607278,-0.91505676,2020,1365.35,14.3127322404372,5.14459016393443
"5985","URZ03",42.81607278,-0.91505676,2021,834.31,14.074301369863,4.19235616438356
"5986","URZ03",42.81607278,-0.91505676,2022,606.71,16.3207123287671,5.62243835616438
"5987","URZ02",42.81550778,-0.91471279,1950,934.55,13.6126849315069,3.51495890410959
"5988","URZ02",42.81550778,-0.91471279,1951,1125.04,12.0314794520548,2.84580821917808
"5989","URZ02",42.81550778,-0.91471279,1952,969.95,13.1653551912568,3.68062841530055
"5990","URZ02",42.81550778,-0.91471279,1953,645.31,13.6963835616438,2.95112328767123
"5991","URZ02",42.81550778,-0.91471279,1954,863.32,12.5954794520548,2.3161095890411
"5992","URZ02",42.81550778,-0.91471279,1955,762.29,13.928904109589,3.69254794520548
"5993","URZ02",42.81550778,-0.91471279,1956,757.17,11.8396721311475,1.79390710382514
"5994","URZ02",42.81550778,-0.91471279,1957,730.77,13.2455342465753,2.8506301369863
"5995","URZ02",42.81550778,-0.91471279,1958,881.16,13.5013150684932,2.18052054794521
"5996","URZ02",42.81550778,-0.91471279,1959,1203.28,13.5623835616438,2.05008219178082
"5997","URZ02",42.81550778,-0.91471279,1960,1242,13.1637704918033,1.3922131147541
"5998","URZ02",42.81550778,-0.91471279,1961,1082.43,15.2210684931507,1.6018904109589
"5999","URZ02",42.81550778,-0.91471279,1962,888.01,14.2513698630137,1.04038356164384
"6000","URZ02",42.81550778,-0.91471279,1963,1138.63,13.0520821917808,0.166684931506849
"6001","URZ02",42.81550778,-0.91471279,1964,869.68,14.6002459016393,1.09510928961749
"6002","URZ02",42.81550778,-0.91471279,1965,1069.53,13.3750136986301,1.06947945205479
"6003","URZ02",42.81550778,-0.91471279,1966,1255,13.6847945205479,2.31328767123288
"6004","URZ02",42.81550778,-0.91471279,1967,882.8,14.2054246575342,1.8501095890411
"6005","URZ02",42.81550778,-0.91471279,1968,1023.84,13.7062295081967,2.4120218579235
"6006","URZ02",42.81550778,-0.91471279,1969,1152.71,12.5318082191781,2.33756164383562
"6007","URZ02",42.81550778,-0.91471279,1970,815.54,13.8590136986301,2.07334246575342
"6008","URZ02",42.81550778,-0.91471279,1971,1113.2,13.0807123287671,1.94252054794521
"6009","URZ02",42.81550778,-0.91471279,1972,1202.2,12.2869672131148,1.2575956284153
"6010","URZ02",42.81550778,-0.91471279,1973,858.03,13.7833150684932,1.914
"6011","URZ02",42.81550778,-0.91471279,1974,1017.18,13.0388767123288,1.66347945205479
"6012","URZ02",42.81550778,-0.91471279,1975,934.96,13.4872876712329,1.60695890410959
"6013","URZ02",42.81550778,-0.91471279,1976,1026.56,13.6618579234973,1.36489071038251
"6014","URZ02",42.81550778,-0.91471279,1977,1080.15,13.2315342465753,1.52071232876712
"6015","URZ02",42.81550778,-0.91471279,1978,1055.36,13.5029589041096,0.673561643835616
"6016","URZ02",42.81550778,-0.91471279,1979,1246.44,12.9014794520548,2.22008219178082
"6017","URZ02",42.81550778,-0.91471279,1980,958.71,13.6745081967213,1.5744262295082
"6018","URZ02",42.81550778,-0.91471279,1981,990.89,14.5520273972603,2.53643835616438
"6019","URZ02",42.81550778,-0.91471279,1982,1086.9,14.0832328767123,3.11243835616438
"6020","URZ02",42.81550778,-0.91471279,1983,755.26,14.7229315068493,3.15720547945205
"6021","URZ02",42.81550778,-0.91471279,1984,1114.61,12.9512841530055,2.13265027322404
"6022","URZ02",42.81550778,-0.91471279,1985,802.05,14.2571780821918,2.52682191780822
"6023","URZ02",42.81550778,-0.91471279,1986,940.91,13.5924931506849,2.86060273972603
"6024","URZ02",42.81550778,-0.91471279,1987,919.69,14.0887671232877,3.40361643835616
"6025","URZ02",42.81550778,-0.91471279,1988,1015.43,13.9739071038251,3.32592896174863
"6026","URZ02",42.81550778,-0.91471279,1989,805.62,15.0984109589041,4.28484931506849
"6027","URZ02",42.81550778,-0.91471279,1990,905.6,14.9104383561644,3.72865753424658
"6028","URZ02",42.81550778,-0.91471279,1991,828.14,13.5555890410959,3.13134246575342
"6029","URZ02",42.81550778,-0.91471279,1992,1082.13,13.5625136612022,3.08357923497268
"6030","URZ02",42.81550778,-0.91471279,1993,972.69,13.6408493150685,2.56947945205479
"6031","URZ02",42.81550778,-0.91471279,1994,937.15,14.8850410958904,3.8266301369863
"6032","URZ02",42.81550778,-0.91471279,1995,900.39,14.7392876712329,3.87027397260274
"6033","URZ02",42.81550778,-0.91471279,1996,1146.17,13.1125683060109,3.66084699453552
"6034","URZ02",42.81550778,-0.91471279,1997,1058.75,14.6372602739726,4.95391780821918
"6035","URZ02",42.81550778,-0.91471279,1998,975.77,13.6415616438356,3.9181095890411
"6036","URZ02",42.81550778,-0.91471279,1999,1102.09,12.987095890411,3.95205479452055
"6037","URZ02",42.81550778,-0.91471279,2000,1174.12,13.8841256830601,3.98043715846995
"6038","URZ02",42.81550778,-0.91471279,2001,929.13,13.6129863013699,4.0733698630137
"6039","URZ02",42.81550778,-0.91471279,2002,1585.37,12.8592602739726,4.72498630136986
"6040","URZ02",42.81550778,-0.91471279,2003,1250.85,13.5632054794521,5.12052054794521
"6041","URZ02",42.81550778,-0.91471279,2004,942.29,13.5775409836066,3.53060109289618
"6042","URZ02",42.81550778,-0.91471279,2005,1146.14,12.5702739726027,3.88731506849315
"6043","URZ02",42.81550778,-0.91471279,2006,1074.22,14.0198356164384,5.11852054794521
"6044","URZ02",42.81550778,-0.91471279,2007,1284.2,13.2009589041096,3.80353424657534
"6045","URZ02",42.81550778,-0.91471279,2008,1623.38,12.403087431694,3.85387978142077
"6046","URZ02",42.81550778,-0.91471279,2009,1489.93,13.2941095890411,4.49742465753425
"6047","URZ02",42.81550778,-0.91471279,2010,1334.87,11.6385205479452,3.49731506849315
"6048","URZ02",42.81550778,-0.91471279,2011,1353.45,14.0745753424658,5.32068493150685
"6049","URZ02",42.81550778,-0.91471279,2012,1371.62,13.4496721311475,4.48699453551913
"6050","URZ02",42.81550778,-0.91471279,2013,1910.27,12.049095890411,4.06052054794521
"6051","URZ02",42.81550778,-0.91471279,2014,1776.16,13.2947123287671,5.04290410958904
"6052","URZ02",42.81550778,-0.91471279,2015,1503.62,14.0868219178082,4.97608219178082
"6053","URZ02",42.81550778,-0.91471279,2016,1332.77,13.1479234972678,4.63273224043716
"6054","URZ02",42.81550778,-0.91471279,2017,1422.15,14.0078630136986,4.62832876712329
"6055","URZ02",42.81550778,-0.91471279,2018,1738.29,13.0267671232877,4.83813698630137
"6056","URZ02",42.81550778,-0.91471279,2019,1629.74,13.8086575342466,4.59106849315068
"6057","URZ02",42.81550778,-0.91471279,2020,1365.35,14.3127322404372,5.14459016393443
"6058","URZ02",42.81550778,-0.91471279,2021,834.31,14.074301369863,4.19235616438356
"6059","URZ02",42.81550778,-0.91471279,2022,606.71,16.3207123287671,5.62243835616438
"6060","URZ01",42.81452077,-0.91500485,1950,934.55,13.6126849315069,3.51495890410959
"6061","URZ01",42.81452077,-0.91500485,1951,1125.04,12.0314794520548,2.84580821917808
"6062","URZ01",42.81452077,-0.91500485,1952,969.95,13.1653551912568,3.68062841530055
"6063","URZ01",42.81452077,-0.91500485,1953,645.31,13.6963835616438,2.95112328767123
"6064","URZ01",42.81452077,-0.91500485,1954,863.32,12.5954794520548,2.3161095890411
"6065","URZ01",42.81452077,-0.91500485,1955,762.29,13.928904109589,3.69254794520548
"6066","URZ01",42.81452077,-0.91500485,1956,757.17,11.8396721311475,1.79390710382514
"6067","URZ01",42.81452077,-0.91500485,1957,730.77,13.2455342465753,2.8506301369863
"6068","URZ01",42.81452077,-0.91500485,1958,881.16,13.5013150684932,2.18052054794521
"6069","URZ01",42.81452077,-0.91500485,1959,1203.28,13.5623835616438,2.05008219178082
"6070","URZ01",42.81452077,-0.91500485,1960,1242,13.1637704918033,1.3922131147541
"6071","URZ01",42.81452077,-0.91500485,1961,1082.43,15.2210684931507,1.6018904109589
"6072","URZ01",42.81452077,-0.91500485,1962,888.01,14.2513698630137,1.04038356164384
"6073","URZ01",42.81452077,-0.91500485,1963,1138.63,13.0520821917808,0.166684931506849
"6074","URZ01",42.81452077,-0.91500485,1964,869.68,14.6002459016393,1.09510928961749
"6075","URZ01",42.81452077,-0.91500485,1965,1069.53,13.3750136986301,1.06947945205479
"6076","URZ01",42.81452077,-0.91500485,1966,1255,13.6847945205479,2.31328767123288
"6077","URZ01",42.81452077,-0.91500485,1967,882.8,14.2054246575342,1.8501095890411
"6078","URZ01",42.81452077,-0.91500485,1968,1023.84,13.7062295081967,2.4120218579235
"6079","URZ01",42.81452077,-0.91500485,1969,1152.71,12.5318082191781,2.33756164383562
"6080","URZ01",42.81452077,-0.91500485,1970,815.54,13.8590136986301,2.07334246575342
"6081","URZ01",42.81452077,-0.91500485,1971,1113.2,13.0807123287671,1.94252054794521
"6082","URZ01",42.81452077,-0.91500485,1972,1202.2,12.2869672131148,1.2575956284153
"6083","URZ01",42.81452077,-0.91500485,1973,858.03,13.7833150684932,1.914
"6084","URZ01",42.81452077,-0.91500485,1974,1017.18,13.0388767123288,1.66347945205479
"6085","URZ01",42.81452077,-0.91500485,1975,934.96,13.4872876712329,1.60695890410959
"6086","URZ01",42.81452077,-0.91500485,1976,1026.56,13.6618579234973,1.36489071038251
"6087","URZ01",42.81452077,-0.91500485,1977,1080.15,13.2315342465753,1.52071232876712
"6088","URZ01",42.81452077,-0.91500485,1978,1055.36,13.5029589041096,0.673561643835616
"6089","URZ01",42.81452077,-0.91500485,1979,1246.44,12.9014794520548,2.22008219178082
"6090","URZ01",42.81452077,-0.91500485,1980,958.71,13.6745081967213,1.5744262295082
"6091","URZ01",42.81452077,-0.91500485,1981,990.89,14.5520273972603,2.53643835616438
"6092","URZ01",42.81452077,-0.91500485,1982,1086.9,14.0832328767123,3.11243835616438
"6093","URZ01",42.81452077,-0.91500485,1983,755.26,14.7229315068493,3.15720547945205
"6094","URZ01",42.81452077,-0.91500485,1984,1114.61,12.9512841530055,2.13265027322404
"6095","URZ01",42.81452077,-0.91500485,1985,802.05,14.2571780821918,2.52682191780822
"6096","URZ01",42.81452077,-0.91500485,1986,940.91,13.5924931506849,2.86060273972603
"6097","URZ01",42.81452077,-0.91500485,1987,919.69,14.0887671232877,3.40361643835616
"6098","URZ01",42.81452077,-0.91500485,1988,1015.43,13.9739071038251,3.32592896174863
"6099","URZ01",42.81452077,-0.91500485,1989,805.62,15.0984109589041,4.28484931506849
"6100","URZ01",42.81452077,-0.91500485,1990,905.6,14.9104383561644,3.72865753424658
"6101","URZ01",42.81452077,-0.91500485,1991,828.14,13.5555890410959,3.13134246575342
"6102","URZ01",42.81452077,-0.91500485,1992,1082.13,13.5625136612022,3.08357923497268
"6103","URZ01",42.81452077,-0.91500485,1993,972.69,13.6408493150685,2.56947945205479
"6104","URZ01",42.81452077,-0.91500485,1994,937.15,14.8850410958904,3.8266301369863
"6105","URZ01",42.81452077,-0.91500485,1995,900.39,14.7392876712329,3.87027397260274
"6106","URZ01",42.81452077,-0.91500485,1996,1146.17,13.1125683060109,3.66084699453552
"6107","URZ01",42.81452077,-0.91500485,1997,1058.75,14.6372602739726,4.95391780821918
"6108","URZ01",42.81452077,-0.91500485,1998,975.77,13.6415616438356,3.9181095890411
"6109","URZ01",42.81452077,-0.91500485,1999,1102.09,12.987095890411,3.95205479452055
"6110","URZ01",42.81452077,-0.91500485,2000,1174.12,13.8841256830601,3.98043715846995
"6111","URZ01",42.81452077,-0.91500485,2001,929.13,13.6129863013699,4.0733698630137
"6112","URZ01",42.81452077,-0.91500485,2002,1585.37,12.8592602739726,4.72498630136986
"6113","URZ01",42.81452077,-0.91500485,2003,1250.85,13.5632054794521,5.12052054794521
"6114","URZ01",42.81452077,-0.91500485,2004,942.29,13.5775409836066,3.53060109289618
"6115","URZ01",42.81452077,-0.91500485,2005,1146.14,12.5702739726027,3.88731506849315
"6116","URZ01",42.81452077,-0.91500485,2006,1074.22,14.0198356164384,5.11852054794521
"6117","URZ01",42.81452077,-0.91500485,2007,1284.2,13.2009589041096,3.80353424657534
"6118","URZ01",42.81452077,-0.91500485,2008,1623.38,12.403087431694,3.85387978142077
"6119","URZ01",42.81452077,-0.91500485,2009,1489.93,13.2941095890411,4.49742465753425
"6120","URZ01",42.81452077,-0.91500485,2010,1334.87,11.6385205479452,3.49731506849315
"6121","URZ01",42.81452077,-0.91500485,2011,1353.45,14.0745753424658,5.32068493150685
"6122","URZ01",42.81452077,-0.91500485,2012,1371.62,13.4496721311475,4.48699453551913
"6123","URZ01",42.81452077,-0.91500485,2013,1910.27,12.049095890411,4.06052054794521
"6124","URZ01",42.81452077,-0.91500485,2014,1776.16,13.2947123287671,5.04290410958904
"6125","URZ01",42.81452077,-0.91500485,2015,1503.62,14.0868219178082,4.97608219178082
"6126","URZ01",42.81452077,-0.91500485,2016,1332.77,13.1479234972678,4.63273224043716
"6127","URZ01",42.81452077,-0.91500485,2017,1422.15,14.0078630136986,4.62832876712329
"6128","URZ01",42.81452077,-0.91500485,2018,1738.29,13.0267671232877,4.83813698630137
"6129","URZ01",42.81452077,-0.91500485,2019,1629.74,13.8086575342466,4.59106849315068
"6130","URZ01",42.81452077,-0.91500485,2020,1365.35,14.3127322404372,5.14459016393443
"6131","URZ01",42.81452077,-0.91500485,2021,834.31,14.074301369863,4.19235616438356
"6132","URZ01",42.81452077,-0.91500485,2022,606.71,16.3207123287671,5.62243835616438
"6133","RON03",42.80208356,-0.94108348,1950,848.09,15.7138904109589,5.7607397260274
"6134","RON03",42.80208356,-0.94108348,1951,1013,14.1650410958904,5.07293150684932
"6135","RON03",42.80208356,-0.94108348,1952,879.74,15.2552459016393,5.89510928961749
"6136","RON03",42.80208356,-0.94108348,1953,580.22,15.7843561643836,5.11334246575342
"6137","RON03",42.80208356,-0.94108348,1954,771.81,14.7010684931507,4.50942465753425
"6138","RON03",42.80208356,-0.94108348,1955,676.47,16.0514246575342,5.88649315068493
"6139","RON03",42.80208356,-0.94108348,1956,671.07,13.9576775956284,4.00286885245902
"6140","RON03",42.80208356,-0.94108348,1957,639.98,15.351095890411,5.04443835616438
"6141","RON03",42.80208356,-0.94108348,1958,783.61,15.6279452054795,4.42950684931507
"6142","RON03",42.80208356,-0.94108348,1959,1076.69,15.6866575342466,4.29783561643836
"6143","RON03",42.80208356,-0.94108348,1960,1114.35,15.2796994535519,3.65021857923497
"6144","RON03",42.80208356,-0.94108348,1961,978.17,17.3029863013699,3.86882191780822
"6145","RON03",42.80208356,-0.94108348,1962,790.83,16.3481917808219,3.3201095890411
"6146","RON03",42.80208356,-0.94108348,1963,1004.76,15.1487671232877,2.42484931506849
"6147","RON03",42.80208356,-0.94108348,1964,774.4,16.6584153005464,3.33789617486339
"6148","RON03",42.80208356,-0.94108348,1965,952.85,15.4614246575342,3.3087397260274
"6149","RON03",42.80208356,-0.94108348,1966,1118,15.7820273972603,4.53205479452055
"6150","RON03",42.80208356,-0.94108348,1967,789.77,16.2758904109589,4.07279452054795
"6151","RON03",42.80208356,-0.94108348,1968,915.18,15.7908196721311,4.66273224043716
"6152","RON03",42.80208356,-0.94108348,1969,1005.75,14.6333698630137,4.58835616438356
"6153","RON03",42.80208356,-0.94108348,1970,720,15.9329589041096,4.33635616438356
"6154","RON03",42.80208356,-0.94108348,1971,978.74,15.174,4.20756164383562
"6155","RON03",42.80208356,-0.94108348,1972,1076.38,14.4003825136612,3.52177595628415
"6156","RON03",42.80208356,-0.94108348,1973,758.88,15.853095890411,4.17032876712329
"6157","RON03",42.80208356,-0.94108348,1974,901.31,15.1319452054795,3.92753424657534
"6158","RON03",42.80208356,-0.94108348,1975,830.74,15.5702465753425,3.87435616438356
"6159","RON03",42.80208356,-0.94108348,1976,914.83,15.7555737704918,3.62994535519126
"6160","RON03",42.80208356,-0.94108348,1977,952.66,15.3324109589041,3.79687671232877
"6161","RON03",42.80208356,-0.94108348,1978,932.98,15.5924931506849,2.9638904109589
"6162","RON03",42.80208356,-0.94108348,1979,1109.07,15.0015616438356,4.46567123287671
"6163","RON03",42.80208356,-0.94108348,1980,852.16,15.7441256830601,3.82852459016393
"6164","RON03",42.80208356,-0.94108348,1981,874.73,16.6452328767123,4.79854794520548
"6165","RON03",42.80208356,-0.94108348,1982,963.74,16.1952876712329,5.36701369863014
"6166","RON03",42.80208356,-0.94108348,1983,672.3,16.8047945205479,5.39032876712329
"6167","RON03",42.80208356,-0.94108348,1984,990.02,15.0658469945355,4.38385245901639
"6168","RON03",42.80208356,-0.94108348,1985,709.61,16.3546849315068,4.74915068493151
"6169","RON03",42.80208356,-0.94108348,1986,835.91,15.6985753424658,5.07994520547945
"6170","RON03",42.80208356,-0.94108348,1987,817.32,16.1639726027397,5.63441095890411
"6171","RON03",42.80208356,-0.94108348,1988,901.61,16.0660655737705,5.55393442622951
"6172","RON03",42.80208356,-0.94108348,1989,713.87,17.1858082191781,6.46298630136986
"6173","RON03",42.80208356,-0.94108348,1990,802.12,16.9995068493151,5.92578082191781
"6174","RON03",42.80208356,-0.94108348,1991,728.47,15.65,5.34542465753425
"6175","RON03",42.80208356,-0.94108348,1992,954.75,15.6396448087432,5.3094262295082
"6176","RON03",42.80208356,-0.94108348,1993,856.97,15.7312602739726,4.79175342465753
"6177","RON03",42.80208356,-0.94108348,1994,831.68,16.9807397260274,6.04079452054795
"6178","RON03",42.80208356,-0.94108348,1995,782.02,16.8770136986301,6.07509589041096
"6179","RON03",42.80208356,-0.94108348,1996,1012.09,15.231174863388,5.86073770491803
"6180","RON03",42.80208356,-0.94108348,1997,930.73,16.7532054794521,7.1281095890411
"6181","RON03",42.80208356,-0.94108348,1998,857.38,15.748,6.1046301369863
"6182","RON03",42.80208356,-0.94108348,1999,963.49,15.0895616438356,6.15838356164384
"6183","RON03",42.80208356,-0.94108348,2000,1041.57,16.001393442623,6.16868852459016
"6184","RON03",42.80208356,-0.94108348,2001,808.75,15.7546575342466,6.25268493150685
"6185","RON03",42.80208356,-0.94108348,2002,1374.44,15.0815616438356,6.87983561643836
"6186","RON03",42.80208356,-0.94108348,2003,1093.2,15.7690684931507,7.27991780821918
"6187","RON03",42.80208356,-0.94108348,2004,840.33,15.7052732240437,5.74412568306011
"6188","RON03",42.80208356,-0.94108348,2005,1010.01,14.7605205479452,6.00649315068493
"6189","RON03",42.80208356,-0.94108348,2006,938.85,16.1740547945205,7.22523287671233
"6190","RON03",42.80208356,-0.94108348,2007,1142.95,15.3478904109589,5.92265753424658
"6191","RON03",42.80208356,-0.94108348,2008,1430.46,14.6096174863388,5.9855737704918
"6192","RON03",42.80208356,-0.94108348,2009,1326.14,15.497698630137,6.63890410958904
"6193","RON03",42.80208356,-0.94108348,2010,1181.05,13.8847671232877,5.67375342465753
"6194","RON03",42.80208356,-0.94108348,2011,1186.95,16.2868493150685,7.43758904109589
"6195","RON03",42.80208356,-0.94108348,2012,1219.81,15.6638797814208,6.6124043715847
"6196","RON03",42.80208356,-0.94108348,2013,1689.98,14.307397260274,6.23408219178082
"6197","RON03",42.80208356,-0.94108348,2014,1576.6,15.5440821917808,7.21512328767123
"6198","RON03",42.80208356,-0.94108348,2015,1334.91,16.2645205479452,7.11350684931507
"6199","RON03",42.80208356,-0.94108348,2016,1182.8,15.3768032786885,6.76554644808743
"6200","RON03",42.80208356,-0.94108348,2017,1260.11,16.2124383561644,6.75619178082192
"6201","RON03",42.80208356,-0.94108348,2018,1544.18,15.2524657534247,7.00876712328767
"6202","RON03",42.80208356,-0.94108348,2019,1448.92,16.0327945205479,6.69580821917808
"6203","RON03",42.80208356,-0.94108348,2020,1207.06,16.5275409836066,7.2325956284153
"6204","RON03",42.80208356,-0.94108348,2021,736.28,16.2201369863014,6.39298630136986
"6205","RON03",42.80208356,-0.94108348,2022,535.42,18.4780547945205,7.80224657534247
"6206","RON06",42.80193105,-0.93981605,1950,848.09,15.7138904109589,5.7607397260274
"6207","RON06",42.80193105,-0.93981605,1951,1013,14.1650410958904,5.07293150684932
"6208","RON06",42.80193105,-0.93981605,1952,879.74,15.2552459016393,5.89510928961749
"6209","RON06",42.80193105,-0.93981605,1953,580.22,15.7843561643836,5.11334246575342
"6210","RON06",42.80193105,-0.93981605,1954,771.81,14.7010684931507,4.50942465753425
"6211","RON06",42.80193105,-0.93981605,1955,676.47,16.0514246575342,5.88649315068493
"6212","RON06",42.80193105,-0.93981605,1956,671.07,13.9576775956284,4.00286885245902
"6213","RON06",42.80193105,-0.93981605,1957,639.98,15.351095890411,5.04443835616438
"6214","RON06",42.80193105,-0.93981605,1958,783.61,15.6279452054795,4.42950684931507
"6215","RON06",42.80193105,-0.93981605,1959,1076.69,15.6866575342466,4.29783561643836
"6216","RON06",42.80193105,-0.93981605,1960,1114.35,15.2796994535519,3.65021857923497
"6217","RON06",42.80193105,-0.93981605,1961,978.17,17.3029863013699,3.86882191780822
"6218","RON06",42.80193105,-0.93981605,1962,790.83,16.3481917808219,3.3201095890411
"6219","RON06",42.80193105,-0.93981605,1963,1004.76,15.1487671232877,2.42484931506849
"6220","RON06",42.80193105,-0.93981605,1964,774.4,16.6584153005464,3.33789617486339
"6221","RON06",42.80193105,-0.93981605,1965,952.85,15.4614246575342,3.3087397260274
"6222","RON06",42.80193105,-0.93981605,1966,1118,15.7820273972603,4.53205479452055
"6223","RON06",42.80193105,-0.93981605,1967,789.77,16.2758904109589,4.07279452054795
"6224","RON06",42.80193105,-0.93981605,1968,915.18,15.7908196721311,4.66273224043716
"6225","RON06",42.80193105,-0.93981605,1969,1005.75,14.6333698630137,4.58835616438356
"6226","RON06",42.80193105,-0.93981605,1970,720,15.9329589041096,4.33635616438356
"6227","RON06",42.80193105,-0.93981605,1971,978.74,15.174,4.20756164383562
"6228","RON06",42.80193105,-0.93981605,1972,1076.38,14.4003825136612,3.52177595628415
"6229","RON06",42.80193105,-0.93981605,1973,758.88,15.853095890411,4.17032876712329
"6230","RON06",42.80193105,-0.93981605,1974,901.31,15.1319452054795,3.92753424657534
"6231","RON06",42.80193105,-0.93981605,1975,830.74,15.5702465753425,3.87435616438356
"6232","RON06",42.80193105,-0.93981605,1976,914.83,15.7555737704918,3.62994535519126
"6233","RON06",42.80193105,-0.93981605,1977,952.66,15.3324109589041,3.79687671232877
"6234","RON06",42.80193105,-0.93981605,1978,932.98,15.5924931506849,2.9638904109589
"6235","RON06",42.80193105,-0.93981605,1979,1109.07,15.0015616438356,4.46567123287671
"6236","RON06",42.80193105,-0.93981605,1980,852.16,15.7441256830601,3.82852459016393
"6237","RON06",42.80193105,-0.93981605,1981,874.73,16.6452328767123,4.79854794520548
"6238","RON06",42.80193105,-0.93981605,1982,963.74,16.1952876712329,5.36701369863014
"6239","RON06",42.80193105,-0.93981605,1983,672.3,16.8047945205479,5.39032876712329
"6240","RON06",42.80193105,-0.93981605,1984,990.02,15.0658469945355,4.38385245901639
"6241","RON06",42.80193105,-0.93981605,1985,709.61,16.3546849315068,4.74915068493151
"6242","RON06",42.80193105,-0.93981605,1986,835.91,15.6985753424658,5.07994520547945
"6243","RON06",42.80193105,-0.93981605,1987,817.32,16.1639726027397,5.63441095890411
"6244","RON06",42.80193105,-0.93981605,1988,901.61,16.0660655737705,5.55393442622951
"6245","RON06",42.80193105,-0.93981605,1989,713.87,17.1858082191781,6.46298630136986
"6246","RON06",42.80193105,-0.93981605,1990,802.12,16.9995068493151,5.92578082191781
"6247","RON06",42.80193105,-0.93981605,1991,728.47,15.65,5.34542465753425
"6248","RON06",42.80193105,-0.93981605,1992,954.75,15.6396448087432,5.3094262295082
"6249","RON06",42.80193105,-0.93981605,1993,856.97,15.7312602739726,4.79175342465753
"6250","RON06",42.80193105,-0.93981605,1994,831.68,16.9807397260274,6.04079452054795
"6251","RON06",42.80193105,-0.93981605,1995,782.02,16.8770136986301,6.07509589041096
"6252","RON06",42.80193105,-0.93981605,1996,1012.09,15.231174863388,5.86073770491803
"6253","RON06",42.80193105,-0.93981605,1997,930.73,16.7532054794521,7.1281095890411
"6254","RON06",42.80193105,-0.93981605,1998,857.38,15.748,6.1046301369863
"6255","RON06",42.80193105,-0.93981605,1999,963.49,15.0895616438356,6.15838356164384
"6256","RON06",42.80193105,-0.93981605,2000,1041.57,16.001393442623,6.16868852459016
"6257","RON06",42.80193105,-0.93981605,2001,808.75,15.7546575342466,6.25268493150685
"6258","RON06",42.80193105,-0.93981605,2002,1374.44,15.0815616438356,6.87983561643836
"6259","RON06",42.80193105,-0.93981605,2003,1093.2,15.7690684931507,7.27991780821918
"6260","RON06",42.80193105,-0.93981605,2004,840.33,15.7052732240437,5.74412568306011
"6261","RON06",42.80193105,-0.93981605,2005,1010.01,14.7605205479452,6.00649315068493
"6262","RON06",42.80193105,-0.93981605,2006,938.85,16.1740547945205,7.22523287671233
"6263","RON06",42.80193105,-0.93981605,2007,1142.95,15.3478904109589,5.92265753424658
"6264","RON06",42.80193105,-0.93981605,2008,1430.46,14.6096174863388,5.9855737704918
"6265","RON06",42.80193105,-0.93981605,2009,1326.14,15.497698630137,6.63890410958904
"6266","RON06",42.80193105,-0.93981605,2010,1181.05,13.8847671232877,5.67375342465753
"6267","RON06",42.80193105,-0.93981605,2011,1186.95,16.2868493150685,7.43758904109589
"6268","RON06",42.80193105,-0.93981605,2012,1219.81,15.6638797814208,6.6124043715847
"6269","RON06",42.80193105,-0.93981605,2013,1689.98,14.307397260274,6.23408219178082
"6270","RON06",42.80193105,-0.93981605,2014,1576.6,15.5440821917808,7.21512328767123
"6271","RON06",42.80193105,-0.93981605,2015,1334.91,16.2645205479452,7.11350684931507
"6272","RON06",42.80193105,-0.93981605,2016,1182.8,15.3768032786885,6.76554644808743
"6273","RON06",42.80193105,-0.93981605,2017,1260.11,16.2124383561644,6.75619178082192
"6274","RON06",42.80193105,-0.93981605,2018,1544.18,15.2524657534247,7.00876712328767
"6275","RON06",42.80193105,-0.93981605,2019,1448.92,16.0327945205479,6.69580821917808
"6276","RON06",42.80193105,-0.93981605,2020,1207.06,16.5275409836066,7.2325956284153
"6277","RON06",42.80193105,-0.93981605,2021,736.28,16.2201369863014,6.39298630136986
"6278","RON06",42.80193105,-0.93981605,2022,535.42,18.4780547945205,7.80224657534247
"6279","OZA01",42.83055055,-0.71275001,1950,765.09,13.343095890411,3.79928767123288
"6280","OZA01",42.83055055,-0.71275001,1951,991.42,11.5635616438356,3.23131506849315
"6281","OZA01",42.83055055,-0.71275001,1952,840.3,12.9582513661202,4.15715846994536
"6282","OZA01",42.83055055,-0.71275001,1953,554.43,13.5012328767123,3.73860273972603
"6283","OZA01",42.83055055,-0.71275001,1954,758.78,12.3072876712329,2.93753424657534
"6284","OZA01",42.83055055,-0.71275001,1955,706.04,13.525698630137,4.25849315068493
"6285","OZA01",42.83055055,-0.71275001,1956,696.05,11.4682786885246,2.30300546448087
"6286","OZA01",42.83055055,-0.71275001,1957,688.78,12.9143561643836,3.45095890410959
"6287","OZA01",42.83055055,-0.71275001,1958,780.69,13.0255342465753,2.53887671232877
"6288","OZA01",42.83055055,-0.71275001,1959,1054.34,13.1052328767123,2.47657534246575
"6289","OZA01",42.83055055,-0.71275001,1960,1084.48,12.7347540983607,1.74114754098361
"6290","OZA01",42.83055055,-0.71275001,1961,949.54,14.9421643835616,1.96161643835616
"6291","OZA01",42.83055055,-0.71275001,1962,831.47,13.8833150684932,1.31098630136986
"6292","OZA01",42.83055055,-0.71275001,1963,1048.87,12.6933424657534,0.542356164383562
"6293","OZA01",42.83055055,-0.71275001,1964,829.72,14.4474590163934,1.56158469945355
"6294","OZA01",42.83055055,-0.71275001,1965,995.27,13.0946301369863,1.46197260273973
"6295","OZA01",42.83055055,-0.71275001,1966,1201.4,13.3601643835616,2.78353424657534
"6296","OZA01",42.83055055,-0.71275001,1967,821.23,13.9878356164384,2.34142465753425
"6297","OZA01",42.83055055,-0.71275001,1968,945.91,13.4495081967213,2.72469945355191
"6298","OZA01",42.83055055,-0.71275001,1969,1162.79,12.1478356164384,2.62032876712329
"6299","OZA01",42.83055055,-0.71275001,1970,806.49,13.6373698630137,2.32065753424658
"6300","OZA01",42.83055055,-0.71275001,1971,1082.68,12.7286301369863,2.15991780821918
"6301","OZA01",42.83055055,-0.71275001,1972,1110.98,11.8399180327869,1.50647540983607
"6302","OZA01",42.83055055,-0.71275001,1973,800.46,13.5618630136986,2.21649315068493
"6303","OZA01",42.83055055,-0.71275001,1974,974.96,12.678602739726,1.95471232876712
"6304","OZA01",42.83055055,-0.71275001,1975,845.25,13.1681917808219,1.89619178082192
"6305","OZA01",42.83055055,-0.71275001,1976,991.21,13.3128142076503,1.69215846994536
"6306","OZA01",42.83055055,-0.71275001,1977,1060.59,12.8529315068493,1.77687671232877
"6307","OZA01",42.83055055,-0.71275001,1978,1033.24,13.1925753424658,0.908958904109589
"6308","OZA01",42.83055055,-0.71275001,1979,1199.93,12.5447397260274,2.56958904109589
"6309","OZA01",42.83055055,-0.71275001,1980,902.73,13.4610109289617,1.89295081967213
"6310","OZA01",42.83055055,-0.71275001,1981,965.76,14.2404931506849,2.77698630136986
"6311","OZA01",42.83055055,-0.71275001,1982,1060.92,13.6656712328767,3.36276712328767
"6312","OZA01",42.83055055,-0.71275001,1983,711.36,14.5021917808219,3.50649315068493
"6313","OZA01",42.83055055,-0.71275001,1984,1066.14,12.5624316939891,2.36939890710383
"6314","OZA01",42.83055055,-0.71275001,1985,781.85,13.9636164383562,2.94282191780822
"6315","OZA01",42.83055055,-0.71275001,1986,903.76,13.2791506849315,3.29024657534247
"6316","OZA01",42.83055055,-0.71275001,1987,920.29,13.9225753424658,3.78879452054795
"6317","OZA01",42.83055055,-0.71275001,1988,1014.26,13.6930054644809,3.71265027322404
"6318","OZA01",42.83055055,-0.71275001,1989,787.6,14.8413150684932,4.92986301369863
"6319","OZA01",42.83055055,-0.71275001,1990,870.09,14.6441369863014,4.28528767123288
"6320","OZA01",42.83055055,-0.71275001,1991,840.19,13.2772328767123,3.61224657534247
"6321","OZA01",42.83055055,-0.71275001,1992,1049.8,13.3947540983607,3.54103825136612
"6322","OZA01",42.83055055,-0.71275001,1993,947.13,13.3911506849315,3.05786301369863
"6323","OZA01",42.83055055,-0.71275001,1994,931.4,14.6882465753425,4.30668493150685
"6324","OZA01",42.83055055,-0.71275001,1995,958.31,14.2560821917808,4.39076712328767
"6325","OZA01",42.83055055,-0.71275001,1996,1115.33,12.7713661202186,4.18901639344262
"6326","OZA01",42.83055055,-0.71275001,1997,1019.25,14.2988493150685,5.5921095890411
"6327","OZA01",42.83055055,-0.71275001,1998,993.86,13.3822465753425,4.52232876712329
"6328","OZA01",42.83055055,-0.71275001,1999,1088.33,12.7372602739726,4.41457534246575
"6329","OZA01",42.83055055,-0.71275001,2000,1143.5,13.5648633879781,4.58412568306011
"6330","OZA01",42.83055055,-0.71275001,2001,966.78,13.2188493150685,4.61364383561644
"6331","OZA01",42.83055055,-0.71275001,2002,1563.45,12.2241917808219,5.36123287671233
"6332","OZA01",42.83055055,-0.71275001,2003,1212.7,12.9836438356164,5.73131506849315
"6333","OZA01",42.83055055,-0.71275001,2004,902.48,13.1839890710383,3.98696721311475
"6334","OZA01",42.83055055,-0.71275001,2005,1061.73,12.1771780821918,4.78032876712329
"6335","OZA01",42.83055055,-0.71275001,2006,1030.81,13.799095890411,6.17830136986301
"6336","OZA01",42.83055055,-0.71275001,2007,1178.74,12.8824931506849,4.79893150684932
"6337","OZA01",42.83055055,-0.71275001,2008,1455.93,11.8972131147541,4.70699453551913
"6338","OZA01",42.83055055,-0.71275001,2009,1325.48,12.7898904109589,5.29947945205479
"6339","OZA01",42.83055055,-0.71275001,2010,1201.47,11.0134520547945,4.02106849315069
"6340","OZA01",42.83055055,-0.71275001,2011,1210.02,13.4119178082192,6.02104109589041
"6341","OZA01",42.83055055,-0.71275001,2012,1237.24,12.8083606557377,5.16696721311475
"6342","OZA01",42.83055055,-0.71275001,2013,1735.11,11.2785753424658,4.55265753424657
"6343","OZA01",42.83055055,-0.71275001,2014,1565.19,12.5015068493151,5.55345205479452
"6344","OZA01",42.83055055,-0.71275001,2015,1333.91,13.5885479452055,5.70413698630137
"6345","OZA01",42.83055055,-0.71275001,2016,1237.97,12.5463387978142,5.36699453551913
"6346","OZA01",42.83055055,-0.71275001,2017,1245.41,13.4094246575342,5.36594520547945
"6347","OZA01",42.83055055,-0.71275001,2018,1535.52,12.367698630137,5.34687671232877
"6348","OZA01",42.83055055,-0.71275001,2019,1424.52,13.0571232876712,5.4067397260274
"6349","OZA01",42.83055055,-0.71275001,2020,1224.94,13.6012568306011,6.09163934426229
"6350","OZA01",42.83055055,-0.71275001,2021,755.2,13.4975342465753,4.77890410958904
"6351","OZA01",42.83055055,-0.71275001,2022,625.45,15.6478630136986,6.32893150684932
"6352","FAG01",42.72344797,-0.8826254,1950,855.34,15.0243835616438,4.73627397260274
"6353","FAG01",42.72344797,-0.8826254,1951,1017.86,13.4736438356164,3.96641095890411
"6354","FAG01",42.72344797,-0.8826254,1952,884.95,14.5450819672131,4.8424043715847
"6355","FAG01",42.72344797,-0.8826254,1953,603.11,15.0424657534247,4.04394520547945
"6356","FAG01",42.72344797,-0.8826254,1954,793.47,13.9600547945205,3.42953424657534
"6357","FAG01",42.72344797,-0.8826254,1955,697.87,15.2795616438356,4.83104109589041
"6358","FAG01",42.72344797,-0.8826254,1956,672.89,13.2179508196721,2.9601912568306
"6359","FAG01",42.72344797,-0.8826254,1957,649.22,14.58,3.96452054794521
"6360","FAG01",42.72344797,-0.8826254,1958,787.55,14.9482739726027,3.3413698630137
"6361","FAG01",42.72344797,-0.8826254,1959,1091.12,14.9374794520548,3.14134246575342
"6362","FAG01",42.72344797,-0.8826254,1960,1143.84,14.5705737704918,2.52084699453552
"6363","FAG01",42.72344797,-0.8826254,1961,993.21,16.5826301369863,2.70364383561644
"6364","FAG01",42.72344797,-0.8826254,1962,794.32,15.6524383561644,2.23178082191781
"6365","FAG01",42.72344797,-0.8826254,1963,1036.57,14.4944657534247,1.29178082191781
"6366","FAG01",42.72344797,-0.8826254,1964,789.9,15.9867759562842,2.20622950819672
"6367","FAG01",42.72344797,-0.8826254,1965,977.25,14.8506575342466,2.21315068493151
"6368","FAG01",42.72344797,-0.8826254,1966,1108.12,15.1479452054795,3.45438356164384
"6369","FAG01",42.72344797,-0.8826254,1967,780.79,15.6556438356164,2.9973698630137
"6370","FAG01",42.72344797,-0.8826254,1968,916.55,15.1417486338798,3.57330601092896
"6371","FAG01",42.72344797,-0.8826254,1969,1031.82,13.9849863013699,3.4732602739726
"6372","FAG01",42.72344797,-0.8826254,1970,725.66,15.2959178082192,3.22997260273973
"6373","FAG01",42.72344797,-0.8826254,1971,1006.57,14.5185205479452,3.0833698630137
"6374","FAG01",42.72344797,-0.8826254,1972,1088.72,13.7709289617486,2.40450819672131
"6375","FAG01",42.72344797,-0.8826254,1973,746.9,15.2198904109589,3.01128767123288
"6376","FAG01",42.72344797,-0.8826254,1974,910.89,14.5168219178082,2.74769863013699
"6377","FAG01",42.72344797,-0.8826254,1975,841.17,14.9257260273973,2.70846575342466
"6378","FAG01",42.72344797,-0.8826254,1976,912.53,15.096393442623,2.42098360655738
"6379","FAG01",42.72344797,-0.8826254,1977,968.29,14.7137534246575,2.60243835616438
"6380","FAG01",42.72344797,-0.8826254,1978,934.09,14.9792054794521,1.74323287671233
"6381","FAG01",42.72344797,-0.8826254,1979,1116.49,14.3588219178082,3.33986301369863
"6382","FAG01",42.72344797,-0.8826254,1980,858.25,15.1317486338798,2.69409836065574
"6383","FAG01",42.72344797,-0.8826254,1981,879.84,16.0451780821918,3.71890410958904
"6384","FAG01",42.72344797,-0.8826254,1982,982.91,15.5425753424658,4.27693150684931
"6385","FAG01",42.72344797,-0.8826254,1983,673.48,16.1439452054795,4.27276712328767
"6386","FAG01",42.72344797,-0.8826254,1984,995.98,14.4512295081967,3.27767759562842
"6387","FAG01",42.72344797,-0.8826254,1985,708.23,15.7470684931507,3.63087671232877
"6388","FAG01",42.72344797,-0.8826254,1986,842.26,15.1055616438356,4.00884931506849
"6389","FAG01",42.72344797,-0.8826254,1987,806.78,15.5417808219178,4.54742465753425
"6390","FAG01",42.72344797,-0.8826254,1988,901.04,15.464262295082,4.45377049180328
"6391","FAG01",42.72344797,-0.8826254,1989,730.86,16.5312054794521,5.35345205479452
"6392","FAG01",42.72344797,-0.8826254,1990,822.35,16.3641643835616,4.78945205479452
"6393","FAG01",42.72344797,-0.8826254,1991,738.01,15.0236164383562,4.22427397260274
"6394","FAG01",42.72344797,-0.8826254,1992,960.51,14.9904918032787,4.16844262295082
"6395","FAG01",42.72344797,-0.8826254,1993,871.77,15.0825753424658,3.61687671232877
"6396","FAG01",42.72344797,-0.8826254,1994,843.73,16.366602739726,4.89769863013699
"6397","FAG01",42.72344797,-0.8826254,1995,782.62,16.2655068493151,5.01098630136986
"6398","FAG01",42.72344797,-0.8826254,1996,1020.14,14.5840983606557,4.78928961748634
"6399","FAG01",42.72344797,-0.8826254,1997,949.58,16.0127397260274,6.03369863013699
"6400","FAG01",42.72344797,-0.8826254,1998,838.57,15.0587397260274,5.02767123287671
"6401","FAG01",42.72344797,-0.8826254,1999,961.71,14.3895342465753,5.04219178082192
"6402","FAG01",42.72344797,-0.8826254,2000,1051.33,15.2896448087432,5.08338797814208
"6403","FAG01",42.72344797,-0.8826254,2001,782.77,15.1079726027397,5.12380821917808
"6404","FAG01",42.72344797,-0.8826254,2002,1330.3,14.5790410958904,5.72041095890411
"6405","FAG01",42.72344797,-0.8826254,2003,1092,15.2210410958904,6.12923287671233
"6406","FAG01",42.72344797,-0.8826254,2004,815.39,15.0278415300546,4.67931693989071
"6407","FAG01",42.72344797,-0.8826254,2005,949.79,14.2689589041096,4.79879452054795
"6408","FAG01",42.72344797,-0.8826254,2006,946.42,15.6031780821918,5.99109589041096
"6409","FAG01",42.72344797,-0.8826254,2007,1113.37,14.7945753424658,4.77482191780822
"6410","FAG01",42.72344797,-0.8826254,2008,1408.93,14.1246448087432,4.84281420765027
"6411","FAG01",42.72344797,-0.8826254,2009,1293.91,15.0508219178082,5.48419178082192
"6412","FAG01",42.72344797,-0.8826254,2010,1149.93,13.4877808219178,4.56131506849315
"6413","FAG01",42.72344797,-0.8826254,2011,1155.43,15.7702465753425,6.19106849315069
"6414","FAG01",42.72344797,-0.8826254,2012,1186.23,15.2079234972678,5.40144808743169
"6415","FAG01",42.72344797,-0.8826254,2013,1636.32,13.9302465753425,5.07654794520548
"6416","FAG01",42.72344797,-0.8826254,2014,1542.32,15.1918630136986,6.06397260273973
"6417","FAG01",42.72344797,-0.8826254,2015,1299.82,15.7438630136986,5.93295890410959
"6418","FAG01",42.72344797,-0.8826254,2016,1187.69,14.9400273224044,5.55016393442623
"6419","FAG01",42.72344797,-0.8826254,2017,1235.48,15.6973150684932,5.52186301369863
"6420","FAG01",42.72344797,-0.8826254,2018,1529.43,14.7775068493151,5.84101369863014
"6421","FAG01",42.72344797,-0.8826254,2019,1418.37,15.5514520547945,5.4321095890411
"6422","FAG01",42.72344797,-0.8826254,2020,1191.84,15.9639617486339,5.97418032786885
"6423","FAG01",42.72344797,-0.8826254,2021,728.29,15.5372876712329,5.31071232876712
"6424","FAG01",42.72344797,-0.8826254,2022,534.12,17.8024931506849,6.71561643835616
"6425","FAG02",42.72394477,-0.88176849,1950,855.34,15.0243835616438,4.73627397260274
"6426","FAG02",42.72394477,-0.88176849,1951,1017.86,13.4736438356164,3.96641095890411
"6427","FAG02",42.72394477,-0.88176849,1952,884.95,14.5450819672131,4.8424043715847
"6428","FAG02",42.72394477,-0.88176849,1953,603.11,15.0424657534247,4.04394520547945
"6429","FAG02",42.72394477,-0.88176849,1954,793.47,13.9600547945205,3.42953424657534
"6430","FAG02",42.72394477,-0.88176849,1955,697.87,15.2795616438356,4.83104109589041
"6431","FAG02",42.72394477,-0.88176849,1956,672.89,13.2179508196721,2.9601912568306
"6432","FAG02",42.72394477,-0.88176849,1957,649.22,14.58,3.96452054794521
"6433","FAG02",42.72394477,-0.88176849,1958,787.55,14.9482739726027,3.3413698630137
"6434","FAG02",42.72394477,-0.88176849,1959,1091.12,14.9374794520548,3.14134246575342
"6435","FAG02",42.72394477,-0.88176849,1960,1143.84,14.5705737704918,2.52084699453552
"6436","FAG02",42.72394477,-0.88176849,1961,993.21,16.5826301369863,2.70364383561644
"6437","FAG02",42.72394477,-0.88176849,1962,794.32,15.6524383561644,2.23178082191781
"6438","FAG02",42.72394477,-0.88176849,1963,1036.57,14.4944657534247,1.29178082191781
"6439","FAG02",42.72394477,-0.88176849,1964,789.9,15.9867759562842,2.20622950819672
"6440","FAG02",42.72394477,-0.88176849,1965,977.25,14.8506575342466,2.21315068493151
"6441","FAG02",42.72394477,-0.88176849,1966,1108.12,15.1479452054795,3.45438356164384
"6442","FAG02",42.72394477,-0.88176849,1967,780.79,15.6556438356164,2.9973698630137
"6443","FAG02",42.72394477,-0.88176849,1968,916.55,15.1417486338798,3.57330601092896
"6444","FAG02",42.72394477,-0.88176849,1969,1031.82,13.9849863013699,3.4732602739726
"6445","FAG02",42.72394477,-0.88176849,1970,725.66,15.2959178082192,3.22997260273973
"6446","FAG02",42.72394477,-0.88176849,1971,1006.57,14.5185205479452,3.0833698630137
"6447","FAG02",42.72394477,-0.88176849,1972,1088.72,13.7709289617486,2.40450819672131
"6448","FAG02",42.72394477,-0.88176849,1973,746.9,15.2198904109589,3.01128767123288
"6449","FAG02",42.72394477,-0.88176849,1974,910.89,14.5168219178082,2.74769863013699
"6450","FAG02",42.72394477,-0.88176849,1975,841.17,14.9257260273973,2.70846575342466
"6451","FAG02",42.72394477,-0.88176849,1976,912.53,15.096393442623,2.42098360655738
"6452","FAG02",42.72394477,-0.88176849,1977,968.29,14.7137534246575,2.60243835616438
"6453","FAG02",42.72394477,-0.88176849,1978,934.09,14.9792054794521,1.74323287671233
"6454","FAG02",42.72394477,-0.88176849,1979,1116.49,14.3588219178082,3.33986301369863
"6455","FAG02",42.72394477,-0.88176849,1980,858.25,15.1317486338798,2.69409836065574
"6456","FAG02",42.72394477,-0.88176849,1981,879.84,16.0451780821918,3.71890410958904
"6457","FAG02",42.72394477,-0.88176849,1982,982.91,15.5425753424658,4.27693150684931
"6458","FAG02",42.72394477,-0.88176849,1983,673.48,16.1439452054795,4.27276712328767
"6459","FAG02",42.72394477,-0.88176849,1984,995.98,14.4512295081967,3.27767759562842
"6460","FAG02",42.72394477,-0.88176849,1985,708.23,15.7470684931507,3.63087671232877
"6461","FAG02",42.72394477,-0.88176849,1986,842.26,15.1055616438356,4.00884931506849
"6462","FAG02",42.72394477,-0.88176849,1987,806.78,15.5417808219178,4.54742465753425
"6463","FAG02",42.72394477,-0.88176849,1988,901.04,15.464262295082,4.45377049180328
"6464","FAG02",42.72394477,-0.88176849,1989,730.86,16.5312054794521,5.35345205479452
"6465","FAG02",42.72394477,-0.88176849,1990,822.35,16.3641643835616,4.78945205479452
"6466","FAG02",42.72394477,-0.88176849,1991,738.01,15.0236164383562,4.22427397260274
"6467","FAG02",42.72394477,-0.88176849,1992,960.51,14.9904918032787,4.16844262295082
"6468","FAG02",42.72394477,-0.88176849,1993,871.77,15.0825753424658,3.61687671232877
"6469","FAG02",42.72394477,-0.88176849,1994,843.73,16.366602739726,4.89769863013699
"6470","FAG02",42.72394477,-0.88176849,1995,782.62,16.2655068493151,5.01098630136986
"6471","FAG02",42.72394477,-0.88176849,1996,1020.14,14.5840983606557,4.78928961748634
"6472","FAG02",42.72394477,-0.88176849,1997,949.58,16.0127397260274,6.03369863013699
"6473","FAG02",42.72394477,-0.88176849,1998,838.57,15.0587397260274,5.02767123287671
"6474","FAG02",42.72394477,-0.88176849,1999,961.71,14.3895342465753,5.04219178082192
"6475","FAG02",42.72394477,-0.88176849,2000,1051.33,15.2896448087432,5.08338797814208
"6476","FAG02",42.72394477,-0.88176849,2001,782.77,15.1079726027397,5.12380821917808
"6477","FAG02",42.72394477,-0.88176849,2002,1330.3,14.5790410958904,5.72041095890411
"6478","FAG02",42.72394477,-0.88176849,2003,1092,15.2210410958904,6.12923287671233
"6479","FAG02",42.72394477,-0.88176849,2004,815.39,15.0278415300546,4.67931693989071
"6480","FAG02",42.72394477,-0.88176849,2005,949.79,14.2689589041096,4.79879452054795
"6481","FAG02",42.72394477,-0.88176849,2006,946.42,15.6031780821918,5.99109589041096
"6482","FAG02",42.72394477,-0.88176849,2007,1113.37,14.7945753424658,4.77482191780822
"6483","FAG02",42.72394477,-0.88176849,2008,1408.93,14.1246448087432,4.84281420765027
"6484","FAG02",42.72394477,-0.88176849,2009,1293.91,15.0508219178082,5.48419178082192
"6485","FAG02",42.72394477,-0.88176849,2010,1149.93,13.4877808219178,4.56131506849315
"6486","FAG02",42.72394477,-0.88176849,2011,1155.43,15.7702465753425,6.19106849315069
"6487","FAG02",42.72394477,-0.88176849,2012,1186.23,15.2079234972678,5.40144808743169
"6488","FAG02",42.72394477,-0.88176849,2013,1636.32,13.9302465753425,5.07654794520548
"6489","FAG02",42.72394477,-0.88176849,2014,1542.32,15.1918630136986,6.06397260273973
"6490","FAG02",42.72394477,-0.88176849,2015,1299.82,15.7438630136986,5.93295890410959
"6491","FAG02",42.72394477,-0.88176849,2016,1187.69,14.9400273224044,5.55016393442623
"6492","FAG02",42.72394477,-0.88176849,2017,1235.48,15.6973150684932,5.52186301369863
"6493","FAG02",42.72394477,-0.88176849,2018,1529.43,14.7775068493151,5.84101369863014
"6494","FAG02",42.72394477,-0.88176849,2019,1418.37,15.5514520547945,5.4321095890411
"6495","FAG02",42.72394477,-0.88176849,2020,1191.84,15.9639617486339,5.97418032786885
"6496","FAG02",42.72394477,-0.88176849,2021,728.29,15.5372876712329,5.31071232876712
"6497","FAG02",42.72394477,-0.88176849,2022,534.12,17.8024931506849,6.71561643835616
"6498","FAG03",42.7246411,-0.88051845,1950,855.34,15.0243835616438,4.73627397260274
"6499","FAG03",42.7246411,-0.88051845,1951,1017.86,13.4736438356164,3.96641095890411
"6500","FAG03",42.7246411,-0.88051845,1952,884.95,14.5450819672131,4.8424043715847
"6501","FAG03",42.7246411,-0.88051845,1953,603.11,15.0424657534247,4.04394520547945
"6502","FAG03",42.7246411,-0.88051845,1954,793.47,13.9600547945205,3.42953424657534
"6503","FAG03",42.7246411,-0.88051845,1955,697.87,15.2795616438356,4.83104109589041
"6504","FAG03",42.7246411,-0.88051845,1956,672.89,13.2179508196721,2.9601912568306
"6505","FAG03",42.7246411,-0.88051845,1957,649.22,14.58,3.96452054794521
"6506","FAG03",42.7246411,-0.88051845,1958,787.55,14.9482739726027,3.3413698630137
"6507","FAG03",42.7246411,-0.88051845,1959,1091.12,14.9374794520548,3.14134246575342
"6508","FAG03",42.7246411,-0.88051845,1960,1143.84,14.5705737704918,2.52084699453552
"6509","FAG03",42.7246411,-0.88051845,1961,993.21,16.5826301369863,2.70364383561644
"6510","FAG03",42.7246411,-0.88051845,1962,794.32,15.6524383561644,2.23178082191781
"6511","FAG03",42.7246411,-0.88051845,1963,1036.57,14.4944657534247,1.29178082191781
"6512","FAG03",42.7246411,-0.88051845,1964,789.9,15.9867759562842,2.20622950819672
"6513","FAG03",42.7246411,-0.88051845,1965,977.25,14.8506575342466,2.21315068493151
"6514","FAG03",42.7246411,-0.88051845,1966,1108.12,15.1479452054795,3.45438356164384
"6515","FAG03",42.7246411,-0.88051845,1967,780.79,15.6556438356164,2.9973698630137
"6516","FAG03",42.7246411,-0.88051845,1968,916.55,15.1417486338798,3.57330601092896
"6517","FAG03",42.7246411,-0.88051845,1969,1031.82,13.9849863013699,3.4732602739726
"6518","FAG03",42.7246411,-0.88051845,1970,725.66,15.2959178082192,3.22997260273973
"6519","FAG03",42.7246411,-0.88051845,1971,1006.57,14.5185205479452,3.0833698630137
"6520","FAG03",42.7246411,-0.88051845,1972,1088.72,13.7709289617486,2.40450819672131
"6521","FAG03",42.7246411,-0.88051845,1973,746.9,15.2198904109589,3.01128767123288
"6522","FAG03",42.7246411,-0.88051845,1974,910.89,14.5168219178082,2.74769863013699
"6523","FAG03",42.7246411,-0.88051845,1975,841.17,14.9257260273973,2.70846575342466
"6524","FAG03",42.7246411,-0.88051845,1976,912.53,15.096393442623,2.42098360655738
"6525","FAG03",42.7246411,-0.88051845,1977,968.29,14.7137534246575,2.60243835616438
"6526","FAG03",42.7246411,-0.88051845,1978,934.09,14.9792054794521,1.74323287671233
"6527","FAG03",42.7246411,-0.88051845,1979,1116.49,14.3588219178082,3.33986301369863
"6528","FAG03",42.7246411,-0.88051845,1980,858.25,15.1317486338798,2.69409836065574
"6529","FAG03",42.7246411,-0.88051845,1981,879.84,16.0451780821918,3.71890410958904
"6530","FAG03",42.7246411,-0.88051845,1982,982.91,15.5425753424658,4.27693150684931
"6531","FAG03",42.7246411,-0.88051845,1983,673.48,16.1439452054795,4.27276712328767
"6532","FAG03",42.7246411,-0.88051845,1984,995.98,14.4512295081967,3.27767759562842
"6533","FAG03",42.7246411,-0.88051845,1985,708.23,15.7470684931507,3.63087671232877
"6534","FAG03",42.7246411,-0.88051845,1986,842.26,15.1055616438356,4.00884931506849
"6535","FAG03",42.7246411,-0.88051845,1987,806.78,15.5417808219178,4.54742465753425
"6536","FAG03",42.7246411,-0.88051845,1988,901.04,15.464262295082,4.45377049180328
"6537","FAG03",42.7246411,-0.88051845,1989,730.86,16.5312054794521,5.35345205479452
"6538","FAG03",42.7246411,-0.88051845,1990,822.35,16.3641643835616,4.78945205479452
"6539","FAG03",42.7246411,-0.88051845,1991,738.01,15.0236164383562,4.22427397260274
"6540","FAG03",42.7246411,-0.88051845,1992,960.51,14.9904918032787,4.16844262295082
"6541","FAG03",42.7246411,-0.88051845,1993,871.77,15.0825753424658,3.61687671232877
"6542","FAG03",42.7246411,-0.88051845,1994,843.73,16.366602739726,4.89769863013699
"6543","FAG03",42.7246411,-0.88051845,1995,782.62,16.2655068493151,5.01098630136986
"6544","FAG03",42.7246411,-0.88051845,1996,1020.14,14.5840983606557,4.78928961748634
"6545","FAG03",42.7246411,-0.88051845,1997,949.58,16.0127397260274,6.03369863013699
"6546","FAG03",42.7246411,-0.88051845,1998,838.57,15.0587397260274,5.02767123287671
"6547","FAG03",42.7246411,-0.88051845,1999,961.71,14.3895342465753,5.04219178082192
"6548","FAG03",42.7246411,-0.88051845,2000,1051.33,15.2896448087432,5.08338797814208
"6549","FAG03",42.7246411,-0.88051845,2001,782.77,15.1079726027397,5.12380821917808
"6550","FAG03",42.7246411,-0.88051845,2002,1330.3,14.5790410958904,5.72041095890411
"6551","FAG03",42.7246411,-0.88051845,2003,1092,15.2210410958904,6.12923287671233
"6552","FAG03",42.7246411,-0.88051845,2004,815.39,15.0278415300546,4.67931693989071
"6553","FAG03",42.7246411,-0.88051845,2005,949.79,14.2689589041096,4.79879452054795
"6554","FAG03",42.7246411,-0.88051845,2006,946.42,15.6031780821918,5.99109589041096
"6555","FAG03",42.7246411,-0.88051845,2007,1113.37,14.7945753424658,4.77482191780822
"6556","FAG03",42.7246411,-0.88051845,2008,1408.93,14.1246448087432,4.84281420765027
"6557","FAG03",42.7246411,-0.88051845,2009,1293.91,15.0508219178082,5.48419178082192
"6558","FAG03",42.7246411,-0.88051845,2010,1149.93,13.4877808219178,4.56131506849315
"6559","FAG03",42.7246411,-0.88051845,2011,1155.43,15.7702465753425,6.19106849315069
"6560","FAG03",42.7246411,-0.88051845,2012,1186.23,15.2079234972678,5.40144808743169
"6561","FAG03",42.7246411,-0.88051845,2013,1636.32,13.9302465753425,5.07654794520548
"6562","FAG03",42.7246411,-0.88051845,2014,1542.32,15.1918630136986,6.06397260273973
"6563","FAG03",42.7246411,-0.88051845,2015,1299.82,15.7438630136986,5.93295890410959
"6564","FAG03",42.7246411,-0.88051845,2016,1187.69,14.9400273224044,5.55016393442623
"6565","FAG03",42.7246411,-0.88051845,2017,1235.48,15.6973150684932,5.52186301369863
"6566","FAG03",42.7246411,-0.88051845,2018,1529.43,14.7775068493151,5.84101369863014
"6567","FAG03",42.7246411,-0.88051845,2019,1418.37,15.5514520547945,5.4321095890411
"6568","FAG03",42.7246411,-0.88051845,2020,1191.84,15.9639617486339,5.97418032786885
"6569","FAG03",42.7246411,-0.88051845,2021,728.29,15.5372876712329,5.31071232876712
"6570","FAG03",42.7246411,-0.88051845,2022,534.12,17.8024931506849,6.71561643835616
"6571","FAG04",42.72328873,-0.88427165,1950,838.33,15.41,5.18942465753425
"6572","FAG04",42.72328873,-0.88427165,1951,996.29,13.8652054794521,4.41734246575342
"6573","FAG04",42.72328873,-0.88427165,1952,866.82,14.9289344262295,5.28811475409836
"6574","FAG04",42.72328873,-0.88427165,1953,591.27,15.426,4.48164383561644
"6575","FAG04",42.72328873,-0.88427165,1954,774.97,14.3490410958904,3.87350684931507
"6576","FAG04",42.72328873,-0.88427165,1955,680.62,15.6724931506849,5.27238356164384
"6577","FAG04",42.72328873,-0.88427165,1956,655.64,13.6080601092896,3.40491803278689
"6578","FAG04",42.72328873,-0.88427165,1957,633.11,14.9691232876712,4.40734246575343
"6579","FAG04",42.72328873,-0.88427165,1958,769.58,15.3367123287671,3.80457534246575
"6580","FAG04",42.72328873,-0.88427165,1959,1066.17,15.3261095890411,3.61016438356164
"6581","FAG04",42.72328873,-0.88427165,1960,1119,14.9551639344262,2.98950819672131
"6582","FAG04",42.72328873,-0.88427165,1961,971.78,16.9595890410959,3.17794520547945
"6583","FAG04",42.72328873,-0.88427165,1962,775.42,16.0314794520548,2.70416438356164
"6584","FAG04",42.72328873,-0.88427165,1963,1006.23,14.8716438356164,1.76128767123288
"6585","FAG04",42.72328873,-0.88427165,1964,770.39,16.3554371584699,2.67210382513661
"6586","FAG04",42.72328873,-0.88427165,1965,954.09,15.2246301369863,2.67246575342466
"6587","FAG04",42.72328873,-0.88427165,1966,1083.09,15.5255342465753,3.90605479452055
"6588","FAG04",42.72328873,-0.88427165,1967,763.71,16.0258356164384,3.45265753424658
"6589","FAG04",42.72328873,-0.88427165,1968,896.31,15.5170218579235,4.03420765027322
"6590","FAG04",42.72328873,-0.88427165,1969,1003.74,14.3625479452055,3.93298630136986
"6591","FAG04",42.72328873,-0.88427165,1970,708.63,15.6673698630137,3.69306849315068
"6592","FAG04",42.72328873,-0.88427165,1971,979.92,14.8931506849315,3.54802739726027
"6593","FAG04",42.72328873,-0.88427165,1972,1064.69,14.1482513661202,2.87054644808743
"6594","FAG04",42.72328873,-0.88427165,1973,729.51,15.5893698630137,3.47572602739726
"6595","FAG04",42.72328873,-0.88427165,1974,890.59,14.8904383561644,3.21794520547945
"6596","FAG04",42.72328873,-0.88427165,1975,820.75,15.2967945205479,3.18
"6597","FAG04",42.72328873,-0.88427165,1976,891.85,15.4711475409836,2.8955737704918
"6598","FAG04",42.72328873,-0.88427165,1977,944.55,15.0887945205479,3.07695890410959
"6599","FAG04",42.72328873,-0.88427165,1978,910.58,15.3523561643836,2.22512328767123
"6600","FAG04",42.72328873,-0.88427165,1979,1090.9,14.7384109589041,3.80131506849315
"6601","FAG04",42.72328873,-0.88427165,1980,838.89,15.5000819672131,3.15775956284153
"6602","FAG04",42.72328873,-0.88427165,1981,858.68,16.419698630137,4.18117808219178
"6603","FAG04",42.72328873,-0.88427165,1982,959.59,15.9238356164384,4.73882191780822
"6604","FAG04",42.72328873,-0.88427165,1983,658.14,16.5186849315069,4.72860273972603
"6605","FAG04",42.72328873,-0.88427165,1984,972.33,14.8315846994536,3.73715846994536
"6606","FAG04",42.72328873,-0.88427165,1985,691.28,16.1242191780822,4.08493150684932
"6607","FAG04",42.72328873,-0.88427165,1986,820.52,15.4854246575342,4.45975342465753
"6608","FAG04",42.72328873,-0.88427165,1987,788.54,15.9154794520548,5.00197260273973
"6609","FAG04",42.72328873,-0.88427165,1988,880.7,15.8385519125683,4.90497267759563
"6610","FAG04",42.72328873,-0.88427165,1989,710.95,16.9062191780822,5.79613698630137
"6611","FAG04",42.72328873,-0.88427165,1990,802.14,16.7412328767123,5.23780821917808
"6612","FAG04",42.72328873,-0.88427165,1991,717.93,15.4019726027397,4.67635616438356
"6613","FAG04",42.72328873,-0.88427165,1992,937.53,15.3667759562842,4.62289617486339
"6614","FAG04",42.72328873,-0.88427165,1993,850.36,15.4603561643836,4.07547945205479
"6615","FAG04",42.72328873,-0.88427165,1994,822.03,16.7466301369863,5.35095890410959
"6616","FAG04",42.72328873,-0.88427165,1995,759.97,16.6537534246575,5.45627397260274
"6617","FAG04",42.72328873,-0.88427165,1996,994.24,14.9703278688525,5.23325136612022
"6618","FAG04",42.72328873,-0.88427165,1997,925.4,16.4023287671233,6.47150684931507
"6619","FAG04",42.72328873,-0.88427165,1998,817.15,15.4457534246575,5.46843835616438
"6620","FAG04",42.72328873,-0.88427165,1999,936.56,14.7770410958904,5.4893698630137
"6621","FAG04",42.72328873,-0.88427165,2000,1026.53,15.6805464480874,5.52756830601093
"6622","FAG04",42.72328873,-0.88427165,2001,762.17,15.5017260273973,5.56660273972603
"6623","FAG04",42.72328873,-0.88427165,2002,1292.24,14.9824657534247,6.15876712328767
"6624","FAG04",42.72328873,-0.88427165,2003,1062.24,15.6227945205479,6.56761643835616
"6625","FAG04",42.72328873,-0.88427165,2004,797.74,15.4191256830601,5.12773224043716
"6626","FAG04",42.72328873,-0.88427165,2005,926.34,14.6654794520548,5.23427397260274
"6627","FAG04",42.72328873,-0.88427165,2006,921.39,15.9969315068493,6.42471232876712
"6628","FAG04",42.72328873,-0.88427165,2007,1089.52,15.1862465753425,5.20843835616438
"6629","FAG04",42.72328873,-0.88427165,2008,1374.38,14.5250546448087,5.27685792349727
"6630","FAG04",42.72328873,-0.88427165,2009,1262.62,15.4505205479452,5.92084931506849
"6631","FAG04",42.72328873,-0.88427165,2010,1123.47,13.8932054794521,5.00279452054794
"6632","FAG04",42.72328873,-0.88427165,2011,1125.97,16.172301369863,6.62364383561644
"6633","FAG04",42.72328873,-0.88427165,2012,1161.4,15.6084426229508,5.8357650273224
"6634","FAG04",42.72328873,-0.88427165,2013,1595.64,14.3356438356164,5.5173698630137
"6635","FAG04",42.72328873,-0.88427165,2014,1507.13,15.5941095890411,6.50386301369863
"6636","FAG04",42.72328873,-0.88427165,2015,1268.19,16.1392602739726,6.36868493150685
"6637","FAG04",42.72328873,-0.88427165,2016,1157.19,15.3412568306011,5.98612021857924
"6638","FAG04",42.72328873,-0.88427165,2017,1205.67,16.0984383561644,5.95750684931507
"6639","FAG04",42.72328873,-0.88427165,2018,1493.14,15.1797808219178,6.28120547945205
"6640","FAG04",42.72328873,-0.88427165,2019,1384.2,15.9542191780822,5.86479452054795
"6641","FAG04",42.72328873,-0.88427165,2020,1162.74,16.3667759562842,6.40308743169399
"6642","FAG04",42.72328873,-0.88427165,2021,711.17,15.9304931506849,5.75698630136986
"6643","FAG04",42.72328873,-0.88427165,2022,520.79,18.1964657534247,7.15731506849315
"6644","FAG05",42.72333241,-0.88351628,1950,838.33,15.41,5.18942465753425
"6645","FAG05",42.72333241,-0.88351628,1951,996.29,13.8652054794521,4.41734246575342
"6646","FAG05",42.72333241,-0.88351628,1952,866.82,14.9289344262295,5.28811475409836
"6647","FAG05",42.72333241,-0.88351628,1953,591.27,15.426,4.48164383561644
"6648","FAG05",42.72333241,-0.88351628,1954,774.97,14.3490410958904,3.87350684931507
"6649","FAG05",42.72333241,-0.88351628,1955,680.62,15.6724931506849,5.27238356164384
"6650","FAG05",42.72333241,-0.88351628,1956,655.64,13.6080601092896,3.40491803278689
"6651","FAG05",42.72333241,-0.88351628,1957,633.11,14.9691232876712,4.40734246575343
"6652","FAG05",42.72333241,-0.88351628,1958,769.58,15.3367123287671,3.80457534246575
"6653","FAG05",42.72333241,-0.88351628,1959,1066.17,15.3261095890411,3.61016438356164
"6654","FAG05",42.72333241,-0.88351628,1960,1119,14.9551639344262,2.98950819672131
"6655","FAG05",42.72333241,-0.88351628,1961,971.78,16.9595890410959,3.17794520547945
"6656","FAG05",42.72333241,-0.88351628,1962,775.42,16.0314794520548,2.70416438356164
"6657","FAG05",42.72333241,-0.88351628,1963,1006.23,14.8716438356164,1.76128767123288
"6658","FAG05",42.72333241,-0.88351628,1964,770.39,16.3554371584699,2.67210382513661
"6659","FAG05",42.72333241,-0.88351628,1965,954.09,15.2246301369863,2.67246575342466
"6660","FAG05",42.72333241,-0.88351628,1966,1083.09,15.5255342465753,3.90605479452055
"6661","FAG05",42.72333241,-0.88351628,1967,763.71,16.0258356164384,3.45265753424658
"6662","FAG05",42.72333241,-0.88351628,1968,896.31,15.5170218579235,4.03420765027322
"6663","FAG05",42.72333241,-0.88351628,1969,1003.74,14.3625479452055,3.93298630136986
"6664","FAG05",42.72333241,-0.88351628,1970,708.63,15.6673698630137,3.69306849315068
"6665","FAG05",42.72333241,-0.88351628,1971,979.92,14.8931506849315,3.54802739726027
"6666","FAG05",42.72333241,-0.88351628,1972,1064.69,14.1482513661202,2.87054644808743
"6667","FAG05",42.72333241,-0.88351628,1973,729.51,15.5893698630137,3.47572602739726
"6668","FAG05",42.72333241,-0.88351628,1974,890.59,14.8904383561644,3.21794520547945
"6669","FAG05",42.72333241,-0.88351628,1975,820.75,15.2967945205479,3.18
"6670","FAG05",42.72333241,-0.88351628,1976,891.85,15.4711475409836,2.8955737704918
"6671","FAG05",42.72333241,-0.88351628,1977,944.55,15.0887945205479,3.07695890410959
"6672","FAG05",42.72333241,-0.88351628,1978,910.58,15.3523561643836,2.22512328767123
"6673","FAG05",42.72333241,-0.88351628,1979,1090.9,14.7384109589041,3.80131506849315
"6674","FAG05",42.72333241,-0.88351628,1980,838.89,15.5000819672131,3.15775956284153
"6675","FAG05",42.72333241,-0.88351628,1981,858.68,16.419698630137,4.18117808219178
"6676","FAG05",42.72333241,-0.88351628,1982,959.59,15.9238356164384,4.73882191780822
"6677","FAG05",42.72333241,-0.88351628,1983,658.14,16.5186849315069,4.72860273972603
"6678","FAG05",42.72333241,-0.88351628,1984,972.33,14.8315846994536,3.73715846994536
"6679","FAG05",42.72333241,-0.88351628,1985,691.28,16.1242191780822,4.08493150684932
"6680","FAG05",42.72333241,-0.88351628,1986,820.52,15.4854246575342,4.45975342465753
"6681","FAG05",42.72333241,-0.88351628,1987,788.54,15.9154794520548,5.00197260273973
"6682","FAG05",42.72333241,-0.88351628,1988,880.7,15.8385519125683,4.90497267759563
"6683","FAG05",42.72333241,-0.88351628,1989,710.95,16.9062191780822,5.79613698630137
"6684","FAG05",42.72333241,-0.88351628,1990,802.14,16.7412328767123,5.23780821917808
"6685","FAG05",42.72333241,-0.88351628,1991,717.93,15.4019726027397,4.67635616438356
"6686","FAG05",42.72333241,-0.88351628,1992,937.53,15.3667759562842,4.62289617486339
"6687","FAG05",42.72333241,-0.88351628,1993,850.36,15.4603561643836,4.07547945205479
"6688","FAG05",42.72333241,-0.88351628,1994,822.03,16.7466301369863,5.35095890410959
"6689","FAG05",42.72333241,-0.88351628,1995,759.97,16.6537534246575,5.45627397260274
"6690","FAG05",42.72333241,-0.88351628,1996,994.24,14.9703278688525,5.23325136612022
"6691","FAG05",42.72333241,-0.88351628,1997,925.4,16.4023287671233,6.47150684931507
"6692","FAG05",42.72333241,-0.88351628,1998,817.15,15.4457534246575,5.46843835616438
"6693","FAG05",42.72333241,-0.88351628,1999,936.56,14.7770410958904,5.4893698630137
"6694","FAG05",42.72333241,-0.88351628,2000,1026.53,15.6805464480874,5.52756830601093
"6695","FAG05",42.72333241,-0.88351628,2001,762.17,15.5017260273973,5.56660273972603
"6696","FAG05",42.72333241,-0.88351628,2002,1292.24,14.9824657534247,6.15876712328767
"6697","FAG05",42.72333241,-0.88351628,2003,1062.24,15.6227945205479,6.56761643835616
"6698","FAG05",42.72333241,-0.88351628,2004,797.74,15.4191256830601,5.12773224043716
"6699","FAG05",42.72333241,-0.88351628,2005,926.34,14.6654794520548,5.23427397260274
"6700","FAG05",42.72333241,-0.88351628,2006,921.39,15.9969315068493,6.42471232876712
"6701","FAG05",42.72333241,-0.88351628,2007,1089.52,15.1862465753425,5.20843835616438
"6702","FAG05",42.72333241,-0.88351628,2008,1374.38,14.5250546448087,5.27685792349727
"6703","FAG05",42.72333241,-0.88351628,2009,1262.62,15.4505205479452,5.92084931506849
"6704","FAG05",42.72333241,-0.88351628,2010,1123.47,13.8932054794521,5.00279452054794
"6705","FAG05",42.72333241,-0.88351628,2011,1125.97,16.172301369863,6.62364383561644
"6706","FAG05",42.72333241,-0.88351628,2012,1161.4,15.6084426229508,5.8357650273224
"6707","FAG05",42.72333241,-0.88351628,2013,1595.64,14.3356438356164,5.5173698630137
"6708","FAG05",42.72333241,-0.88351628,2014,1507.13,15.5941095890411,6.50386301369863
"6709","FAG05",42.72333241,-0.88351628,2015,1268.19,16.1392602739726,6.36868493150685
"6710","FAG05",42.72333241,-0.88351628,2016,1157.19,15.3412568306011,5.98612021857924
"6711","FAG05",42.72333241,-0.88351628,2017,1205.67,16.0984383561644,5.95750684931507
"6712","FAG05",42.72333241,-0.88351628,2018,1493.14,15.1797808219178,6.28120547945205
"6713","FAG05",42.72333241,-0.88351628,2019,1384.2,15.9542191780822,5.86479452054795
"6714","FAG05",42.72333241,-0.88351628,2020,1162.74,16.3667759562842,6.40308743169399
"6715","FAG05",42.72333241,-0.88351628,2021,711.17,15.9304931506849,5.75698630136986
"6716","FAG05",42.72333241,-0.88351628,2022,520.79,18.1964657534247,7.15731506849315
